"Flask app is run in debug mode","Running a Flask app in debug mode may allow an attacker to run arbitrary code through the Werkzeug debugger.","error","A Flask app appears to be run in debug mode. This may allow an attacker to run arbitrary code through the debugger.","/syntactic_permutations_64/code_row_0.py","50","5","50","23"
"Flask app is run in debug mode","Running a Flask app in debug mode may allow an attacker to run arbitrary code through the Werkzeug debugger.","error","A Flask app appears to be run in debug mode. This may allow an attacker to run arbitrary code through the debugger.","/syntactic_permutations_138/code_row_0.py","13","5","13","23"
"Flask app is run in debug mode","Running a Flask app in debug mode may allow an attacker to run arbitrary code through the Werkzeug debugger.","error","A Flask app appears to be run in debug mode. This may allow an attacker to run arbitrary code through the debugger.","/syntactic_permutations_149/code_row_0.py","21","5","21","23"
"Flask app is run in debug mode","Running a Flask app in debug mode may allow an attacker to run arbitrary code through the Werkzeug debugger.","error","A Flask app appears to be run in debug mode. This may allow an attacker to run arbitrary code through the debugger.","/syntactic_permutations_34/code_row_0.py","32","5","32","23"
"Flask app is run in debug mode","Running a Flask app in debug mode may allow an attacker to run arbitrary code through the Werkzeug debugger.","error","A Flask app appears to be run in debug mode. This may allow an attacker to run arbitrary code through the debugger.","/syntactic_permutations_64/code_row_1.py","66","5","66","34"
"Flask app is run in debug mode","Running a Flask app in debug mode may allow an attacker to run arbitrary code through the Werkzeug debugger.","error","A Flask app appears to be run in debug mode. This may allow an attacker to run arbitrary code through the debugger.","/syntactic_permutations_138/code_row_1.py","39","5","39","23"
"Flask app is run in debug mode","Running a Flask app in debug mode may allow an attacker to run arbitrary code through the Werkzeug debugger.","error","A Flask app appears to be run in debug mode. This may allow an attacker to run arbitrary code through the debugger.","/syntactic_permutations_89/code_row_1.py","17","5","17","34"
"Flask app is run in debug mode","Running a Flask app in debug mode may allow an attacker to run arbitrary code through the Werkzeug debugger.","error","A Flask app appears to be run in debug mode. This may allow an attacker to run arbitrary code through the debugger.","/syntactic_permutations_42/code_row_1.py","8","5","8","32"
"Flask app is run in debug mode","Running a Flask app in debug mode may allow an attacker to run arbitrary code through the Werkzeug debugger.","error","A Flask app appears to be run in debug mode. This may allow an attacker to run arbitrary code through the debugger.","/syntactic_permutations_37/code_row_1.py","45","5","45","23"
"Flask app is run in debug mode","Running a Flask app in debug mode may allow an attacker to run arbitrary code through the Werkzeug debugger.","error","A Flask app appears to be run in debug mode. This may allow an attacker to run arbitrary code through the debugger.","/syntactic_permutations_38/code_row_1.py","22","5","22","23"
"Flask app is run in debug mode","Running a Flask app in debug mode may allow an attacker to run arbitrary code through the Werkzeug debugger.","error","A Flask app appears to be run in debug mode. This may allow an attacker to run arbitrary code through the debugger.","/syntactic_permutations_95/code_row_1.py","19","9","19","27"
"Flask app is run in debug mode","Running a Flask app in debug mode may allow an attacker to run arbitrary code through the Werkzeug debugger.","error","A Flask app appears to be run in debug mode. This may allow an attacker to run arbitrary code through the debugger.","/syntactic_permutations_58/code_row_1.py","55","5","55","23"
"Flask app is run in debug mode","Running a Flask app in debug mode may allow an attacker to run arbitrary code through the Werkzeug debugger.","error","A Flask app appears to be run in debug mode. This may allow an attacker to run arbitrary code through the debugger.","/syntactic_permutations_132/code_row_1.py","9","9","9","27"
"Flask app is run in debug mode","Running a Flask app in debug mode may allow an attacker to run arbitrary code through the Werkzeug debugger.","error","A Flask app appears to be run in debug mode. This may allow an attacker to run arbitrary code through the debugger.","/syntactic_permutations_38/code_row_10.py","51","5","51","23"
"Flask app is run in debug mode","Running a Flask app in debug mode may allow an attacker to run arbitrary code through the Werkzeug debugger.","error","A Flask app appears to be run in debug mode. This may allow an attacker to run arbitrary code through the debugger.","/syntactic_permutations_95/code_row_10.py","22","5","22","23"
"Flask app is run in debug mode","Running a Flask app in debug mode may allow an attacker to run arbitrary code through the Werkzeug debugger.","error","A Flask app appears to be run in debug mode. This may allow an attacker to run arbitrary code through the debugger.","/syntactic_permutations_35/code_row_10.py","26","5","26","23"
"Flask app is run in debug mode","Running a Flask app in debug mode may allow an attacker to run arbitrary code through the Werkzeug debugger.","error","A Flask app appears to be run in debug mode. This may allow an attacker to run arbitrary code through the debugger.","/syntactic_permutations_34/code_row_10.py","17","5","17","23"
"Flask app is run in debug mode","Running a Flask app in debug mode may allow an attacker to run arbitrary code through the Werkzeug debugger.","error","A Flask app appears to be run in debug mode. This may allow an attacker to run arbitrary code through the debugger.","/syntactic_permutations_37/code_row_10.py","31","3","31","32"
"Flask app is run in debug mode","Running a Flask app in debug mode may allow an attacker to run arbitrary code through the Werkzeug debugger.","error","A Flask app appears to be run in debug mode. This may allow an attacker to run arbitrary code through the debugger.","/syntactic_permutations_84/code_row_10.py","27","5","27","34"
"Flask app is run in debug mode","Running a Flask app in debug mode may allow an attacker to run arbitrary code through the Werkzeug debugger.","error","A Flask app appears to be run in debug mode. This may allow an attacker to run arbitrary code through the debugger.","/syntactic_permutations_91/code_row_10.py","53","5","53","23"
"Flask app is run in debug mode","Running a Flask app in debug mode may allow an attacker to run arbitrary code through the Werkzeug debugger.","error","A Flask app appears to be run in debug mode. This may allow an attacker to run arbitrary code through the debugger.","/syntactic_permutations_39/code_row_10.py","29","5","29","23"
"Flask app is run in debug mode","Running a Flask app in debug mode may allow an attacker to run arbitrary code through the Werkzeug debugger.","error","A Flask app appears to be run in debug mode. This may allow an attacker to run arbitrary code through the debugger.","/syntactic_permutations_47/code_row_11.py","10","5","10","23"
"Flask app is run in debug mode","Running a Flask app in debug mode may allow an attacker to run arbitrary code through the Werkzeug debugger.","error","A Flask app appears to be run in debug mode. This may allow an attacker to run arbitrary code through the debugger.","/syntactic_permutations_54/code_row_11.py","83","5","83","23"
"Flask app is run in debug mode","Running a Flask app in debug mode may allow an attacker to run arbitrary code through the Werkzeug debugger.","error","A Flask app appears to be run in debug mode. This may allow an attacker to run arbitrary code through the debugger.","/syntactic_permutations_97/code_row_11.py","44","3","44","21"
"Flask app is run in debug mode","Running a Flask app in debug mode may allow an attacker to run arbitrary code through the Werkzeug debugger.","error","A Flask app appears to be run in debug mode. This may allow an attacker to run arbitrary code through the debugger.","/syntactic_permutations_146/code_row_11.py","14","5","14","23"
"Flask app is run in debug mode","Running a Flask app in debug mode may allow an attacker to run arbitrary code through the Werkzeug debugger.","error","A Flask app appears to be run in debug mode. This may allow an attacker to run arbitrary code through the debugger.","/syntactic_permutations_113/code_row_11.py","24","5","24","23"
"Flask app is run in debug mode","Running a Flask app in debug mode may allow an attacker to run arbitrary code through the Werkzeug debugger.","error","A Flask app appears to be run in debug mode. This may allow an attacker to run arbitrary code through the debugger.","/syntactic_permutations_132/code_row_11.py","19","5","19","23"
"Flask app is run in debug mode","Running a Flask app in debug mode may allow an attacker to run arbitrary code through the Werkzeug debugger.","error","A Flask app appears to be run in debug mode. This may allow an attacker to run arbitrary code through the debugger.","/syntactic_permutations_57/code_row_11.py","111","5","111","23"
"Flask app is run in debug mode","Running a Flask app in debug mode may allow an attacker to run arbitrary code through the Werkzeug debugger.","error","A Flask app appears to be run in debug mode. This may allow an attacker to run arbitrary code through the debugger.","/syntactic_permutations_86/code_row_11.py","27","9","27","27"
"Flask app is run in debug mode","Running a Flask app in debug mode may allow an attacker to run arbitrary code through the Werkzeug debugger.","error","A Flask app appears to be run in debug mode. This may allow an attacker to run arbitrary code through the debugger.","/syntactic_permutations_149/code_row_11.py","19","5","19","23"
"Flask app is run in debug mode","Running a Flask app in debug mode may allow an attacker to run arbitrary code through the Werkzeug debugger.","error","A Flask app appears to be run in debug mode. This may allow an attacker to run arbitrary code through the debugger.","/syntactic_permutations_56/code_row_11.py","35","5","35","23"
"Flask app is run in debug mode","Running a Flask app in debug mode may allow an attacker to run arbitrary code through the Werkzeug debugger.","error","A Flask app appears to be run in debug mode. This may allow an attacker to run arbitrary code through the debugger.","/syntactic_permutations_138/code_row_11.py","53","5","53","23"
"Flask app is run in debug mode","Running a Flask app in debug mode may allow an attacker to run arbitrary code through the Werkzeug debugger.","error","A Flask app appears to be run in debug mode. This may allow an attacker to run arbitrary code through the debugger.","/syntactic_permutations_99/code_row_11.py","70","5","70","23"
"Flask app is run in debug mode","Running a Flask app in debug mode may allow an attacker to run arbitrary code through the Werkzeug debugger.","error","A Flask app appears to be run in debug mode. This may allow an attacker to run arbitrary code through the debugger.","/syntactic_permutations_72/code_row_11.py","40","5","40","23"
"Flask app is run in debug mode","Running a Flask app in debug mode may allow an attacker to run arbitrary code through the Werkzeug debugger.","error","A Flask app appears to be run in debug mode. This may allow an attacker to run arbitrary code through the debugger.","/syntactic_permutations_42/code_row_11.py","25","5","25","39"
"Flask app is run in debug mode","Running a Flask app in debug mode may allow an attacker to run arbitrary code through the Werkzeug debugger.","error","A Flask app appears to be run in debug mode. This may allow an attacker to run arbitrary code through the debugger.","/syntactic_permutations_36/code_row_11.py","30","4","30","22"
"Flask app is run in debug mode","Running a Flask app in debug mode may allow an attacker to run arbitrary code through the Werkzeug debugger.","error","A Flask app appears to be run in debug mode. This may allow an attacker to run arbitrary code through the debugger.","/syntactic_permutations_142/code_row_12.py","12","5","12","23"
"Flask app is run in debug mode","Running a Flask app in debug mode may allow an attacker to run arbitrary code through the Werkzeug debugger.","error","A Flask app appears to be run in debug mode. This may allow an attacker to run arbitrary code through the debugger.","/syntactic_permutations_66/code_row_12.py","57","9","57","27"
"Flask app is run in debug mode","Running a Flask app in debug mode may allow an attacker to run arbitrary code through the Werkzeug debugger.","error","A Flask app appears to be run in debug mode. This may allow an attacker to run arbitrary code through the debugger.","/syntactic_permutations_57/code_row_12.py","66","5","66","23"
"Flask app is run in debug mode","Running a Flask app in debug mode may allow an attacker to run arbitrary code through the Werkzeug debugger.","error","A Flask app appears to be run in debug mode. This may allow an attacker to run arbitrary code through the debugger.","/syntactic_permutations_92/code_row_12.py","21","4","21","22"
"Flask app is run in debug mode","Running a Flask app in debug mode may allow an attacker to run arbitrary code through the Werkzeug debugger.","error","A Flask app appears to be run in debug mode. This may allow an attacker to run arbitrary code through the debugger.","/syntactic_permutations_39/code_row_12.py","23","5","23","23"
"Flask app is run in debug mode","Running a Flask app in debug mode may allow an attacker to run arbitrary code through the Werkzeug debugger.","error","A Flask app appears to be run in debug mode. This may allow an attacker to run arbitrary code through the debugger.","/syntactic_permutations_71/code_row_12.py","31","5","31","23"
"Flask app is run in debug mode","Running a Flask app in debug mode may allow an attacker to run arbitrary code through the Werkzeug debugger.","error","A Flask app appears to be run in debug mode. This may allow an attacker to run arbitrary code through the debugger.","/syntactic_permutations_90/code_row_12.py","27","5","27","34"
"Flask app is run in debug mode","Running a Flask app in debug mode may allow an attacker to run arbitrary code through the Werkzeug debugger.","error","A Flask app appears to be run in debug mode. This may allow an attacker to run arbitrary code through the debugger.","/syntactic_permutations_57/code_row_13.py","44","5","44","23"
"Flask app is run in debug mode","Running a Flask app in debug mode may allow an attacker to run arbitrary code through the Werkzeug debugger.","error","A Flask app appears to be run in debug mode. This may allow an attacker to run arbitrary code through the debugger.","/syntactic_permutations_39/code_row_13.py","17","5","17","25"
"Flask app is run in debug mode","Running a Flask app in debug mode may allow an attacker to run arbitrary code through the Werkzeug debugger.","error","A Flask app appears to be run in debug mode. This may allow an attacker to run arbitrary code through the debugger.","/syntactic_permutations_112/code_row_13.py","21","4","21","35"
"Flask app is run in debug mode","Running a Flask app in debug mode may allow an attacker to run arbitrary code through the Werkzeug debugger.","error","A Flask app appears to be run in debug mode. This may allow an attacker to run arbitrary code through the debugger.","/syntactic_permutations_97/code_row_13.py","89","5","89","23"
"Flask app is run in debug mode","Running a Flask app in debug mode may allow an attacker to run arbitrary code through the Werkzeug debugger.","error","A Flask app appears to be run in debug mode. This may allow an attacker to run arbitrary code through the debugger.","/syntactic_permutations_98/code_row_13.py","45","5","45","23"
"Flask app is run in debug mode","Running a Flask app in debug mode may allow an attacker to run arbitrary code through the Werkzeug debugger.","error","A Flask app appears to be run in debug mode. This may allow an attacker to run arbitrary code through the debugger.","/syntactic_permutations_34/code_row_13.py","28","5","28","23"
"Flask app is run in debug mode","Running a Flask app in debug mode may allow an attacker to run arbitrary code through the Werkzeug debugger.","error","A Flask app appears to be run in debug mode. This may allow an attacker to run arbitrary code through the debugger.","/syntactic_permutations_134/code_row_14.py","15","5","15","23"
"Flask app is run in debug mode","Running a Flask app in debug mode may allow an attacker to run arbitrary code through the Werkzeug debugger.","error","A Flask app appears to be run in debug mode. This may allow an attacker to run arbitrary code through the debugger.","/syntactic_permutations_34/code_row_14.py","43","5","43","23"
"Flask app is run in debug mode","Running a Flask app in debug mode may allow an attacker to run arbitrary code through the Werkzeug debugger.","error","A Flask app appears to be run in debug mode. This may allow an attacker to run arbitrary code through the debugger.","/syntactic_permutations_46/code_row_14.py","8","3","8","21"
"Flask app is run in debug mode","Running a Flask app in debug mode may allow an attacker to run arbitrary code through the Werkzeug debugger.","error","A Flask app appears to be run in debug mode. This may allow an attacker to run arbitrary code through the debugger.","/syntactic_permutations_41/code_row_14.py","23","5","23","23"
"Flask app is run in debug mode","Running a Flask app in debug mode may allow an attacker to run arbitrary code through the Werkzeug debugger.","error","A Flask app appears to be run in debug mode. This may allow an attacker to run arbitrary code through the debugger.","/syntactic_permutations_89/code_row_14.py","8","5","8","34"
"Flask app is run in debug mode","Running a Flask app in debug mode may allow an attacker to run arbitrary code through the Werkzeug debugger.","error","A Flask app appears to be run in debug mode. This may allow an attacker to run arbitrary code through the debugger.","/syntactic_permutations_85/code_row_14.py","51","5","51","23"
"Flask app is run in debug mode","Running a Flask app in debug mode may allow an attacker to run arbitrary code through the Werkzeug debugger.","error","A Flask app appears to be run in debug mode. This may allow an attacker to run arbitrary code through the debugger.","/syntactic_permutations_95/code_row_14.py","44","5","44","23"
"Flask app is run in debug mode","Running a Flask app in debug mode may allow an attacker to run arbitrary code through the Werkzeug debugger.","error","A Flask app appears to be run in debug mode. This may allow an attacker to run arbitrary code through the debugger.","/syntactic_permutations_111/code_row_14.py","11","5","11","23"
"Flask app is run in debug mode","Running a Flask app in debug mode may allow an attacker to run arbitrary code through the Werkzeug debugger.","error","A Flask app appears to be run in debug mode. This may allow an attacker to run arbitrary code through the debugger.","/syntactic_permutations_35/code_row_14.py","22","5","22","23"
"Flask app is run in debug mode","Running a Flask app in debug mode may allow an attacker to run arbitrary code through the Werkzeug debugger.","error","A Flask app appears to be run in debug mode. This may allow an attacker to run arbitrary code through the debugger.","/syntactic_permutations_65/code_row_14.py","24","5","24","23"
"Flask app is run in debug mode","Running a Flask app in debug mode may allow an attacker to run arbitrary code through the Werkzeug debugger.","error","A Flask app appears to be run in debug mode. This may allow an attacker to run arbitrary code through the debugger.","/syntactic_permutations_46/code_row_15.py","13","5","13","23"
"Flask app is run in debug mode","Running a Flask app in debug mode may allow an attacker to run arbitrary code through the Werkzeug debugger.","error","A Flask app appears to be run in debug mode. This may allow an attacker to run arbitrary code through the debugger.","/syntactic_permutations_42/code_row_15.py","11","3","11","46"
"Flask app is run in debug mode","Running a Flask app in debug mode may allow an attacker to run arbitrary code through the Werkzeug debugger.","error","A Flask app appears to be run in debug mode. This may allow an attacker to run arbitrary code through the debugger.","/syntactic_permutations_147/code_row_15.py","53","5","53","23"
"Flask app is run in debug mode","Running a Flask app in debug mode may allow an attacker to run arbitrary code through the Werkzeug debugger.","error","A Flask app appears to be run in debug mode. This may allow an attacker to run arbitrary code through the debugger.","/syntactic_permutations_64/code_row_15.py","21","5","21","23"
"Flask app is run in debug mode","Running a Flask app in debug mode may allow an attacker to run arbitrary code through the Werkzeug debugger.","error","A Flask app appears to be run in debug mode. This may allow an attacker to run arbitrary code through the debugger.","/syntactic_permutations_34/code_row_15.py","34","5","34","41"
"Flask app is run in debug mode","Running a Flask app in debug mode may allow an attacker to run arbitrary code through the Werkzeug debugger.","error","A Flask app appears to be run in debug mode. This may allow an attacker to run arbitrary code through the debugger.","/syntactic_permutations_87/code_row_15.py","14","5","14","23"
"Flask app is run in debug mode","Running a Flask app in debug mode may allow an attacker to run arbitrary code through the Werkzeug debugger.","error","A Flask app appears to be run in debug mode. This may allow an attacker to run arbitrary code through the debugger.","/syntactic_permutations_138/code_row_15.py","26","5","26","34"
"Flask app is run in debug mode","Running a Flask app in debug mode may allow an attacker to run arbitrary code through the Werkzeug debugger.","error","A Flask app appears to be run in debug mode. This may allow an attacker to run arbitrary code through the debugger.","/syntactic_permutations_89/code_row_15.py","15","5","15","34"
"Flask app is run in debug mode","Running a Flask app in debug mode may allow an attacker to run arbitrary code through the Werkzeug debugger.","error","A Flask app appears to be run in debug mode. This may allow an attacker to run arbitrary code through the debugger.","/syntactic_permutations_66/code_row_15.py","47","5","47","23"
"Flask app is run in debug mode","Running a Flask app in debug mode may allow an attacker to run arbitrary code through the Werkzeug debugger.","error","A Flask app appears to be run in debug mode. This may allow an attacker to run arbitrary code through the debugger.","/syntactic_permutations_47/code_row_15.py","14","5","14","23"
"Flask app is run in debug mode","Running a Flask app in debug mode may allow an attacker to run arbitrary code through the Werkzeug debugger.","error","A Flask app appears to be run in debug mode. This may allow an attacker to run arbitrary code through the debugger.","/syntactic_permutations_38/code_row_16.py","23","5","23","23"
"Flask app is run in debug mode","Running a Flask app in debug mode may allow an attacker to run arbitrary code through the Werkzeug debugger.","error","A Flask app appears to be run in debug mode. This may allow an attacker to run arbitrary code through the debugger.","/syntactic_permutations_34/code_row_16.py","46","5","46","23"
"Flask app is run in debug mode","Running a Flask app in debug mode may allow an attacker to run arbitrary code through the Werkzeug debugger.","error","A Flask app appears to be run in debug mode. This may allow an attacker to run arbitrary code through the debugger.","/syntactic_permutations_56/code_row_16.py","102","5","102","23"
"Flask app is run in debug mode","Running a Flask app in debug mode may allow an attacker to run arbitrary code through the Werkzeug debugger.","error","A Flask app appears to be run in debug mode. This may allow an attacker to run arbitrary code through the debugger.","/syntactic_permutations_41/code_row_16.py","15","3","15","21"
"Flask app is run in debug mode","Running a Flask app in debug mode may allow an attacker to run arbitrary code through the Werkzeug debugger.","error","A Flask app appears to be run in debug mode. This may allow an attacker to run arbitrary code through the debugger.","/syntactic_permutations_52/code_row_16.py","29","5","29","23"
"Flask app is run in debug mode","Running a Flask app in debug mode may allow an attacker to run arbitrary code through the Werkzeug debugger.","error","A Flask app appears to be run in debug mode. This may allow an attacker to run arbitrary code through the debugger.","/syntactic_permutations_54/code_row_16.py","22","5","22","23"
"Flask app is run in debug mode","Running a Flask app in debug mode may allow an attacker to run arbitrary code through the Werkzeug debugger.","error","A Flask app appears to be run in debug mode. This may allow an attacker to run arbitrary code through the debugger.","/syntactic_permutations_147/code_row_16.py","25","9","25","27"
"Flask app is run in debug mode","Running a Flask app in debug mode may allow an attacker to run arbitrary code through the Werkzeug debugger.","error","A Flask app appears to be run in debug mode. This may allow an attacker to run arbitrary code through the debugger.","/syntactic_permutations_40/code_row_16.py","29","5","29","23"
"Flask app is run in debug mode","Running a Flask app in debug mode may allow an attacker to run arbitrary code through the Werkzeug debugger.","error","A Flask app appears to be run in debug mode. This may allow an attacker to run arbitrary code through the debugger.","/syntactic_permutations_48/code_row_17.py","8","1","8","19"
"Flask app is run in debug mode","Running a Flask app in debug mode may allow an attacker to run arbitrary code through the Werkzeug debugger.","error","A Flask app appears to be run in debug mode. This may allow an attacker to run arbitrary code through the debugger.","/syntactic_permutations_143/code_row_17.py","75","5","75","23"
"Flask app is run in debug mode","Running a Flask app in debug mode may allow an attacker to run arbitrary code through the Werkzeug debugger.","error","A Flask app appears to be run in debug mode. This may allow an attacker to run arbitrary code through the debugger.","/syntactic_permutations_54/code_row_17.py","113","5","113","23"
"Flask app is run in debug mode","Running a Flask app in debug mode may allow an attacker to run arbitrary code through the Werkzeug debugger.","error","A Flask app appears to be run in debug mode. This may allow an attacker to run arbitrary code through the debugger.","/syntactic_permutations_134/code_row_17.py","9","5","9","23"
"Flask app is run in debug mode","Running a Flask app in debug mode may allow an attacker to run arbitrary code through the Werkzeug debugger.","error","A Flask app appears to be run in debug mode. This may allow an attacker to run arbitrary code through the debugger.","/syntactic_permutations_34/code_row_17.py","10","5","10","23"
"Flask app is run in debug mode","Running a Flask app in debug mode may allow an attacker to run arbitrary code through the Werkzeug debugger.","error","A Flask app appears to be run in debug mode. This may allow an attacker to run arbitrary code through the debugger.","/syntactic_permutations_64/code_row_17.py","30","5","30","23"
"Flask app is run in debug mode","Running a Flask app in debug mode may allow an attacker to run arbitrary code through the Werkzeug debugger.","error","A Flask app appears to be run in debug mode. This may allow an attacker to run arbitrary code through the debugger.","/syntactic_permutations_56/code_row_17.py","147","5","147","23"
"Flask app is run in debug mode","Running a Flask app in debug mode may allow an attacker to run arbitrary code through the Werkzeug debugger.","error","A Flask app appears to be run in debug mode. This may allow an attacker to run arbitrary code through the debugger.","/syntactic_permutations_37/code_row_17.py","43","9","43","27"
"Flask app is run in debug mode","Running a Flask app in debug mode may allow an attacker to run arbitrary code through the Werkzeug debugger.","error","A Flask app appears to be run in debug mode. This may allow an attacker to run arbitrary code through the debugger.","/syntactic_permutations_113/code_row_17.py","16","5","16","23"
"Flask app is run in debug mode","Running a Flask app in debug mode may allow an attacker to run arbitrary code through the Werkzeug debugger.","error","A Flask app appears to be run in debug mode. This may allow an attacker to run arbitrary code through the debugger.","/syntactic_permutations_146/code_row_17.py","31","3","31","21"
"Flask app is run in debug mode","Running a Flask app in debug mode may allow an attacker to run arbitrary code through the Werkzeug debugger.","error","A Flask app appears to be run in debug mode. This may allow an attacker to run arbitrary code through the debugger.","/syntactic_permutations_148/code_row_17.py","34","5","34","23"
"Flask app is run in debug mode","Running a Flask app in debug mode may allow an attacker to run arbitrary code through the Werkzeug debugger.","error","A Flask app appears to be run in debug mode. This may allow an attacker to run arbitrary code through the debugger.","/syntactic_permutations_86/code_row_17.py","57","5","57","23"
"Flask app is run in debug mode","Running a Flask app in debug mode may allow an attacker to run arbitrary code through the Werkzeug debugger.","error","A Flask app appears to be run in debug mode. This may allow an attacker to run arbitrary code through the debugger.","/syntactic_permutations_91/code_row_17.py","45","3","45","21"
"Flask app is run in debug mode","Running a Flask app in debug mode may allow an attacker to run arbitrary code through the Werkzeug debugger.","error","A Flask app appears to be run in debug mode. This may allow an attacker to run arbitrary code through the debugger.","/syntactic_permutations_34/code_row_18.py","35","9","35","43"
"Flask app is run in debug mode","Running a Flask app in debug mode may allow an attacker to run arbitrary code through the Werkzeug debugger.","error","A Flask app appears to be run in debug mode. This may allow an attacker to run arbitrary code through the debugger.","/syntactic_permutations_97/code_row_18.py","53","5","53","23"
"Flask app is run in debug mode","Running a Flask app in debug mode may allow an attacker to run arbitrary code through the Werkzeug debugger.","error","A Flask app appears to be run in debug mode. This may allow an attacker to run arbitrary code through the debugger.","/syntactic_permutations_147/code_row_18.py","49","5","49","23"
"Flask app is run in debug mode","Running a Flask app in debug mode may allow an attacker to run arbitrary code through the Werkzeug debugger.","error","A Flask app appears to be run in debug mode. This may allow an attacker to run arbitrary code through the debugger.","/syntactic_permutations_40/code_row_18.py","7","5","7","23"
"Flask app is run in debug mode","Running a Flask app in debug mode may allow an attacker to run arbitrary code through the Werkzeug debugger.","error","A Flask app appears to be run in debug mode. This may allow an attacker to run arbitrary code through the debugger.","/syntactic_permutations_38/code_row_18.py","28","5","28","23"
"Flask app is run in debug mode","Running a Flask app in debug mode may allow an attacker to run arbitrary code through the Werkzeug debugger.","error","A Flask app appears to be run in debug mode. This may allow an attacker to run arbitrary code through the debugger.","/syntactic_permutations_33/code_row_18.py","14","9","14","27"
"Flask app is run in debug mode","Running a Flask app in debug mode may allow an attacker to run arbitrary code through the Werkzeug debugger.","error","A Flask app appears to be run in debug mode. This may allow an attacker to run arbitrary code through the debugger.","/syntactic_permutations_89/code_row_18.py","35","5","35","34"
"Flask app is run in debug mode","Running a Flask app in debug mode may allow an attacker to run arbitrary code through the Werkzeug debugger.","error","A Flask app appears to be run in debug mode. This may allow an attacker to run arbitrary code through the debugger.","/syntactic_permutations_55/code_row_19.py","25","5","25","32"
"Flask app is run in debug mode","Running a Flask app in debug mode may allow an attacker to run arbitrary code through the Werkzeug debugger.","error","A Flask app appears to be run in debug mode. This may allow an attacker to run arbitrary code through the debugger.","/syntactic_permutations_41/code_row_19.py","16","5","16","34"
"Flask app is run in debug mode","Running a Flask app in debug mode may allow an attacker to run arbitrary code through the Werkzeug debugger.","error","A Flask app appears to be run in debug mode. This may allow an attacker to run arbitrary code through the debugger.","/syntactic_permutations_37/code_row_19.py","52","5","52","23"
"Flask app is run in debug mode","Running a Flask app in debug mode may allow an attacker to run arbitrary code through the Werkzeug debugger.","error","A Flask app appears to be run in debug mode. This may allow an attacker to run arbitrary code through the debugger.","/syntactic_permutations_56/code_row_19.py","111","5","111","23"
"Flask app is run in debug mode","Running a Flask app in debug mode may allow an attacker to run arbitrary code through the Werkzeug debugger.","error","A Flask app appears to be run in debug mode. This may allow an attacker to run arbitrary code through the debugger.","/syntactic_permutations_86/code_row_19.py","33","5","33","23"
"Flask app is run in debug mode","Running a Flask app in debug mode may allow an attacker to run arbitrary code through the Werkzeug debugger.","error","A Flask app appears to be run in debug mode. This may allow an attacker to run arbitrary code through the debugger.","/syntactic_permutations_34/code_row_19.py","42","9","42","27"
"Flask app is run in debug mode","Running a Flask app in debug mode may allow an attacker to run arbitrary code through the Werkzeug debugger.","error","A Flask app appears to be run in debug mode. This may allow an attacker to run arbitrary code through the debugger.","/syntactic_permutations_133/code_row_19.py","13","5","13","23"
"Flask app is run in debug mode","Running a Flask app in debug mode may allow an attacker to run arbitrary code through the Werkzeug debugger.","error","A Flask app appears to be run in debug mode. This may allow an attacker to run arbitrary code through the debugger.","/syntactic_permutations_42/code_row_2.py","13","5","13","23"
"Flask app is run in debug mode","Running a Flask app in debug mode may allow an attacker to run arbitrary code through the Werkzeug debugger.","error","A Flask app appears to be run in debug mode. This may allow an attacker to run arbitrary code through the debugger.","/syntactic_permutations_147/code_row_2.py","55","5","55","23"
"Flask app is run in debug mode","Running a Flask app in debug mode may allow an attacker to run arbitrary code through the Werkzeug debugger.","error","A Flask app appears to be run in debug mode. This may allow an attacker to run arbitrary code through the debugger.","/syntactic_permutations_38/code_row_2.py","25","5","25","23"
"Flask app is run in debug mode","Running a Flask app in debug mode may allow an attacker to run arbitrary code through the Werkzeug debugger.","error","A Flask app appears to be run in debug mode. This may allow an attacker to run arbitrary code through the debugger.","/syntactic_permutations_89/code_row_2.py","25","5","25","50"
"Flask app is run in debug mode","Running a Flask app in debug mode may allow an attacker to run arbitrary code through the Werkzeug debugger.","error","A Flask app appears to be run in debug mode. This may allow an attacker to run arbitrary code through the debugger.","/syntactic_permutations_64/code_row_2.py","33","5","33","23"
"Flask app is run in debug mode","Running a Flask app in debug mode may allow an attacker to run arbitrary code through the Werkzeug debugger.","error","A Flask app appears to be run in debug mode. This may allow an attacker to run arbitrary code through the debugger.","/syntactic_permutations_91/code_row_20.py","32","5","32","43"
"Flask app is run in debug mode","Running a Flask app in debug mode may allow an attacker to run arbitrary code through the Werkzeug debugger.","error","A Flask app appears to be run in debug mode. This may allow an attacker to run arbitrary code through the debugger.","/syntactic_permutations_88/code_row_20.py","16","5","16","23"
"Flask app is run in debug mode","Running a Flask app in debug mode may allow an attacker to run arbitrary code through the Werkzeug debugger.","error","A Flask app appears to be run in debug mode. This may allow an attacker to run arbitrary code through the debugger.","/syntactic_permutations_138/code_row_20.py","41","5","41","23"
"Flask app is run in debug mode","Running a Flask app in debug mode may allow an attacker to run arbitrary code through the Werkzeug debugger.","error","A Flask app appears to be run in debug mode. This may allow an attacker to run arbitrary code through the debugger.","/syntactic_permutations_40/code_row_20.py","51","5","51","23"
"Flask app is run in debug mode","Running a Flask app in debug mode may allow an attacker to run arbitrary code through the Werkzeug debugger.","error","A Flask app appears to be run in debug mode. This may allow an attacker to run arbitrary code through the debugger.","/syntactic_permutations_89/code_row_20.py","33","5","33","34"
"Flask app is run in debug mode","Running a Flask app in debug mode may allow an attacker to run arbitrary code through the Werkzeug debugger.","error","A Flask app appears to be run in debug mode. This may allow an attacker to run arbitrary code through the debugger.","/syntactic_permutations_65/code_row_20.py","19","9","19","27"
"Flask app is run in debug mode","Running a Flask app in debug mode may allow an attacker to run arbitrary code through the Werkzeug debugger.","error","A Flask app appears to be run in debug mode. This may allow an attacker to run arbitrary code through the debugger.","/syntactic_permutations_56/code_row_20.py","34","5","34","23"
"Flask app is run in debug mode","Running a Flask app in debug mode may allow an attacker to run arbitrary code through the Werkzeug debugger.","error","A Flask app appears to be run in debug mode. This may allow an attacker to run arbitrary code through the debugger.","/syntactic_permutations_134/code_row_21.py","14","5","14","23"
"Flask app is run in debug mode","Running a Flask app in debug mode may allow an attacker to run arbitrary code through the Werkzeug debugger.","error","A Flask app appears to be run in debug mode. This may allow an attacker to run arbitrary code through the debugger.","/syntactic_permutations_138/code_row_21.py","51","5","51","23"
"Flask app is run in debug mode","Running a Flask app in debug mode may allow an attacker to run arbitrary code through the Werkzeug debugger.","error","A Flask app appears to be run in debug mode. This may allow an attacker to run arbitrary code through the debugger.","/syntactic_permutations_82/code_row_21.py","17","5","17","34"
"Flask app is run in debug mode","Running a Flask app in debug mode may allow an attacker to run arbitrary code through the Werkzeug debugger.","error","A Flask app appears to be run in debug mode. This may allow an attacker to run arbitrary code through the debugger.","/syntactic_permutations_58/code_row_21.py","151","5","151","23"
"Flask app is run in debug mode","Running a Flask app in debug mode may allow an attacker to run arbitrary code through the Werkzeug debugger.","error","A Flask app appears to be run in debug mode. This may allow an attacker to run arbitrary code through the debugger.","/syntactic_permutations_34/code_row_21.py","27","5","27","23"
"Flask app is run in debug mode","Running a Flask app in debug mode may allow an attacker to run arbitrary code through the Werkzeug debugger.","error","A Flask app appears to be run in debug mode. This may allow an attacker to run arbitrary code through the debugger.","/syntactic_permutations_132/code_row_21.py","13","5","13","23"
"Flask app is run in debug mode","Running a Flask app in debug mode may allow an attacker to run arbitrary code through the Werkzeug debugger.","error","A Flask app appears to be run in debug mode. This may allow an attacker to run arbitrary code through the debugger.","/syntactic_permutations_57/code_row_21.py","67","5","67","23"
"Flask app is run in debug mode","Running a Flask app in debug mode may allow an attacker to run arbitrary code through the Werkzeug debugger.","error","A Flask app appears to be run in debug mode. This may allow an attacker to run arbitrary code through the debugger.","/syntactic_permutations_147/code_row_21.py","19","3","19","21"
"Flask app is run in debug mode","Running a Flask app in debug mode may allow an attacker to run arbitrary code through the Werkzeug debugger.","error","A Flask app appears to be run in debug mode. This may allow an attacker to run arbitrary code through the debugger.","/syntactic_permutations_96/code_row_21.py","67","5","67","23"
"Flask app is run in debug mode","Running a Flask app in debug mode may allow an attacker to run arbitrary code through the Werkzeug debugger.","error","A Flask app appears to be run in debug mode. This may allow an attacker to run arbitrary code through the debugger.","/syntactic_permutations_56/code_row_21.py","35","5","35","23"
"Flask app is run in debug mode","Running a Flask app in debug mode may allow an attacker to run arbitrary code through the Werkzeug debugger.","error","A Flask app appears to be run in debug mode. This may allow an attacker to run arbitrary code through the debugger.","/syntactic_permutations_141/code_row_21.py","49","5","49","23"
"Flask app is run in debug mode","Running a Flask app in debug mode may allow an attacker to run arbitrary code through the Werkzeug debugger.","error","A Flask app appears to be run in debug mode. This may allow an attacker to run arbitrary code through the debugger.","/syntactic_permutations_82/code_row_22.py","18","5","18","23"
"Flask app is run in debug mode","Running a Flask app in debug mode may allow an attacker to run arbitrary code through the Werkzeug debugger.","error","A Flask app appears to be run in debug mode. This may allow an attacker to run arbitrary code through the debugger.","/syntactic_permutations_90/code_row_22.py","30","5","30","34"
"Flask app is run in debug mode","Running a Flask app in debug mode may allow an attacker to run arbitrary code through the Werkzeug debugger.","error","A Flask app appears to be run in debug mode. This may allow an attacker to run arbitrary code through the debugger.","/syntactic_permutations_147/code_row_22.py","45","5","45","34"
"Flask app is run in debug mode","Running a Flask app in debug mode may allow an attacker to run arbitrary code through the Werkzeug debugger.","error","A Flask app appears to be run in debug mode. This may allow an attacker to run arbitrary code through the debugger.","/syntactic_permutations_86/code_row_22.py","26","5","26","23"
"Flask app is run in debug mode","Running a Flask app in debug mode may allow an attacker to run arbitrary code through the Werkzeug debugger.","error","A Flask app appears to be run in debug mode. This may allow an attacker to run arbitrary code through the debugger.","/syntactic_permutations_54/code_row_22.py","67","5","67","23"
"Flask app is run in debug mode","Running a Flask app in debug mode may allow an attacker to run arbitrary code through the Werkzeug debugger.","error","A Flask app appears to be run in debug mode. This may allow an attacker to run arbitrary code through the debugger.","/syntactic_permutations_64/code_row_22.py","47","5","47","23"
"Flask app is run in debug mode","Running a Flask app in debug mode may allow an attacker to run arbitrary code through the Werkzeug debugger.","error","A Flask app appears to be run in debug mode. This may allow an attacker to run arbitrary code through the debugger.","/syntactic_permutations_135/code_row_22.py","16","5","16","25"
"Flask app is run in debug mode","Running a Flask app in debug mode may allow an attacker to run arbitrary code through the Werkzeug debugger.","error","A Flask app appears to be run in debug mode. This may allow an attacker to run arbitrary code through the debugger.","/syntactic_permutations_36/code_row_22.py","27","9","27","27"
"Flask app is run in debug mode","Running a Flask app in debug mode may allow an attacker to run arbitrary code through the Werkzeug debugger.","error","A Flask app appears to be run in debug mode. This may allow an attacker to run arbitrary code through the debugger.","/syntactic_permutations_42/code_row_22.py","23","5","23","25"
"Flask app is run in debug mode","Running a Flask app in debug mode may allow an attacker to run arbitrary code through the Werkzeug debugger.","error","A Flask app appears to be run in debug mode. This may allow an attacker to run arbitrary code through the debugger.","/syntactic_permutations_37/code_row_22.py","53","9","53","27"
"Flask app is run in debug mode","Running a Flask app in debug mode may allow an attacker to run arbitrary code through the Werkzeug debugger.","error","A Flask app appears to be run in debug mode. This may allow an attacker to run arbitrary code through the debugger.","/syntactic_permutations_138/code_row_23.py","8","5","8","23"
"Flask app is run in debug mode","Running a Flask app in debug mode may allow an attacker to run arbitrary code through the Werkzeug debugger.","error","A Flask app appears to be run in debug mode. This may allow an attacker to run arbitrary code through the debugger.","/syntactic_permutations_147/code_row_23.py","53","5","53","34"
"Flask app is run in debug mode","Running a Flask app in debug mode may allow an attacker to run arbitrary code through the Werkzeug debugger.","error","A Flask app appears to be run in debug mode. This may allow an attacker to run arbitrary code through the debugger.","/syntactic_permutations_42/code_row_23.py","23","5","23","23"
"Flask app is run in debug mode","Running a Flask app in debug mode may allow an attacker to run arbitrary code through the Werkzeug debugger.","error","A Flask app appears to be run in debug mode. This may allow an attacker to run arbitrary code through the debugger.","/syntactic_permutations_97/code_row_23.py","111","5","111","23"
"Flask app is run in debug mode","Running a Flask app in debug mode may allow an attacker to run arbitrary code through the Werkzeug debugger.","error","A Flask app appears to be run in debug mode. This may allow an attacker to run arbitrary code through the debugger.","/syntactic_permutations_91/code_row_23.py","133","5","133","23"
"Flask app is run in debug mode","Running a Flask app in debug mode may allow an attacker to run arbitrary code through the Werkzeug debugger.","error","A Flask app appears to be run in debug mode. This may allow an attacker to run arbitrary code through the debugger.","/syntactic_permutations_113/code_row_23.py","24","5","24","34"
"Flask app is run in debug mode","Running a Flask app in debug mode may allow an attacker to run arbitrary code through the Werkzeug debugger.","error","A Flask app appears to be run in debug mode. This may allow an attacker to run arbitrary code through the debugger.","/syntactic_permutations_57/code_row_24.py","85","5","85","23"
"Flask app is run in debug mode","Running a Flask app in debug mode may allow an attacker to run arbitrary code through the Werkzeug debugger.","error","A Flask app appears to be run in debug mode. This may allow an attacker to run arbitrary code through the debugger.","/syntactic_permutations_111/code_row_24.py","10","5","10","23"
"Flask app is run in debug mode","Running a Flask app in debug mode may allow an attacker to run arbitrary code through the Werkzeug debugger.","error","A Flask app appears to be run in debug mode. This may allow an attacker to run arbitrary code through the debugger.","/syntactic_permutations_149/code_row_24.py","51","1","51","19"
"Flask app is run in debug mode","Running a Flask app in debug mode may allow an attacker to run arbitrary code through the Werkzeug debugger.","error","A Flask app appears to be run in debug mode. This may allow an attacker to run arbitrary code through the debugger.","/syntactic_permutations_37/code_row_24.py","31","3","31","32"
"Flask app is run in debug mode","Running a Flask app in debug mode may allow an attacker to run arbitrary code through the Werkzeug debugger.","error","A Flask app appears to be run in debug mode. This may allow an attacker to run arbitrary code through the debugger.","/syntactic_permutations_42/code_row_24.py","7","5","7","23"
"Flask app is run in debug mode","Running a Flask app in debug mode may allow an attacker to run arbitrary code through the Werkzeug debugger.","error","A Flask app appears to be run in debug mode. This may allow an attacker to run arbitrary code through the debugger.","/syntactic_permutations_148/code_row_24.py","51","3","51","21"
"Flask app is run in debug mode","Running a Flask app in debug mode may allow an attacker to run arbitrary code through the Werkzeug debugger.","error","A Flask app appears to be run in debug mode. This may allow an attacker to run arbitrary code through the debugger.","/syntactic_permutations_30/code_row_24.py","12","5","12","23"
"Flask app is run in debug mode","Running a Flask app in debug mode may allow an attacker to run arbitrary code through the Werkzeug debugger.","error","A Flask app appears to be run in debug mode. This may allow an attacker to run arbitrary code through the debugger.","/syntactic_permutations_85/code_row_24.py","36","5","36","23"
"Flask app is run in debug mode","Running a Flask app in debug mode may allow an attacker to run arbitrary code through the Werkzeug debugger.","error","A Flask app appears to be run in debug mode. This may allow an attacker to run arbitrary code through the debugger.","/syntactic_permutations_54/code_row_24.py","49","3","49","21"
"Flask app is run in debug mode","Running a Flask app in debug mode may allow an attacker to run arbitrary code through the Werkzeug debugger.","error","A Flask app appears to be run in debug mode. This may allow an attacker to run arbitrary code through the debugger.","/syntactic_permutations_91/code_row_24.py","63","5","63","23"
"Flask app is run in debug mode","Running a Flask app in debug mode may allow an attacker to run arbitrary code through the Werkzeug debugger.","error","A Flask app appears to be run in debug mode. This may allow an attacker to run arbitrary code through the debugger.","/syntactic_permutations_35/code_row_24.py","17","5","17","23"
"Flask app is run in debug mode","Running a Flask app in debug mode may allow an attacker to run arbitrary code through the Werkzeug debugger.","error","A Flask app appears to be run in debug mode. This may allow an attacker to run arbitrary code through the debugger.","/syntactic_permutations_141/code_row_24.py","35","5","35","23"
"Flask app is run in debug mode","Running a Flask app in debug mode may allow an attacker to run arbitrary code through the Werkzeug debugger.","error","A Flask app appears to be run in debug mode. This may allow an attacker to run arbitrary code through the debugger.","/syntactic_permutations_40/code_row_24.py","12","5","12","23"
"Flask app is run in debug mode","Running a Flask app in debug mode may allow an attacker to run arbitrary code through the Werkzeug debugger.","error","A Flask app appears to be run in debug mode. This may allow an attacker to run arbitrary code through the debugger.","/syntactic_permutations_86/code_row_24.py","71","5","71","23"
"Flask app is run in debug mode","Running a Flask app in debug mode may allow an attacker to run arbitrary code through the Werkzeug debugger.","error","A Flask app appears to be run in debug mode. This may allow an attacker to run arbitrary code through the debugger.","/syntactic_permutations_65/code_row_24.py","43","5","43","23"
"Flask app is run in debug mode","Running a Flask app in debug mode may allow an attacker to run arbitrary code through the Werkzeug debugger.","error","A Flask app appears to be run in debug mode. This may allow an attacker to run arbitrary code through the debugger.","/syntactic_permutations_38/code_row_24.py","28","5","28","23"
"Flask app is run in debug mode","Running a Flask app in debug mode may allow an attacker to run arbitrary code through the Werkzeug debugger.","error","A Flask app appears to be run in debug mode. This may allow an attacker to run arbitrary code through the debugger.","/syntactic_permutations_37/code_row_25.py","35","5","35","23"
"Flask app is run in debug mode","Running a Flask app in debug mode may allow an attacker to run arbitrary code through the Werkzeug debugger.","error","A Flask app appears to be run in debug mode. This may allow an attacker to run arbitrary code through the debugger.","/syntactic_permutations_54/code_row_25.py","33","5","33","25"
"Flask app is run in debug mode","Running a Flask app in debug mode may allow an attacker to run arbitrary code through the Werkzeug debugger.","error","A Flask app appears to be run in debug mode. This may allow an attacker to run arbitrary code through the debugger.","/syntactic_permutations_147/code_row_25.py","55","4","55","22"
"Flask app is run in debug mode","Running a Flask app in debug mode may allow an attacker to run arbitrary code through the Werkzeug debugger.","error","A Flask app appears to be run in debug mode. This may allow an attacker to run arbitrary code through the debugger.","/syntactic_permutations_35/code_row_25.py","19","5","19","23"
"Flask app is run in debug mode","Running a Flask app in debug mode may allow an attacker to run arbitrary code through the Werkzeug debugger.","error","A Flask app appears to be run in debug mode. This may allow an attacker to run arbitrary code through the debugger.","/syntactic_permutations_87/code_row_25.py","16","5","16","33"
"Flask app is run in debug mode","Running a Flask app in debug mode may allow an attacker to run arbitrary code through the Werkzeug debugger.","error","A Flask app appears to be run in debug mode. This may allow an attacker to run arbitrary code through the debugger.","/syntactic_permutations_113/code_row_25.py","25","5","25","23"
"Flask app is run in debug mode","Running a Flask app in debug mode may allow an attacker to run arbitrary code through the Werkzeug debugger.","error","A Flask app appears to be run in debug mode. This may allow an attacker to run arbitrary code through the debugger.","/syntactic_permutations_147/code_row_26.py","18","5","18","23"
"Flask app is run in debug mode","Running a Flask app in debug mode may allow an attacker to run arbitrary code through the Werkzeug debugger.","error","A Flask app appears to be run in debug mode. This may allow an attacker to run arbitrary code through the debugger.","/syntactic_permutations_34/code_row_26.py","27","5","27","23"
"Flask app is run in debug mode","Running a Flask app in debug mode may allow an attacker to run arbitrary code through the Werkzeug debugger.","error","A Flask app appears to be run in debug mode. This may allow an attacker to run arbitrary code through the debugger.","/syntactic_permutations_65/code_row_26.py","18","5","18","23"
"Flask app is run in debug mode","Running a Flask app in debug mode may allow an attacker to run arbitrary code through the Werkzeug debugger.","error","A Flask app appears to be run in debug mode. This may allow an attacker to run arbitrary code through the debugger.","/syntactic_permutations_42/code_row_26.py","11","4","11","22"
"Flask app is run in debug mode","Running a Flask app in debug mode may allow an attacker to run arbitrary code through the Werkzeug debugger.","error","A Flask app appears to be run in debug mode. This may allow an attacker to run arbitrary code through the debugger.","/syntactic_permutations_34/code_row_27.py","74","5","74","23"
"Flask app is run in debug mode","Running a Flask app in debug mode may allow an attacker to run arbitrary code through the Werkzeug debugger.","error","A Flask app appears to be run in debug mode. This may allow an attacker to run arbitrary code through the debugger.","/syntactic_permutations_86/code_row_27.py","27","9","27","27"
"Flask app is run in debug mode","Running a Flask app in debug mode may allow an attacker to run arbitrary code through the Werkzeug debugger.","error","A Flask app appears to be run in debug mode. This may allow an attacker to run arbitrary code through the debugger.","/syntactic_permutations_134/code_row_27.py","7","5","7","23"
"Flask app is run in debug mode","Running a Flask app in debug mode may allow an attacker to run arbitrary code through the Werkzeug debugger.","error","A Flask app appears to be run in debug mode. This may allow an attacker to run arbitrary code through the debugger.","/syntactic_permutations_143/code_row_27.py","28","5","28","23"
"Flask app is run in debug mode","Running a Flask app in debug mode may allow an attacker to run arbitrary code through the Werkzeug debugger.","error","A Flask app appears to be run in debug mode. This may allow an attacker to run arbitrary code through the debugger.","/syntactic_permutations_38/code_row_27.py","35","5","35","23"
"Flask app is run in debug mode","Running a Flask app in debug mode may allow an attacker to run arbitrary code through the Werkzeug debugger.","error","A Flask app appears to be run in debug mode. This may allow an attacker to run arbitrary code through the debugger.","/syntactic_permutations_56/code_row_27.py","115","5","115","23"
"Flask app is run in debug mode","Running a Flask app in debug mode may allow an attacker to run arbitrary code through the Werkzeug debugger.","error","A Flask app appears to be run in debug mode. This may allow an attacker to run arbitrary code through the debugger.","/syntactic_permutations_57/code_row_27.py","40","5","40","23"
"Flask app is run in debug mode","Running a Flask app in debug mode may allow an attacker to run arbitrary code through the Werkzeug debugger.","error","A Flask app appears to be run in debug mode. This may allow an attacker to run arbitrary code through the debugger.","/syntactic_permutations_40/code_row_27.py","13","5","13","23"
"Flask app is run in debug mode","Running a Flask app in debug mode may allow an attacker to run arbitrary code through the Werkzeug debugger.","error","A Flask app appears to be run in debug mode. This may allow an attacker to run arbitrary code through the debugger.","/syntactic_permutations_127/code_row_27.py","21","9","21","54"
"Flask app is run in debug mode","Running a Flask app in debug mode may allow an attacker to run arbitrary code through the Werkzeug debugger.","error","A Flask app appears to be run in debug mode. This may allow an attacker to run arbitrary code through the debugger.","/syntactic_permutations_91/code_row_27.py","141","5","141","23"
"Flask app is run in debug mode","Running a Flask app in debug mode may allow an attacker to run arbitrary code through the Werkzeug debugger.","error","A Flask app appears to be run in debug mode. This may allow an attacker to run arbitrary code through the debugger.","/syntactic_permutations_138/code_row_27.py","19","5","19","23"
"Flask app is run in debug mode","Running a Flask app in debug mode may allow an attacker to run arbitrary code through the Werkzeug debugger.","error","A Flask app appears to be run in debug mode. This may allow an attacker to run arbitrary code through the debugger.","/syntactic_permutations_58/code_row_27.py","93","3","93","21"
"Flask app is run in debug mode","Running a Flask app in debug mode may allow an attacker to run arbitrary code through the Werkzeug debugger.","error","A Flask app appears to be run in debug mode. This may allow an attacker to run arbitrary code through the debugger.","/syntactic_permutations_133/code_row_28.py","13","5","13","23"
"Flask app is run in debug mode","Running a Flask app in debug mode may allow an attacker to run arbitrary code through the Werkzeug debugger.","error","A Flask app appears to be run in debug mode. This may allow an attacker to run arbitrary code through the debugger.","/syntactic_permutations_87/code_row_28.py","20","9","20","27"
"Flask app is run in debug mode","Running a Flask app in debug mode may allow an attacker to run arbitrary code through the Werkzeug debugger.","error","A Flask app appears to be run in debug mode. This may allow an attacker to run arbitrary code through the debugger.","/syntactic_permutations_57/code_row_28.py","20","5","20","23"
"Flask app is run in debug mode","Running a Flask app in debug mode may allow an attacker to run arbitrary code through the Werkzeug debugger.","error","A Flask app appears to be run in debug mode. This may allow an attacker to run arbitrary code through the debugger.","/syntactic_permutations_38/code_row_28.py","31","9","31","27"
"Flask app is run in debug mode","Running a Flask app in debug mode may allow an attacker to run arbitrary code through the Werkzeug debugger.","error","A Flask app appears to be run in debug mode. This may allow an attacker to run arbitrary code through the debugger.","/syntactic_permutations_35/code_row_28.py","26","5","26","23"
"Flask app is run in debug mode","Running a Flask app in debug mode may allow an attacker to run arbitrary code through the Werkzeug debugger.","error","A Flask app appears to be run in debug mode. This may allow an attacker to run arbitrary code through the debugger.","/syntactic_permutations_42/code_row_28.py","17","5","17","23"
"Flask app is run in debug mode","Running a Flask app in debug mode may allow an attacker to run arbitrary code through the Werkzeug debugger.","error","A Flask app appears to be run in debug mode. This may allow an attacker to run arbitrary code through the debugger.","/syntactic_permutations_87/code_row_29.py","21","5","21","23"
"Flask app is run in debug mode","Running a Flask app in debug mode may allow an attacker to run arbitrary code through the Werkzeug debugger.","error","A Flask app appears to be run in debug mode. This may allow an attacker to run arbitrary code through the debugger.","/syntactic_permutations_39/code_row_29.py","30","5","30","34"
"Flask app is run in debug mode","Running a Flask app in debug mode may allow an attacker to run arbitrary code through the Werkzeug debugger.","error","A Flask app appears to be run in debug mode. This may allow an attacker to run arbitrary code through the debugger.","/syntactic_permutations_34/code_row_29.py","21","5","21","23"
"Flask app is run in debug mode","Running a Flask app in debug mode may allow an attacker to run arbitrary code through the Werkzeug debugger.","error","A Flask app appears to be run in debug mode. This may allow an attacker to run arbitrary code through the debugger.","/syntactic_permutations_135/code_row_29.py","43","5","43","23"
"Flask app is run in debug mode","Running a Flask app in debug mode may allow an attacker to run arbitrary code through the Werkzeug debugger.","error","A Flask app appears to be run in debug mode. This may allow an attacker to run arbitrary code through the debugger.","/syntactic_permutations_38/code_row_29.py","42","5","42","23"
"Flask app is run in debug mode","Running a Flask app in debug mode may allow an attacker to run arbitrary code through the Werkzeug debugger.","error","A Flask app appears to be run in debug mode. This may allow an attacker to run arbitrary code through the debugger.","/syntactic_permutations_132/code_row_29.py","13","5","13","23"
"Flask app is run in debug mode","Running a Flask app in debug mode may allow an attacker to run arbitrary code through the Werkzeug debugger.","error","A Flask app appears to be run in debug mode. This may allow an attacker to run arbitrary code through the debugger.","/syntactic_permutations_65/code_row_29.py","42","5","42","23"
"Flask app is run in debug mode","Running a Flask app in debug mode may allow an attacker to run arbitrary code through the Werkzeug debugger.","error","A Flask app appears to be run in debug mode. This may allow an attacker to run arbitrary code through the debugger.","/syntactic_permutations_57/code_row_29.py","112","5","112","23"
"Flask app is run in debug mode","Running a Flask app in debug mode may allow an attacker to run arbitrary code through the Werkzeug debugger.","error","A Flask app appears to be run in debug mode. This may allow an attacker to run arbitrary code through the debugger.","/syntactic_permutations_71/code_row_3.py","49","5","49","23"
"Flask app is run in debug mode","Running a Flask app in debug mode may allow an attacker to run arbitrary code through the Werkzeug debugger.","error","A Flask app appears to be run in debug mode. This may allow an attacker to run arbitrary code through the debugger.","/syntactic_permutations_135/code_row_3.py","51","5","51","23"
"Flask app is run in debug mode","Running a Flask app in debug mode may allow an attacker to run arbitrary code through the Werkzeug debugger.","error","A Flask app appears to be run in debug mode. This may allow an attacker to run arbitrary code through the debugger.","/syntactic_permutations_83/code_row_3.py","25","1","25","30"
"Flask app is run in debug mode","Running a Flask app in debug mode may allow an attacker to run arbitrary code through the Werkzeug debugger.","error","A Flask app appears to be run in debug mode. This may allow an attacker to run arbitrary code through the debugger.","/syntactic_permutations_42/code_row_3.py","17","5","17","23"
"Flask app is run in debug mode","Running a Flask app in debug mode may allow an attacker to run arbitrary code through the Werkzeug debugger.","error","A Flask app appears to be run in debug mode. This may allow an attacker to run arbitrary code through the debugger.","/syntactic_permutations_56/code_row_3.py","71","5","71","23"
"Flask app is run in debug mode","Running a Flask app in debug mode may allow an attacker to run arbitrary code through the Werkzeug debugger.","error","A Flask app appears to be run in debug mode. This may allow an attacker to run arbitrary code through the debugger.","/syntactic_permutations_149/code_row_3.py","91","5","91","23"
"Flask app is run in debug mode","Running a Flask app in debug mode may allow an attacker to run arbitrary code through the Werkzeug debugger.","error","A Flask app appears to be run in debug mode. This may allow an attacker to run arbitrary code through the debugger.","/syntactic_permutations_85/code_row_3.py","15","5","15","23"
"Flask app is run in debug mode","Running a Flask app in debug mode may allow an attacker to run arbitrary code through the Werkzeug debugger.","error","A Flask app appears to be run in debug mode. This may allow an attacker to run arbitrary code through the debugger.","/syntactic_permutations_97/code_row_3.py","41","9","41","27"
"Flask app is run in debug mode","Running a Flask app in debug mode may allow an attacker to run arbitrary code through the Werkzeug debugger.","error","A Flask app appears to be run in debug mode. This may allow an attacker to run arbitrary code through the debugger.","/syntactic_permutations_98/code_row_3.py","54","5","54","23"
"Flask app is run in debug mode","Running a Flask app in debug mode may allow an attacker to run arbitrary code through the Werkzeug debugger.","error","A Flask app appears to be run in debug mode. This may allow an attacker to run arbitrary code through the debugger.","/syntactic_permutations_86/code_row_30.py","22","5","22","34"
"Flask app is run in debug mode","Running a Flask app in debug mode may allow an attacker to run arbitrary code through the Werkzeug debugger.","error","A Flask app appears to be run in debug mode. This may allow an attacker to run arbitrary code through the debugger.","/syntactic_permutations_42/code_row_30.py","7","5","7","23"
"Flask app is run in debug mode","Running a Flask app in debug mode may allow an attacker to run arbitrary code through the Werkzeug debugger.","error","A Flask app appears to be run in debug mode. This may allow an attacker to run arbitrary code through the debugger.","/syntactic_permutations_97/code_row_30.py","69","5","69","23"
"Flask app is run in debug mode","Running a Flask app in debug mode may allow an attacker to run arbitrary code through the Werkzeug debugger.","error","A Flask app appears to be run in debug mode. This may allow an attacker to run arbitrary code through the debugger.","/syntactic_permutations_34/code_row_30.py","35","9","35","27"
"Flask app is run in debug mode","Running a Flask app in debug mode may allow an attacker to run arbitrary code through the Werkzeug debugger.","error","A Flask app appears to be run in debug mode. This may allow an attacker to run arbitrary code through the debugger.","/syntactic_permutations_52/code_row_30.py","24","5","24","34"
"Flask app is run in debug mode","Running a Flask app in debug mode may allow an attacker to run arbitrary code through the Werkzeug debugger.","error","A Flask app appears to be run in debug mode. This may allow an attacker to run arbitrary code through the debugger.","/syntactic_permutations_57/code_row_30.py","109","5","109","23"
"Flask app is run in debug mode","Running a Flask app in debug mode may allow an attacker to run arbitrary code through the Werkzeug debugger.","error","A Flask app appears to be run in debug mode. This may allow an attacker to run arbitrary code through the debugger.","/syntactic_permutations_38/code_row_30.py","23","9","23","27"
"Flask app is run in debug mode","Running a Flask app in debug mode may allow an attacker to run arbitrary code through the Werkzeug debugger.","error","A Flask app appears to be run in debug mode. This may allow an attacker to run arbitrary code through the debugger.","/syntactic_permutations_133/code_row_30.py","13","5","13","23"
"Flask app is run in debug mode","Running a Flask app in debug mode may allow an attacker to run arbitrary code through the Werkzeug debugger.","error","A Flask app appears to be run in debug mode. This may allow an attacker to run arbitrary code through the debugger.","/syntactic_permutations_34/code_row_31.py","29","5","29","23"
"Flask app is run in debug mode","Running a Flask app in debug mode may allow an attacker to run arbitrary code through the Werkzeug debugger.","error","A Flask app appears to be run in debug mode. This may allow an attacker to run arbitrary code through the debugger.","/syntactic_permutations_95/code_row_31.py","39","5","39","23"
"Flask app is run in debug mode","Running a Flask app in debug mode may allow an attacker to run arbitrary code through the Werkzeug debugger.","error","A Flask app appears to be run in debug mode. This may allow an attacker to run arbitrary code through the debugger.","/syntactic_permutations_52/code_row_31.py","26","9","26","27"
"Flask app is run in debug mode","Running a Flask app in debug mode may allow an attacker to run arbitrary code through the Werkzeug debugger.","error","A Flask app appears to be run in debug mode. This may allow an attacker to run arbitrary code through the debugger.","/syntactic_permutations_87/code_row_31.py","29","5","29","23"
"Flask app is run in debug mode","Running a Flask app in debug mode may allow an attacker to run arbitrary code through the Werkzeug debugger.","error","A Flask app appears to be run in debug mode. This may allow an attacker to run arbitrary code through the debugger.","/syntactic_permutations_56/code_row_31.py","194","5","194","23"
"Flask app is run in debug mode","Running a Flask app in debug mode may allow an attacker to run arbitrary code through the Werkzeug debugger.","error","A Flask app appears to be run in debug mode. This may allow an attacker to run arbitrary code through the debugger.","/syntactic_permutations_97/code_row_31.py","31","9","31","27"
"Flask app is run in debug mode","Running a Flask app in debug mode may allow an attacker to run arbitrary code through the Werkzeug debugger.","error","A Flask app appears to be run in debug mode. This may allow an attacker to run arbitrary code through the debugger.","/syntactic_permutations_34/code_row_32.py","26","5","26","48"
"Flask app is run in debug mode","Running a Flask app in debug mode may allow an attacker to run arbitrary code through the Werkzeug debugger.","error","A Flask app appears to be run in debug mode. This may allow an attacker to run arbitrary code through the debugger.","/syntactic_permutations_58/code_row_32.py","51","5","51","23"
"Flask app is run in debug mode","Running a Flask app in debug mode may allow an attacker to run arbitrary code through the Werkzeug debugger.","error","A Flask app appears to be run in debug mode. This may allow an attacker to run arbitrary code through the debugger.","/syntactic_permutations_84/code_row_32.py","21","3","21","32"
"Flask app is run in debug mode","Running a Flask app in debug mode may allow an attacker to run arbitrary code through the Werkzeug debugger.","error","A Flask app appears to be run in debug mode. This may allow an attacker to run arbitrary code through the debugger.","/syntactic_permutations_40/code_row_32.py","12","3","12","21"
"Flask app is run in debug mode","Running a Flask app in debug mode may allow an attacker to run arbitrary code through the Werkzeug debugger.","error","A Flask app appears to be run in debug mode. This may allow an attacker to run arbitrary code through the debugger.","/syntactic_permutations_38/code_row_32.py","33","5","33","23"
"Flask app is run in debug mode","Running a Flask app in debug mode may allow an attacker to run arbitrary code through the Werkzeug debugger.","error","A Flask app appears to be run in debug mode. This may allow an attacker to run arbitrary code through the debugger.","/syntactic_permutations_40/code_row_33.py","13","5","13","23"
"Flask app is run in debug mode","Running a Flask app in debug mode may allow an attacker to run arbitrary code through the Werkzeug debugger.","error","A Flask app appears to be run in debug mode. This may allow an attacker to run arbitrary code through the debugger.","/syntactic_permutations_57/code_row_33.py","55","5","55","23"
"Flask app is run in debug mode","Running a Flask app in debug mode may allow an attacker to run arbitrary code through the Werkzeug debugger.","error","A Flask app appears to be run in debug mode. This may allow an attacker to run arbitrary code through the debugger.","/syntactic_permutations_133/code_row_33.py","9","9","9","27"
"Flask app is run in debug mode","Running a Flask app in debug mode may allow an attacker to run arbitrary code through the Werkzeug debugger.","error","A Flask app appears to be run in debug mode. This may allow an attacker to run arbitrary code through the debugger.","/syntactic_permutations_56/code_row_33.py","76","5","76","23"
"Flask app is run in debug mode","Running a Flask app in debug mode may allow an attacker to run arbitrary code through the Werkzeug debugger.","error","A Flask app appears to be run in debug mode. This may allow an attacker to run arbitrary code through the debugger.","/syntactic_permutations_52/code_row_33.py","22","5","22","23"
"Flask app is run in debug mode","Running a Flask app in debug mode may allow an attacker to run arbitrary code through the Werkzeug debugger.","error","A Flask app appears to be run in debug mode. This may allow an attacker to run arbitrary code through the debugger.","/syntactic_permutations_86/code_row_34.py","43","5","43","34"
"Flask app is run in debug mode","Running a Flask app in debug mode may allow an attacker to run arbitrary code through the Werkzeug debugger.","error","A Flask app appears to be run in debug mode. This may allow an attacker to run arbitrary code through the debugger.","/syntactic_permutations_52/code_row_34.py","40","9","40","27"
"Flask app is run in debug mode","Running a Flask app in debug mode may allow an attacker to run arbitrary code through the Werkzeug debugger.","error","A Flask app appears to be run in debug mode. This may allow an attacker to run arbitrary code through the debugger.","/syntactic_permutations_35/code_row_34.py","30","5","30","23"
"Flask app is run in debug mode","Running a Flask app in debug mode may allow an attacker to run arbitrary code through the Werkzeug debugger.","error","A Flask app appears to be run in debug mode. This may allow an attacker to run arbitrary code through the debugger.","/syntactic_permutations_42/code_row_34.py","12","1","12","19"
"Flask app is run in debug mode","Running a Flask app in debug mode may allow an attacker to run arbitrary code through the Werkzeug debugger.","error","A Flask app appears to be run in debug mode. This may allow an attacker to run arbitrary code through the debugger.","/syntactic_permutations_40/code_row_35.py","16","9","16","27"
"Flask app is run in debug mode","Running a Flask app in debug mode may allow an attacker to run arbitrary code through the Werkzeug debugger.","error","A Flask app appears to be run in debug mode. This may allow an attacker to run arbitrary code through the debugger.","/syntactic_permutations_84/code_row_35.py","25","5","25","34"
"Flask app is run in debug mode","Running a Flask app in debug mode may allow an attacker to run arbitrary code through the Werkzeug debugger.","error","A Flask app appears to be run in debug mode. This may allow an attacker to run arbitrary code through the debugger.","/syntactic_permutations_97/code_row_36.py","55","5","55","23"
"Flask app is run in debug mode","Running a Flask app in debug mode may allow an attacker to run arbitrary code through the Werkzeug debugger.","error","A Flask app appears to be run in debug mode. This may allow an attacker to run arbitrary code through the debugger.","/syntactic_permutations_56/code_row_36.py","52","5","52","23"
"Flask app is run in debug mode","Running a Flask app in debug mode may allow an attacker to run arbitrary code through the Werkzeug debugger.","error","A Flask app appears to be run in debug mode. This may allow an attacker to run arbitrary code through the debugger.","/syntactic_permutations_34/code_row_36.py","18","5","18","23"
"Flask app is run in debug mode","Running a Flask app in debug mode may allow an attacker to run arbitrary code through the Werkzeug debugger.","error","A Flask app appears to be run in debug mode. This may allow an attacker to run arbitrary code through the debugger.","/syntactic_permutations_40/code_row_37.py","10","5","10","23"
"Flask app is run in debug mode","Running a Flask app in debug mode may allow an attacker to run arbitrary code through the Werkzeug debugger.","error","A Flask app appears to be run in debug mode. This may allow an attacker to run arbitrary code through the debugger.","/syntactic_permutations_58/code_row_37.py","135","5","135","23"
"Flask app is run in debug mode","Running a Flask app in debug mode may allow an attacker to run arbitrary code through the Werkzeug debugger.","error","A Flask app appears to be run in debug mode. This may allow an attacker to run arbitrary code through the debugger.","/syntactic_permutations_42/code_row_37.py","22","5","22","23"
"Flask app is run in debug mode","Running a Flask app in debug mode may allow an attacker to run arbitrary code through the Werkzeug debugger.","error","A Flask app appears to be run in debug mode. This may allow an attacker to run arbitrary code through the debugger.","/syntactic_permutations_86/code_row_37.py","54","5","54","23"
"Flask app is run in debug mode","Running a Flask app in debug mode may allow an attacker to run arbitrary code through the Werkzeug debugger.","error","A Flask app appears to be run in debug mode. This may allow an attacker to run arbitrary code through the debugger.","/syntactic_permutations_86/code_row_38.py","59","5","59","23"
"Flask app is run in debug mode","Running a Flask app in debug mode may allow an attacker to run arbitrary code through the Werkzeug debugger.","error","A Flask app appears to be run in debug mode. This may allow an attacker to run arbitrary code through the debugger.","/syntactic_permutations_57/code_row_38.py","129","5","129","23"
"Flask app is run in debug mode","Running a Flask app in debug mode may allow an attacker to run arbitrary code through the Werkzeug debugger.","error","A Flask app appears to be run in debug mode. This may allow an attacker to run arbitrary code through the debugger.","/syntactic_permutations_42/code_row_38.py","93","5","93","23"
"Flask app is run in debug mode","Running a Flask app in debug mode may allow an attacker to run arbitrary code through the Werkzeug debugger.","error","A Flask app appears to be run in debug mode. This may allow an attacker to run arbitrary code through the debugger.","/syntactic_permutations_40/code_row_38.py","29","5","29","34"
"Flask app is run in debug mode","Running a Flask app in debug mode may allow an attacker to run arbitrary code through the Werkzeug debugger.","error","A Flask app appears to be run in debug mode. This may allow an attacker to run arbitrary code through the debugger.","/syntactic_permutations_56/code_row_39.py","97","5","97","23"
"Flask app is run in debug mode","Running a Flask app in debug mode may allow an attacker to run arbitrary code through the Werkzeug debugger.","error","A Flask app appears to be run in debug mode. This may allow an attacker to run arbitrary code through the debugger.","/syntactic_permutations_35/code_row_39.py","20","5","20","23"
"Flask app is run in debug mode","Running a Flask app in debug mode may allow an attacker to run arbitrary code through the Werkzeug debugger.","error","A Flask app appears to be run in debug mode. This may allow an attacker to run arbitrary code through the debugger.","/syntactic_permutations_98/code_row_4.py","15","5","15","23"
"Flask app is run in debug mode","Running a Flask app in debug mode may allow an attacker to run arbitrary code through the Werkzeug debugger.","error","A Flask app appears to be run in debug mode. This may allow an attacker to run arbitrary code through the debugger.","/syntactic_permutations_65/code_row_4.py","20","5","20","23"
"Flask app is run in debug mode","Running a Flask app in debug mode may allow an attacker to run arbitrary code through the Werkzeug debugger.","error","A Flask app appears to be run in debug mode. This may allow an attacker to run arbitrary code through the debugger.","/syntactic_permutations_33/code_row_4.py","7","5","7","23"
"Flask app is run in debug mode","Running a Flask app in debug mode may allow an attacker to run arbitrary code through the Werkzeug debugger.","error","A Flask app appears to be run in debug mode. This may allow an attacker to run arbitrary code through the debugger.","/syntactic_permutations_97/code_row_4.py","42","5","42","23"
"Flask app is run in debug mode","Running a Flask app in debug mode may allow an attacker to run arbitrary code through the Werkzeug debugger.","error","A Flask app appears to be run in debug mode. This may allow an attacker to run arbitrary code through the debugger.","/syntactic_permutations_92/code_row_4.py","43","5","43","23"
"Flask app is run in debug mode","Running a Flask app in debug mode may allow an attacker to run arbitrary code through the Werkzeug debugger.","error","A Flask app appears to be run in debug mode. This may allow an attacker to run arbitrary code through the debugger.","/syntactic_permutations_52/code_row_4.py","33","10","33","28"
"Flask app is run in debug mode","Running a Flask app in debug mode may allow an attacker to run arbitrary code through the Werkzeug debugger.","error","A Flask app appears to be run in debug mode. This may allow an attacker to run arbitrary code through the debugger.","/syntactic_permutations_89/code_row_4.py","17","5","17","34"
"Flask app is run in debug mode","Running a Flask app in debug mode may allow an attacker to run arbitrary code through the Werkzeug debugger.","error","A Flask app appears to be run in debug mode. This may allow an attacker to run arbitrary code through the debugger.","/syntactic_permutations_113/code_row_4.py","33","5","33","43"
"Flask app is run in debug mode","Running a Flask app in debug mode may allow an attacker to run arbitrary code through the Werkzeug debugger.","error","A Flask app appears to be run in debug mode. This may allow an attacker to run arbitrary code through the debugger.","/syntactic_permutations_150/code_row_40.py","33","5","33","23"
"Flask app is run in debug mode","Running a Flask app in debug mode may allow an attacker to run arbitrary code through the Werkzeug debugger.","error","A Flask app appears to be run in debug mode. This may allow an attacker to run arbitrary code through the debugger.","/syntactic_permutations_34/code_row_40.py","28","5","28","23"
"Flask app is run in debug mode","Running a Flask app in debug mode may allow an attacker to run arbitrary code through the Werkzeug debugger.","error","A Flask app appears to be run in debug mode. This may allow an attacker to run arbitrary code through the debugger.","/syntactic_permutations_40/code_row_41.py","7","5","7","23"
"Flask app is run in debug mode","Running a Flask app in debug mode may allow an attacker to run arbitrary code through the Werkzeug debugger.","error","A Flask app appears to be run in debug mode. This may allow an attacker to run arbitrary code through the debugger.","/syntactic_permutations_35/code_row_41.py","24","5","24","23"
"Flask app is run in debug mode","Running a Flask app in debug mode may allow an attacker to run arbitrary code through the Werkzeug debugger.","error","A Flask app appears to be run in debug mode. This may allow an attacker to run arbitrary code through the debugger.","/syntactic_permutations_57/code_row_41.py","58","5","58","23"
"Flask app is run in debug mode","Running a Flask app in debug mode may allow an attacker to run arbitrary code through the Werkzeug debugger.","error","A Flask app appears to be run in debug mode. This may allow an attacker to run arbitrary code through the debugger.","/syntactic_permutations_57/code_row_42.py","75","4","75","24"
"Flask app is run in debug mode","Running a Flask app in debug mode may allow an attacker to run arbitrary code through the Werkzeug debugger.","error","A Flask app appears to be run in debug mode. This may allow an attacker to run arbitrary code through the debugger.","/syntactic_permutations_35/code_row_42.py","28","5","28","23"
"Flask app is run in debug mode","Running a Flask app in debug mode may allow an attacker to run arbitrary code through the Werkzeug debugger.","error","A Flask app appears to be run in debug mode. This may allow an attacker to run arbitrary code through the debugger.","/syntactic_permutations_36/code_row_42.py","32","5","32","23"
"Flask app is run in debug mode","Running a Flask app in debug mode may allow an attacker to run arbitrary code through the Werkzeug debugger.","error","A Flask app appears to be run in debug mode. This may allow an attacker to run arbitrary code through the debugger.","/syntactic_permutations_34/code_row_42.py","37","9","37","27"
"Flask app is run in debug mode","Running a Flask app in debug mode may allow an attacker to run arbitrary code through the Werkzeug debugger.","error","A Flask app appears to be run in debug mode. This may allow an attacker to run arbitrary code through the debugger.","/syntactic_permutations_56/code_row_42.py","57","5","57","23"
"Flask app is run in debug mode","Running a Flask app in debug mode may allow an attacker to run arbitrary code through the Werkzeug debugger.","error","A Flask app appears to be run in debug mode. This may allow an attacker to run arbitrary code through the debugger.","/syntactic_permutations_56/code_row_43.py","171","5","171","23"
"Flask app is run in debug mode","Running a Flask app in debug mode may allow an attacker to run arbitrary code through the Werkzeug debugger.","error","A Flask app appears to be run in debug mode. This may allow an attacker to run arbitrary code through the debugger.","/syntactic_permutations_35/code_row_43.py","29","5","29","34"
"Flask app is run in debug mode","Running a Flask app in debug mode may allow an attacker to run arbitrary code through the Werkzeug debugger.","error","A Flask app appears to be run in debug mode. This may allow an attacker to run arbitrary code through the debugger.","/syntactic_permutations_42/code_row_43.py","19","5","19","34"
"Flask app is run in debug mode","Running a Flask app in debug mode may allow an attacker to run arbitrary code through the Werkzeug debugger.","error","A Flask app appears to be run in debug mode. This may allow an attacker to run arbitrary code through the debugger.","/syntactic_permutations_57/code_row_43.py","92","5","92","23"
"Flask app is run in debug mode","Running a Flask app in debug mode may allow an attacker to run arbitrary code through the Werkzeug debugger.","error","A Flask app appears to be run in debug mode. This may allow an attacker to run arbitrary code through the debugger.","/syntactic_permutations_40/code_row_44.py","21","5","21","23"
"Flask app is run in debug mode","Running a Flask app in debug mode may allow an attacker to run arbitrary code through the Werkzeug debugger.","error","A Flask app appears to be run in debug mode. This may allow an attacker to run arbitrary code through the debugger.","/syntactic_permutations_35/code_row_44.py","44","5","44","23"
"Flask app is run in debug mode","Running a Flask app in debug mode may allow an attacker to run arbitrary code through the Werkzeug debugger.","error","A Flask app appears to be run in debug mode. This may allow an attacker to run arbitrary code through the debugger.","/syntactic_permutations_34/code_row_44.py","31","5","31","23"
"Flask app is run in debug mode","Running a Flask app in debug mode may allow an attacker to run arbitrary code through the Werkzeug debugger.","error","A Flask app appears to be run in debug mode. This may allow an attacker to run arbitrary code through the debugger.","/syntactic_permutations_34/code_row_45.py","13","5","13","63"
"Flask app is run in debug mode","Running a Flask app in debug mode may allow an attacker to run arbitrary code through the Werkzeug debugger.","error","A Flask app appears to be run in debug mode. This may allow an attacker to run arbitrary code through the debugger.","/syntactic_permutations_57/code_row_46.py","71","5","71","23"
"Flask app is run in debug mode","Running a Flask app in debug mode may allow an attacker to run arbitrary code through the Werkzeug debugger.","error","A Flask app appears to be run in debug mode. This may allow an attacker to run arbitrary code through the debugger.","/syntactic_permutations_35/code_row_47.py","26","5","26","23"
"Flask app is run in debug mode","Running a Flask app in debug mode may allow an attacker to run arbitrary code through the Werkzeug debugger.","error","A Flask app appears to be run in debug mode. This may allow an attacker to run arbitrary code through the debugger.","/syntactic_permutations_97/code_row_48.py","30","5","30","23"
"Flask app is run in debug mode","Running a Flask app in debug mode may allow an attacker to run arbitrary code through the Werkzeug debugger.","error","A Flask app appears to be run in debug mode. This may allow an attacker to run arbitrary code through the debugger.","/syntactic_permutations_35/code_row_49.py","22","9","22","27"
"Flask app is run in debug mode","Running a Flask app in debug mode may allow an attacker to run arbitrary code through the Werkzeug debugger.","error","A Flask app appears to be run in debug mode. This may allow an attacker to run arbitrary code through the debugger.","/syntactic_permutations_84/code_row_5.py","18","5","18","34"
"Flask app is run in debug mode","Running a Flask app in debug mode may allow an attacker to run arbitrary code through the Werkzeug debugger.","error","A Flask app appears to be run in debug mode. This may allow an attacker to run arbitrary code through the debugger.","/syntactic_permutations_65/code_row_5.py","40","5","40","23"
"Flask app is run in debug mode","Running a Flask app in debug mode may allow an attacker to run arbitrary code through the Werkzeug debugger.","error","A Flask app appears to be run in debug mode. This may allow an attacker to run arbitrary code through the debugger.","/syntactic_permutations_149/code_row_5.py","49","5","49","23"
"Flask app is run in debug mode","Running a Flask app in debug mode may allow an attacker to run arbitrary code through the Werkzeug debugger.","error","A Flask app appears to be run in debug mode. This may allow an attacker to run arbitrary code through the debugger.","/syntactic_permutations_142/code_row_5.py","30","5","30","23"
"Flask app is run in debug mode","Running a Flask app in debug mode may allow an attacker to run arbitrary code through the Werkzeug debugger.","error","A Flask app appears to be run in debug mode. This may allow an attacker to run arbitrary code through the debugger.","/syntactic_permutations_135/code_row_5.py","20","3","20","21"
"Flask app is run in debug mode","Running a Flask app in debug mode may allow an attacker to run arbitrary code through the Werkzeug debugger.","error","A Flask app appears to be run in debug mode. This may allow an attacker to run arbitrary code through the debugger.","/syntactic_permutations_112/code_row_5.py","13","5","13","23"
"Flask app is run in debug mode","Running a Flask app in debug mode may allow an attacker to run arbitrary code through the Werkzeug debugger.","error","A Flask app appears to be run in debug mode. This may allow an attacker to run arbitrary code through the debugger.","/syntactic_permutations_64/code_row_5.py","53","5","53","23"
"Flask app is run in debug mode","Running a Flask app in debug mode may allow an attacker to run arbitrary code through the Werkzeug debugger.","error","A Flask app appears to be run in debug mode. This may allow an attacker to run arbitrary code through the debugger.","/syntactic_permutations_66/code_row_5.py","43","5","43","23"
"Flask app is run in debug mode","Running a Flask app in debug mode may allow an attacker to run arbitrary code through the Werkzeug debugger.","error","A Flask app appears to be run in debug mode. This may allow an attacker to run arbitrary code through the debugger.","/syntactic_permutations_40/code_row_5.py","7","5","7","34"
"Flask app is run in debug mode","Running a Flask app in debug mode may allow an attacker to run arbitrary code through the Werkzeug debugger.","error","A Flask app appears to be run in debug mode. This may allow an attacker to run arbitrary code through the debugger.","/syntactic_permutations_29/code_row_5.py","10","5","10","34"
"Flask app is run in debug mode","Running a Flask app in debug mode may allow an attacker to run arbitrary code through the Werkzeug debugger.","error","A Flask app appears to be run in debug mode. This may allow an attacker to run arbitrary code through the debugger.","/syntactic_permutations_91/code_row_5.py","31","5","31","23"
"Flask app is run in debug mode","Running a Flask app in debug mode may allow an attacker to run arbitrary code through the Werkzeug debugger.","error","A Flask app appears to be run in debug mode. This may allow an attacker to run arbitrary code through the debugger.","/syntactic_permutations_82/code_row_5.py","13","5","13","23"
"Flask app is run in debug mode","Running a Flask app in debug mode may allow an attacker to run arbitrary code through the Werkzeug debugger.","error","A Flask app appears to be run in debug mode. This may allow an attacker to run arbitrary code through the debugger.","/syntactic_permutations_97/code_row_51.py","33","5","33","23"
"Flask app is run in debug mode","Running a Flask app in debug mode may allow an attacker to run arbitrary code through the Werkzeug debugger.","error","A Flask app appears to be run in debug mode. This may allow an attacker to run arbitrary code through the debugger.","/syntactic_permutations_148/code_row_6.py","73","5","73","34"
"Flask app is run in debug mode","Running a Flask app in debug mode may allow an attacker to run arbitrary code through the Werkzeug debugger.","error","A Flask app appears to be run in debug mode. This may allow an attacker to run arbitrary code through the debugger.","/syntactic_permutations_40/code_row_6.py","13","9","13","27"
"Flask app is run in debug mode","Running a Flask app in debug mode may allow an attacker to run arbitrary code through the Werkzeug debugger.","error","A Flask app appears to be run in debug mode. This may allow an attacker to run arbitrary code through the debugger.","/syntactic_permutations_92/code_row_6.py","57","4","57","22"
"Flask app is run in debug mode","Running a Flask app in debug mode may allow an attacker to run arbitrary code through the Werkzeug debugger.","error","A Flask app appears to be run in debug mode. This may allow an attacker to run arbitrary code through the debugger.","/syntactic_permutations_97/code_row_6.py","38","5","38","23"
"Flask app is run in debug mode","Running a Flask app in debug mode may allow an attacker to run arbitrary code through the Werkzeug debugger.","error","A Flask app appears to be run in debug mode. This may allow an attacker to run arbitrary code through the debugger.","/syntactic_permutations_65/code_row_6.py","22","9","22","27"
"Flask app is run in debug mode","Running a Flask app in debug mode may allow an attacker to run arbitrary code through the Werkzeug debugger.","error","A Flask app appears to be run in debug mode. This may allow an attacker to run arbitrary code through the debugger.","/syntactic_permutations_66/code_row_6.py","9","9","9","27"
"Flask app is run in debug mode","Running a Flask app in debug mode may allow an attacker to run arbitrary code through the Werkzeug debugger.","error","A Flask app appears to be run in debug mode. This may allow an attacker to run arbitrary code through the debugger.","/syntactic_permutations_87/code_row_7.py","47","5","47","23"
"Flask app is run in debug mode","Running a Flask app in debug mode may allow an attacker to run arbitrary code through the Werkzeug debugger.","error","A Flask app appears to be run in debug mode. This may allow an attacker to run arbitrary code through the debugger.","/syntactic_permutations_149/code_row_7.py","47","5","47","23"
"Flask app is run in debug mode","Running a Flask app in debug mode may allow an attacker to run arbitrary code through the Werkzeug debugger.","error","A Flask app appears to be run in debug mode. This may allow an attacker to run arbitrary code through the debugger.","/syntactic_permutations_83/code_row_7.py","19","5","19","23"
"Flask app is run in debug mode","Running a Flask app in debug mode may allow an attacker to run arbitrary code through the Werkzeug debugger.","error","A Flask app appears to be run in debug mode. This may allow an attacker to run arbitrary code through the debugger.","/syntactic_permutations_70/code_row_7.py","36","5","36","23"
"Flask app is run in debug mode","Running a Flask app in debug mode may allow an attacker to run arbitrary code through the Werkzeug debugger.","error","A Flask app appears to be run in debug mode. This may allow an attacker to run arbitrary code through the debugger.","/syntactic_permutations_38/code_row_7.py","32","5","32","23"
"Flask app is run in debug mode","Running a Flask app in debug mode may allow an attacker to run arbitrary code through the Werkzeug debugger.","error","A Flask app appears to be run in debug mode. This may allow an attacker to run arbitrary code through the debugger.","/syntactic_permutations_39/code_row_7.py","26","9","26","27"
"Flask app is run in debug mode","Running a Flask app in debug mode may allow an attacker to run arbitrary code through the Werkzeug debugger.","error","A Flask app appears to be run in debug mode. This may allow an attacker to run arbitrary code through the debugger.","/syntactic_permutations_57/code_row_7.py","46","5","46","23"
"Flask app is run in debug mode","Running a Flask app in debug mode may allow an attacker to run arbitrary code through the Werkzeug debugger.","error","A Flask app appears to be run in debug mode. This may allow an attacker to run arbitrary code through the debugger.","/syntactic_permutations_56/code_row_7.py","139","5","139","23"
"Flask app is run in debug mode","Running a Flask app in debug mode may allow an attacker to run arbitrary code through the Werkzeug debugger.","error","A Flask app appears to be run in debug mode. This may allow an attacker to run arbitrary code through the debugger.","/syntactic_permutations_34/code_row_8.py","32","9","32","27"
"Flask app is run in debug mode","Running a Flask app in debug mode may allow an attacker to run arbitrary code through the Werkzeug debugger.","error","A Flask app appears to be run in debug mode. This may allow an attacker to run arbitrary code through the debugger.","/syntactic_permutations_98/code_row_8.py","201","5","201","23"
"Flask app is run in debug mode","Running a Flask app in debug mode may allow an attacker to run arbitrary code through the Werkzeug debugger.","error","A Flask app appears to be run in debug mode. This may allow an attacker to run arbitrary code through the debugger.","/syntactic_permutations_66/code_row_8.py","19","5","19","23"
"Flask app is run in debug mode","Running a Flask app in debug mode may allow an attacker to run arbitrary code through the Werkzeug debugger.","error","A Flask app appears to be run in debug mode. This may allow an attacker to run arbitrary code through the debugger.","/syntactic_permutations_86/code_row_8.py","34","5","34","23"
"Flask app is run in debug mode","Running a Flask app in debug mode may allow an attacker to run arbitrary code through the Werkzeug debugger.","error","A Flask app appears to be run in debug mode. This may allow an attacker to run arbitrary code through the debugger.","/syntactic_permutations_57/code_row_8.py","79","5","79","23"
"Flask app is run in debug mode","Running a Flask app in debug mode may allow an attacker to run arbitrary code through the Werkzeug debugger.","error","A Flask app appears to be run in debug mode. This may allow an attacker to run arbitrary code through the debugger.","/syntactic_permutations_89/code_row_8.py","51","9","51","38"
"Flask app is run in debug mode","Running a Flask app in debug mode may allow an attacker to run arbitrary code through the Werkzeug debugger.","error","A Flask app appears to be run in debug mode. This may allow an attacker to run arbitrary code through the debugger.","/syntactic_permutations_146/code_row_8.py","33","5","33","23"
"Flask app is run in debug mode","Running a Flask app in debug mode may allow an attacker to run arbitrary code through the Werkzeug debugger.","error","A Flask app appears to be run in debug mode. This may allow an attacker to run arbitrary code through the debugger.","/syntactic_permutations_149/code_row_8.py","22","9","22","27"
"Flask app is run in debug mode","Running a Flask app in debug mode may allow an attacker to run arbitrary code through the Werkzeug debugger.","error","A Flask app appears to be run in debug mode. This may allow an attacker to run arbitrary code through the debugger.","/syntactic_permutations_56/code_row_8.py","50","5","50","23"
"Flask app is run in debug mode","Running a Flask app in debug mode may allow an attacker to run arbitrary code through the Werkzeug debugger.","error","A Flask app appears to be run in debug mode. This may allow an attacker to run arbitrary code through the debugger.","/syntactic_permutations_138/code_row_8.py","21","5","21","23"
"Flask app is run in debug mode","Running a Flask app in debug mode may allow an attacker to run arbitrary code through the Werkzeug debugger.","error","A Flask app appears to be run in debug mode. This may allow an attacker to run arbitrary code through the debugger.","/syntactic_permutations_53/code_row_8.py","71","5","71","23"
"Flask app is run in debug mode","Running a Flask app in debug mode may allow an attacker to run arbitrary code through the Werkzeug debugger.","error","A Flask app appears to be run in debug mode. This may allow an attacker to run arbitrary code through the debugger.","/syntactic_permutations_52/code_row_8.py","25","5","25","23"
"Flask app is run in debug mode","Running a Flask app in debug mode may allow an attacker to run arbitrary code through the Werkzeug debugger.","error","A Flask app appears to be run in debug mode. This may allow an attacker to run arbitrary code through the debugger.","/syntactic_permutations_36/code_row_8.py","37","5","37","23"
"Flask app is run in debug mode","Running a Flask app in debug mode may allow an attacker to run arbitrary code through the Werkzeug debugger.","error","A Flask app appears to be run in debug mode. This may allow an attacker to run arbitrary code through the debugger.","/syntactic_permutations_68/code_row_8.py","39","5","39","23"
"Flask app is run in debug mode","Running a Flask app in debug mode may allow an attacker to run arbitrary code through the Werkzeug debugger.","error","A Flask app appears to be run in debug mode. This may allow an attacker to run arbitrary code through the debugger.","/syntactic_permutations_64/code_row_8.py","105","9","105","27"
"Flask app is run in debug mode","Running a Flask app in debug mode may allow an attacker to run arbitrary code through the Werkzeug debugger.","error","A Flask app appears to be run in debug mode. This may allow an attacker to run arbitrary code through the debugger.","/syntactic_permutations_65/code_row_8.py","36","5","36","23"
"Flask app is run in debug mode","Running a Flask app in debug mode may allow an attacker to run arbitrary code through the Werkzeug debugger.","error","A Flask app appears to be run in debug mode. This may allow an attacker to run arbitrary code through the debugger.","/syntactic_permutations_58/code_row_8.py","34","5","34","23"
"Flask app is run in debug mode","Running a Flask app in debug mode may allow an attacker to run arbitrary code through the Werkzeug debugger.","error","A Flask app appears to be run in debug mode. This may allow an attacker to run arbitrary code through the debugger.","/syntactic_permutations_71/code_row_8.py","15","5","15","23"
"Flask app is run in debug mode","Running a Flask app in debug mode may allow an attacker to run arbitrary code through the Werkzeug debugger.","error","A Flask app appears to be run in debug mode. This may allow an attacker to run arbitrary code through the debugger.","/syntactic_permutations_37/code_row_8.py","36","5","36","23"
"Flask app is run in debug mode","Running a Flask app in debug mode may allow an attacker to run arbitrary code through the Werkzeug debugger.","error","A Flask app appears to be run in debug mode. This may allow an attacker to run arbitrary code through the debugger.","/syntactic_permutations_136/code_row_8.py","33","5","33","23"
"Flask app is run in debug mode","Running a Flask app in debug mode may allow an attacker to run arbitrary code through the Werkzeug debugger.","error","A Flask app appears to be run in debug mode. This may allow an attacker to run arbitrary code through the debugger.","/syntactic_permutations_57/code_row_9.py","75","5","75","23"
"Flask app is run in debug mode","Running a Flask app in debug mode may allow an attacker to run arbitrary code through the Werkzeug debugger.","error","A Flask app appears to be run in debug mode. This may allow an attacker to run arbitrary code through the debugger.","/syntactic_permutations_138/code_row_9.py","45","5","45","23"
"Flask app is run in debug mode","Running a Flask app in debug mode may allow an attacker to run arbitrary code through the Werkzeug debugger.","error","A Flask app appears to be run in debug mode. This may allow an attacker to run arbitrary code through the debugger.","/syntactic_permutations_37/code_row_9.py","72","5","72","23"
"Flask app is run in debug mode","Running a Flask app in debug mode may allow an attacker to run arbitrary code through the Werkzeug debugger.","error","A Flask app appears to be run in debug mode. This may allow an attacker to run arbitrary code through the debugger.","/syntactic_permutations_71/code_row_9.py","55","5","55","23"
"Flask app is run in debug mode","Running a Flask app in debug mode may allow an attacker to run arbitrary code through the Werkzeug debugger.","error","A Flask app appears to be run in debug mode. This may allow an attacker to run arbitrary code through the debugger.","/syntactic_permutations_65/code_row_9.py","39","5","39","23"
"Flask app is run in debug mode","Running a Flask app in debug mode may allow an attacker to run arbitrary code through the Werkzeug debugger.","error","A Flask app appears to be run in debug mode. This may allow an attacker to run arbitrary code through the debugger.","/syntactic_permutations_70/code_row_9.py","42","3","42","23"
"Flask app is run in debug mode","Running a Flask app in debug mode may allow an attacker to run arbitrary code through the Werkzeug debugger.","error","A Flask app appears to be run in debug mode. This may allow an attacker to run arbitrary code through the debugger.","/syntactic_permutations_70/code_row_9.py","87","3","87","23"
"Flask app is run in debug mode","Running a Flask app in debug mode may allow an attacker to run arbitrary code through the Werkzeug debugger.","error","A Flask app appears to be run in debug mode. This may allow an attacker to run arbitrary code through the debugger.","/syntactic_permutations_55/code_row_9.py","41","3","41","21"
"Flask app is run in debug mode","Running a Flask app in debug mode may allow an attacker to run arbitrary code through the Werkzeug debugger.","error","A Flask app appears to be run in debug mode. This may allow an attacker to run arbitrary code through the debugger.","/syntactic_permutations_86/code_row_9.py","20","5","20","23"
"Flask app is run in debug mode","Running a Flask app in debug mode may allow an attacker to run arbitrary code through the Werkzeug debugger.","error","A Flask app appears to be run in debug mode. This may allow an attacker to run arbitrary code through the debugger.","/syntactic_permutations_42/code_row_9.py","15","5","15","23"
"URL redirection from remote source","URL redirection based on unvalidated user input may cause redirection to malicious web sites.","error","Untrusted URL redirection depends on [[""a user-provided value""|""relative:///syntactic_permutations_64/code_row_0.py:17:8:17:14""]].
Untrusted URL redirection depends on [[""a user-provided value""|""relative:///syntactic_permutations_64/code_row_0.py:19:26:19:32""]].
Untrusted URL redirection depends on [[""a user-provided value""|""relative:///syntactic_permutations_64/code_row_0.py:21:29:21:35""]].","/syntactic_permutations_64/code_row_0.py","21","29","21","39"
"URL redirection from remote source","URL redirection based on unvalidated user input may cause redirection to malicious web sites.","error","Untrusted URL redirection depends on [[""a user-provided value""|""relative:///syntactic_permutations_64/code_row_0.py:17:8:17:14""]].
Untrusted URL redirection depends on [[""a user-provided value""|""relative:///syntactic_permutations_64/code_row_0.py:19:26:19:32""]].
Untrusted URL redirection depends on [[""a user-provided value""|""relative:///syntactic_permutations_64/code_row_0.py:22:16:22:22""]].
Untrusted URL redirection depends on [[""a user-provided value""|""relative:///syntactic_permutations_64/code_row_0.py:25:29:25:35""]].","/syntactic_permutations_64/code_row_0.py","25","29","25","39"
"URL redirection from remote source","URL redirection based on unvalidated user input may cause redirection to malicious web sites.","error","Untrusted URL redirection depends on [[""a user-provided value""|""relative:///syntactic_permutations_29/code_row_0.py:7:14:7:20""]].","/syntactic_permutations_29/code_row_0.py","9","25","9","30"
"URL redirection from remote source","URL redirection based on unvalidated user input may cause redirection to malicious web sites.","error","Untrusted URL redirection depends on [[""a user-provided value""|""relative:///syntactic_permutations_33/code_row_0.py:9:11:9:13""]].","/syntactic_permutations_33/code_row_0.py","5","25","5","27"
"URL redirection from remote source","URL redirection based on unvalidated user input may cause redirection to malicious web sites.","error","Untrusted URL redirection depends on [[""a user-provided value""|""relative:///syntactic_permutations_32/code_row_0.py:5:14:5:16""]].","/syntactic_permutations_32/code_row_0.py","8","21","8","23"
"URL redirection from remote source","URL redirection based on unvalidated user input may cause redirection to malicious web sites.","error","Untrusted URL redirection depends on [[""a user-provided value""|""relative:///syntactic_permutations_29/code_row_1.py:7:24:7:29""]].","/syntactic_permutations_29/code_row_1.py","9","25","9","30"
"URL redirection from remote source","URL redirection based on unvalidated user input may cause redirection to malicious web sites.","error","Untrusted URL redirection depends on [[""a user-provided value""|""relative:///syntactic_permutations_64/code_row_1.py:38:22:38:28""]].
Untrusted URL redirection depends on [[""a user-provided value""|""relative:///syntactic_permutations_64/code_row_1.py:40:25:40:31""]].","/syntactic_permutations_64/code_row_1.py","40","25","40","35"
"URL redirection from remote source","URL redirection based on unvalidated user input may cause redirection to malicious web sites.","error","Untrusted URL redirection depends on [[""a user-provided value""|""relative:///syntactic_permutations_64/code_row_1.py:38:22:38:28""]].
Untrusted URL redirection depends on [[""a user-provided value""|""relative:///syntactic_permutations_64/code_row_1.py:41:12:41:18""]].
Untrusted URL redirection depends on [[""a user-provided value""|""relative:///syntactic_permutations_64/code_row_1.py:44:25:44:31""]].","/syntactic_permutations_64/code_row_1.py","44","25","44","35"
"URL redirection from remote source","URL redirection based on unvalidated user input may cause redirection to malicious web sites.","error","Untrusted URL redirection depends on [[""a user-provided value""|""relative:///syntactic_permutations_64/code_row_1.py:38:22:38:28""]].
Untrusted URL redirection depends on [[""a user-provided value""|""relative:///syntactic_permutations_64/code_row_1.py:41:12:41:18""]].
Untrusted URL redirection depends on [[""a user-provided value""|""relative:///syntactic_permutations_64/code_row_1.py:53:25:53:31""]].","/syntactic_permutations_64/code_row_1.py","53","25","53","35"
"URL redirection from remote source","URL redirection based on unvalidated user input may cause redirection to malicious web sites.","error","Untrusted URL redirection depends on [[""a user-provided value""|""relative:///syntactic_permutations_32/code_row_1.py:4:26:4:28""]].","/syntactic_permutations_32/code_row_1.py","6","25","6","27"
"URL redirection from remote source","URL redirection based on unvalidated user input may cause redirection to malicious web sites.","error","Untrusted URL redirection depends on [[""a user-provided value""|""relative:///syntactic_permutations_33/code_row_1.py:6:11:6:23""]].","/syntactic_permutations_33/code_row_1.py","8","31","8","33"
"URL redirection from remote source","URL redirection based on unvalidated user input may cause redirection to malicious web sites.","error","Untrusted URL redirection depends on [[""a user-provided value""|""relative:///syntactic_permutations_33/code_row_10.py:8:8:8:14""]].
Untrusted URL redirection depends on [[""a user-provided value""|""relative:///syntactic_permutations_33/code_row_10.py:9:15:9:21""]].","/syntactic_permutations_33/code_row_10.py","12","29","12","31"
"URL redirection from remote source","URL redirection based on unvalidated user input may cause redirection to malicious web sites.","error","Untrusted URL redirection depends on [[""a user-provided value""|""relative:///syntactic_permutations_29/code_row_10.py:5:11:5:14""]].","/syntactic_permutations_29/code_row_10.py","7","25","7","28"
"URL redirection from remote source","URL redirection based on unvalidated user input may cause redirection to malicious web sites.","error","Untrusted URL redirection depends on [[""a user-provided value""|""relative:///syntactic_permutations_32/code_row_10.py:6:26:6:28""]].","/syntactic_permutations_32/code_row_10.py","8","25","8","27"
"URL redirection from remote source","URL redirection based on unvalidated user input may cause redirection to malicious web sites.","error","Untrusted URL redirection depends on [[""a user-provided value""|""relative:///syntactic_permutations_72/code_row_11.py:13:8:13:14""]].
Untrusted URL redirection depends on [[""a user-provided value""|""relative:///syntactic_permutations_72/code_row_11.py:15:26:15:32""]].
Untrusted URL redirection depends on [[""a user-provided value""|""relative:///syntactic_permutations_72/code_row_11.py:17:29:17:35""]].","/syntactic_permutations_72/code_row_11.py","17","29","17","39"
"URL redirection from remote source","URL redirection based on unvalidated user input may cause redirection to malicious web sites.","error","Untrusted URL redirection depends on [[""a user-provided value""|""relative:///syntactic_permutations_72/code_row_11.py:13:8:13:14""]].
Untrusted URL redirection depends on [[""a user-provided value""|""relative:///syntactic_permutations_72/code_row_11.py:15:26:15:32""]].
Untrusted URL redirection depends on [[""a user-provided value""|""relative:///syntactic_permutations_72/code_row_11.py:18:16:18:22""]].
Untrusted URL redirection depends on [[""a user-provided value""|""relative:///syntactic_permutations_72/code_row_11.py:23:29:23:35""]].","/syntactic_permutations_72/code_row_11.py","23","29","23","39"
"URL redirection from remote source","URL redirection based on unvalidated user input may cause redirection to malicious web sites.","error","Untrusted URL redirection depends on [[""a user-provided value""|""relative:///syntactic_permutations_66/code_row_12.py:23:12:23:18""]].
Untrusted URL redirection depends on [[""a user-provided value""|""relative:///syntactic_permutations_66/code_row_12.py:25:30:25:36""]].
Untrusted URL redirection depends on [[""a user-provided value""|""relative:///syntactic_permutations_66/code_row_12.py:27:33:27:39""]].","/syntactic_permutations_66/code_row_12.py","27","33","27","43"
"URL redirection from remote source","URL redirection based on unvalidated user input may cause redirection to malicious web sites.","error","Untrusted URL redirection depends on [[""a user-provided value""|""relative:///syntactic_permutations_66/code_row_12.py:23:12:23:18""]].
Untrusted URL redirection depends on [[""a user-provided value""|""relative:///syntactic_permutations_66/code_row_12.py:25:30:25:36""]].
Untrusted URL redirection depends on [[""a user-provided value""|""relative:///syntactic_permutations_66/code_row_12.py:28:20:28:26""]].
Untrusted URL redirection depends on [[""a user-provided value""|""relative:///syntactic_permutations_66/code_row_12.py:33:33:33:39""]].","/syntactic_permutations_66/code_row_12.py","33","33","33","43"
"URL redirection from remote source","URL redirection based on unvalidated user input may cause redirection to malicious web sites.","error","Untrusted URL redirection depends on [[""a user-provided value""|""relative:///syntactic_permutations_30/code_row_12.py:6:14:6:20""]].","/syntactic_permutations_30/code_row_12.py","9","25","9","30"
"URL redirection from remote source","URL redirection based on unvalidated user input may cause redirection to malicious web sites.","error","Untrusted URL redirection depends on [[""a user-provided value""|""relative:///syntactic_permutations_29/code_row_12.py:8:21:8:26""]].","/syntactic_permutations_29/code_row_12.py","10","25","10","30"
"URL redirection from remote source","URL redirection based on unvalidated user input may cause redirection to malicious web sites.","error","Untrusted URL redirection depends on [[""a user-provided value""|""relative:///syntactic_permutations_32/code_row_13.py:5:26:5:28""]].","/syntactic_permutations_32/code_row_13.py","7","31","7","33"
"URL redirection from remote source","URL redirection based on unvalidated user input may cause redirection to malicious web sites.","error","Untrusted URL redirection depends on [[""a user-provided value""|""relative:///syntactic_permutations_70/code_row_13.py:19:12:19:18""]].
Untrusted URL redirection depends on [[""a user-provided value""|""relative:///syntactic_permutations_70/code_row_13.py:20:30:20:36""]].
Untrusted URL redirection depends on [[""a user-provided value""|""relative:///syntactic_permutations_70/code_row_13.py:22:33:22:39""]].","/syntactic_permutations_70/code_row_13.py","22","33","22","43"
"URL redirection from remote source","URL redirection based on unvalidated user input may cause redirection to malicious web sites.","error","Untrusted URL redirection depends on [[""a user-provided value""|""relative:///syntactic_permutations_70/code_row_13.py:19:12:19:18""]].
Untrusted URL redirection depends on [[""a user-provided value""|""relative:///syntactic_permutations_70/code_row_13.py:20:30:20:36""]].
Untrusted URL redirection depends on [[""a user-provided value""|""relative:///syntactic_permutations_70/code_row_13.py:23:20:23:26""]].
Untrusted URL redirection depends on [[""a user-provided value""|""relative:///syntactic_permutations_70/code_row_13.py:26:33:26:39""]].","/syntactic_permutations_70/code_row_13.py","26","33","26","43"
"URL redirection from remote source","URL redirection based on unvalidated user input may cause redirection to malicious web sites.","error","Untrusted URL redirection depends on [[""a user-provided value""|""relative:///syntactic_permutations_72/code_row_13.py:9:12:9:18""]].
Untrusted URL redirection depends on [[""a user-provided value""|""relative:///syntactic_permutations_72/code_row_13.py:11:30:11:36""]].
Untrusted URL redirection depends on [[""a user-provided value""|""relative:///syntactic_permutations_72/code_row_13.py:13:33:13:39""]].","/syntactic_permutations_72/code_row_13.py","13","33","13","43"
"URL redirection from remote source","URL redirection based on unvalidated user input may cause redirection to malicious web sites.","error","Untrusted URL redirection depends on [[""a user-provided value""|""relative:///syntactic_permutations_71/code_row_13.py:12:8:12:14""]].
Untrusted URL redirection depends on [[""a user-provided value""|""relative:///syntactic_permutations_71/code_row_13.py:14:26:14:32""]].
Untrusted URL redirection depends on [[""a user-provided value""|""relative:///syntactic_permutations_71/code_row_13.py:16:29:16:35""]].","/syntactic_permutations_71/code_row_13.py","16","29","16","39"
"URL redirection from remote source","URL redirection based on unvalidated user input may cause redirection to malicious web sites.","error","Untrusted URL redirection depends on [[""a user-provided value""|""relative:///syntactic_permutations_71/code_row_13.py:12:8:12:14""]].
Untrusted URL redirection depends on [[""a user-provided value""|""relative:///syntactic_permutations_71/code_row_13.py:14:26:14:32""]].
Untrusted URL redirection depends on [[""a user-provided value""|""relative:///syntactic_permutations_71/code_row_13.py:17:16:17:22""]].
Untrusted URL redirection depends on [[""a user-provided value""|""relative:///syntactic_permutations_71/code_row_13.py:20:29:20:35""]].","/syntactic_permutations_71/code_row_13.py","20","29","20","39"
"URL redirection from remote source","URL redirection based on unvalidated user input may cause redirection to malicious web sites.","error","Untrusted URL redirection depends on [[""a user-provided value""|""relative:///syntactic_permutations_30/code_row_13.py:8:18:8:24""]].
Untrusted URL redirection depends on [[""a user-provided value""|""relative:///syntactic_permutations_30/code_row_13.py:8:63:8:69""]].
Untrusted URL redirection depends on [[""a user-provided value""|""relative:///syntactic_permutations_30/code_row_13.py:9:21:9:27""]].","/syntactic_permutations_30/code_row_13.py","9","21","9","42"
"URL redirection from remote source","URL redirection based on unvalidated user input may cause redirection to malicious web sites.","error","Untrusted URL redirection depends on [[""a user-provided value""|""relative:///syntactic_permutations_29/code_row_15.py:6:21:6:26""]].","/syntactic_permutations_29/code_row_15.py","8","29","8","34"
"URL redirection from remote source","URL redirection based on unvalidated user input may cause redirection to malicious web sites.","error","Untrusted URL redirection depends on [[""a user-provided value""|""relative:///syntactic_permutations_32/code_row_15.py:13:18:13:20""]].","/syntactic_permutations_32/code_row_15.py","8","25","8","27"
"URL redirection from remote source","URL redirection based on unvalidated user input may cause redirection to malicious web sites.","error","Untrusted URL redirection depends on [[""a user-provided value""|""relative:///syntactic_permutations_33/code_row_16.py:11:15:11:21""]].","/syntactic_permutations_33/code_row_16.py","13","29","13","31"
"URL redirection from remote source","URL redirection based on unvalidated user input may cause redirection to malicious web sites.","error","Untrusted URL redirection depends on [[""a user-provided value""|""relative:///syntactic_permutations_29/code_row_16.py:5:24:5:29""]].","/syntactic_permutations_29/code_row_16.py","7","25","7","30"
"URL redirection from remote source","URL redirection based on unvalidated user input may cause redirection to malicious web sites.","error","Untrusted URL redirection depends on [[""a user-provided value""|""relative:///syntactic_permutations_32/code_row_17.py:6:26:6:28""]].","/syntactic_permutations_32/code_row_17.py","8","25","8","27"
"URL redirection from remote source","URL redirection based on unvalidated user input may cause redirection to malicious web sites.","error","Untrusted URL redirection depends on [[""a user-provided value""|""relative:///syntactic_permutations_29/code_row_17.py:7:12:7:17""]].","/syntactic_permutations_29/code_row_17.py","9","25","9","30"
"URL redirection from remote source","URL redirection based on unvalidated user input may cause redirection to malicious web sites.","error","Untrusted URL redirection depends on [[""a user-provided value""|""relative:///syntactic_permutations_29/code_row_18.py:5:14:5:19""]].","/syntactic_permutations_29/code_row_18.py","10","31","10","36"
"URL redirection from remote source","URL redirection based on unvalidated user input may cause redirection to malicious web sites.","error","Untrusted URL redirection depends on [[""a user-provided value""|""relative:///syntactic_permutations_32/code_row_18.py:5:18:5:20""]].","/syntactic_permutations_32/code_row_18.py","6","21","6","23"
"URL redirection from remote source","URL redirection based on unvalidated user input may cause redirection to malicious web sites.","error","Untrusted URL redirection depends on [[""a user-provided value""|""relative:///syntactic_permutations_33/code_row_19.py:10:8:10:14""]].
Untrusted URL redirection depends on [[""a user-provided value""|""relative:///syntactic_permutations_33/code_row_19.py:11:25:11:31""]].","/syntactic_permutations_33/code_row_19.py","11","25","11","47"
"URL redirection from remote source","URL redirection based on unvalidated user input may cause redirection to malicious web sites.","error","Untrusted URL redirection depends on [[""a user-provided value""|""relative:///syntactic_permutations_30/code_row_19.py:6:18:6:24""]].","/syntactic_permutations_30/code_row_19.py","9","29","9","34"
"URL redirection from remote source","URL redirection based on unvalidated user input may cause redirection to malicious web sites.","error","Untrusted URL redirection depends on [[""a user-provided value""|""relative:///syntactic_permutations_64/code_row_19.py:13:8:13:14""]].
Untrusted URL redirection depends on [[""a user-provided value""|""relative:///syntactic_permutations_64/code_row_19.py:15:13:15:19""]].","/syntactic_permutations_64/code_row_19.py","21","25","21","57"
"URL redirection from remote source","URL redirection based on unvalidated user input may cause redirection to malicious web sites.","error","Untrusted URL redirection depends on [[""a user-provided value""|""relative:///syntactic_permutations_32/code_row_19.py:4:21:4:23""]].","/syntactic_permutations_32/code_row_19.py","6","31","6","33"
"URL redirection from remote source","URL redirection based on unvalidated user input may cause redirection to malicious web sites.","error","Untrusted URL redirection depends on [[""a user-provided value""|""relative:///syntactic_permutations_32/code_row_2.py:16:17:16:19""]].","/syntactic_permutations_32/code_row_2.py","18","29","18","31"
"URL redirection from remote source","URL redirection based on unvalidated user input may cause redirection to malicious web sites.","error","Untrusted URL redirection depends on [[""a user-provided value""|""relative:///syntactic_permutations_33/code_row_2.py:13:11:13:17""]].","/syntactic_permutations_33/code_row_2.py","15","25","15","27"
"URL redirection from remote source","URL redirection based on unvalidated user input may cause redirection to malicious web sites.","error","Untrusted URL redirection depends on [[""a user-provided value""|""relative:///syntactic_permutations_29/code_row_20.py:5:10:5:15""]].","/syntactic_permutations_29/code_row_20.py","7","25","7","30"
"URL redirection from remote source","URL redirection based on unvalidated user input may cause redirection to malicious web sites.","error","Untrusted URL redirection depends on [[""a user-provided value""|""relative:///syntactic_permutations_30/code_row_20.py:4:10:4:16""]].","/syntactic_permutations_30/code_row_20.py","6","19","6","24"
"URL redirection from remote source","URL redirection based on unvalidated user input may cause redirection to malicious web sites.","error","Untrusted URL redirection depends on [[""a user-provided value""|""relative:///syntactic_permutations_33/code_row_20.py:13:15:13:21""]].","/syntactic_permutations_33/code_row_20.py","7","29","7","31"
"URL redirection from remote source","URL redirection based on unvalidated user input may cause redirection to malicious web sites.","error","Untrusted URL redirection depends on [[""a user-provided value""|""relative:///syntactic_permutations_32/code_row_20.py:5:26:5:28""]].","/syntactic_permutations_32/code_row_20.py","7","25","7","27"
"URL redirection from remote source","URL redirection based on unvalidated user input may cause redirection to malicious web sites.","error","Untrusted URL redirection depends on [[""a user-provided value""|""relative:///syntactic_permutations_32/code_row_21.py:11:16:11:18""]].","/syntactic_permutations_32/code_row_21.py","6","25","6","27"
"URL redirection from remote source","URL redirection based on unvalidated user input may cause redirection to malicious web sites.","error","Untrusted URL redirection depends on [[""a user-provided value""|""relative:///syntactic_permutations_64/code_row_21.py:8:22:8:28""]].
Untrusted URL redirection depends on [[""a user-provided value""|""relative:///syntactic_permutations_64/code_row_21.py:9:25:9:31""]].","/syntactic_permutations_64/code_row_21.py","9","25","9","35"
"URL redirection from remote source","URL redirection based on unvalidated user input may cause redirection to malicious web sites.","error","Untrusted URL redirection depends on [[""a user-provided value""|""relative:///syntactic_permutations_64/code_row_21.py:8:22:8:28""]].
Untrusted URL redirection depends on [[""a user-provided value""|""relative:///syntactic_permutations_64/code_row_21.py:10:12:10:18""]].
Untrusted URL redirection depends on [[""a user-provided value""|""relative:///syntactic_permutations_64/code_row_21.py:12:25:12:31""]].","/syntactic_permutations_64/code_row_21.py","12","25","12","35"
"URL redirection from remote source","URL redirection based on unvalidated user input may cause redirection to malicious web sites.","error","Untrusted URL redirection depends on [[""a user-provided value""|""relative:///syntactic_permutations_33/code_row_21.py:6:26:6:28""]].","/syntactic_permutations_33/code_row_21.py","9","21","9","23"
"URL redirection from remote source","URL redirection based on unvalidated user input may cause redirection to malicious web sites.","error","Untrusted URL redirection depends on [[""a user-provided value""|""relative:///syntactic_permutations_29/code_row_22.py:9:15:9:20""]].","/syntactic_permutations_29/code_row_22.py","11","29","11","55"
"URL redirection from remote source","URL redirection based on unvalidated user input may cause redirection to malicious web sites.","error","Untrusted URL redirection depends on [[""a user-provided value""|""relative:///syntactic_permutations_64/code_row_22.py:18:12:18:18""]].
Untrusted URL redirection depends on [[""a user-provided value""|""relative:///syntactic_permutations_64/code_row_22.py:20:30:20:36""]].
Untrusted URL redirection depends on [[""a user-provided value""|""relative:///syntactic_permutations_64/code_row_22.py:22:33:22:39""]].","/syntactic_permutations_64/code_row_22.py","22","33","22","43"
"URL redirection from remote source","URL redirection based on unvalidated user input may cause redirection to malicious web sites.","error","Untrusted URL redirection depends on [[""a user-provided value""|""relative:///syntactic_permutations_64/code_row_22.py:18:12:18:18""]].
Untrusted URL redirection depends on [[""a user-provided value""|""relative:///syntactic_permutations_64/code_row_22.py:20:30:20:36""]].
Untrusted URL redirection depends on [[""a user-provided value""|""relative:///syntactic_permutations_64/code_row_22.py:23:20:23:26""]].
Untrusted URL redirection depends on [[""a user-provided value""|""relative:///syntactic_permutations_64/code_row_22.py:26:33:26:39""]].","/syntactic_permutations_64/code_row_22.py","26","33","26","43"
"URL redirection from remote source","URL redirection based on unvalidated user input may cause redirection to malicious web sites.","error","Untrusted URL redirection depends on [[""a user-provided value""|""relative:///syntactic_permutations_33/code_row_22.py:6:30:6:32""]].","/syntactic_permutations_33/code_row_22.py","8","29","8","31"
"URL redirection from remote source","URL redirection based on unvalidated user input may cause redirection to malicious web sites.","error","Untrusted URL redirection depends on [[""a user-provided value""|""relative:///syntactic_permutations_29/code_row_23.py:13:25:13:30""]].","/syntactic_permutations_29/code_row_23.py","15","29","15","34"
"URL redirection from remote source","URL redirection based on unvalidated user input may cause redirection to malicious web sites.","error","Untrusted URL redirection depends on [[""a user-provided value""|""relative:///syntactic_permutations_33/code_row_23.py:5:11:5:17""]].","/syntactic_permutations_33/code_row_23.py","7","25","7","27"
"URL redirection from remote source","URL redirection based on unvalidated user input may cause redirection to malicious web sites.","error","Untrusted URL redirection depends on [[""a user-provided value""|""relative:///syntactic_permutations_30/code_row_23.py:4:10:4:16""]].","/syntactic_permutations_30/code_row_23.py","6","21","6","26"
"URL redirection from remote source","URL redirection based on unvalidated user input may cause redirection to malicious web sites.","error","Untrusted URL redirection depends on [[""a user-provided value""|""relative:///syntactic_permutations_29/code_row_24.py:6:14:6:20""]].","/syntactic_permutations_29/code_row_24.py","10","25","10","30"
"URL redirection from remote source","URL redirection based on unvalidated user input may cause redirection to malicious web sites.","error","Untrusted URL redirection depends on [[""a user-provided value""|""relative:///syntactic_permutations_33/code_row_24.py:5:30:5:32""]].","/syntactic_permutations_33/code_row_24.py","7","29","7","31"
"URL redirection from remote source","URL redirection based on unvalidated user input may cause redirection to malicious web sites.","error","Untrusted URL redirection depends on [[""a user-provided value""|""relative:///syntactic_permutations_30/code_row_24.py:6:14:6:20""]].","/syntactic_permutations_30/code_row_24.py","9","25","9","30"
"URL redirection from remote source","URL redirection based on unvalidated user input may cause redirection to malicious web sites.","error","Untrusted URL redirection depends on [[""a user-provided value""|""relative:///syntactic_permutations_65/code_row_24.py:15:8:15:14""]].
Untrusted URL redirection depends on [[""a user-provided value""|""relative:///syntactic_permutations_65/code_row_24.py:17:26:17:32""]].
Untrusted URL redirection depends on [[""a user-provided value""|""relative:///syntactic_permutations_65/code_row_24.py:19:29:19:35""]].","/syntactic_permutations_65/code_row_24.py","19","29","19","39"
"URL redirection from remote source","URL redirection based on unvalidated user input may cause redirection to malicious web sites.","error","Untrusted URL redirection depends on [[""a user-provided value""|""relative:///syntactic_permutations_65/code_row_24.py:15:8:15:14""]].
Untrusted URL redirection depends on [[""a user-provided value""|""relative:///syntactic_permutations_65/code_row_24.py:17:26:17:32""]].
Untrusted URL redirection depends on [[""a user-provided value""|""relative:///syntactic_permutations_65/code_row_24.py:20:16:20:22""]].
Untrusted URL redirection depends on [[""a user-provided value""|""relative:///syntactic_permutations_65/code_row_24.py:25:29:25:35""]].","/syntactic_permutations_65/code_row_24.py","25","29","25","39"
"URL redirection from remote source","URL redirection based on unvalidated user input may cause redirection to malicious web sites.","error","Untrusted URL redirection depends on [[""a user-provided value""|""relative:///syntactic_permutations_29/code_row_25.py:7:17:7:22""]].","/syntactic_permutations_29/code_row_25.py","9","25","9","30"
"URL redirection from remote source","URL redirection based on unvalidated user input may cause redirection to malicious web sites.","error","Untrusted URL redirection depends on [[""a user-provided value""|""relative:///syntactic_permutations_33/code_row_25.py:5:14:5:16""]].","/syntactic_permutations_33/code_row_25.py","7","25","7","27"
"URL redirection from remote source","URL redirection based on unvalidated user input may cause redirection to malicious web sites.","error","Untrusted URL redirection depends on [[""a user-provided value""|""relative:///syntactic_permutations_32/code_row_26.py:6:30:6:32""]].","/syntactic_permutations_32/code_row_26.py","8","29","8","31"
"URL redirection from remote source","URL redirection based on unvalidated user input may cause redirection to malicious web sites.","error","Untrusted URL redirection depends on [[""a user-provided value""|""relative:///syntactic_permutations_29/code_row_27.py:6:18:6:24""]].","/syntactic_permutations_29/code_row_27.py","8","29","8","34"
"URL redirection from remote source","URL redirection based on unvalidated user input may cause redirection to malicious web sites.","error","Untrusted URL redirection depends on [[""a user-provided value""|""relative:///syntactic_permutations_29/code_row_28.py:5:11:5:16""]].","/syntactic_permutations_29/code_row_28.py","8","25","8","30"
"URL redirection from remote source","URL redirection based on unvalidated user input may cause redirection to malicious web sites.","error","Untrusted URL redirection depends on [[""a user-provided value""|""relative:///syntactic_permutations_65/code_row_29.py:15:8:15:14""]].
Untrusted URL redirection depends on [[""a user-provided value""|""relative:///syntactic_permutations_65/code_row_29.py:17:26:17:32""]].
Untrusted URL redirection depends on [[""a user-provided value""|""relative:///syntactic_permutations_65/code_row_29.py:19:29:19:35""]].","/syntactic_permutations_65/code_row_29.py","19","29","19","39"
"URL redirection from remote source","URL redirection based on unvalidated user input may cause redirection to malicious web sites.","error","Untrusted URL redirection depends on [[""a user-provided value""|""relative:///syntactic_permutations_65/code_row_29.py:15:8:15:14""]].
Untrusted URL redirection depends on [[""a user-provided value""|""relative:///syntactic_permutations_65/code_row_29.py:17:26:17:32""]].
Untrusted URL redirection depends on [[""a user-provided value""|""relative:///syntactic_permutations_65/code_row_29.py:20:16:20:22""]].
Untrusted URL redirection depends on [[""a user-provided value""|""relative:///syntactic_permutations_65/code_row_29.py:25:29:25:35""]].","/syntactic_permutations_65/code_row_29.py","25","29","25","39"
"URL redirection from remote source","URL redirection based on unvalidated user input may cause redirection to malicious web sites.","error","Untrusted URL redirection depends on [[""a user-provided value""|""relative:///syntactic_permutations_32/code_row_3.py:5:30:5:32""]].","/syntactic_permutations_32/code_row_3.py","7","35","7","37"
"URL redirection from remote source","URL redirection based on unvalidated user input may cause redirection to malicious web sites.","error","Untrusted URL redirection depends on [[""a user-provided value""|""relative:///syntactic_permutations_29/code_row_31.py:6:16:6:21""]].","/syntactic_permutations_29/code_row_31.py","8","25","8","30"
"URL redirection from remote source","URL redirection based on unvalidated user input may cause redirection to malicious web sites.","error","Untrusted URL redirection depends on [[""a user-provided value""|""relative:///syntactic_permutations_30/code_row_32.py:4:10:4:16""]].","/syntactic_permutations_30/code_row_32.py","6","21","6","26"
"URL redirection from remote source","URL redirection based on unvalidated user input may cause redirection to malicious web sites.","error","Untrusted URL redirection depends on [[""a user-provided value""|""relative:///syntactic_permutations_29/code_row_32.py:5:11:5:16""]].","/syntactic_permutations_29/code_row_32.py","8","25","8","30"
"URL redirection from remote source","URL redirection based on unvalidated user input may cause redirection to malicious web sites.","error","Untrusted URL redirection depends on [[""a user-provided value""|""relative:///syntactic_permutations_29/code_row_33.py:8:11:8:16""]].","/syntactic_permutations_29/code_row_33.py","10","25","10","30"
"URL redirection from remote source","URL redirection based on unvalidated user input may cause redirection to malicious web sites.","error","Untrusted URL redirection depends on [[""a user-provided value""|""relative:///syntactic_permutations_29/code_row_34.py:10:15:10:20""]].","/syntactic_permutations_29/code_row_34.py","12","29","12","34"
"URL redirection from remote source","URL redirection based on unvalidated user input may cause redirection to malicious web sites.","error","Untrusted URL redirection depends on [[""a user-provided value""|""relative:///syntactic_permutations_29/code_row_35.py:7:15:7:20""]].","/syntactic_permutations_29/code_row_35.py","9","29","9","34"
"URL redirection from remote source","URL redirection based on unvalidated user input may cause redirection to malicious web sites.","error","Untrusted URL redirection depends on [[""a user-provided value""|""relative:///syntactic_permutations_29/code_row_37.py:5:18:5:23""]].","/syntactic_permutations_29/code_row_37.py","9","25","9","30"
"URL redirection from remote source","URL redirection based on unvalidated user input may cause redirection to malicious web sites.","error","Untrusted URL redirection depends on [[""a user-provided value""|""relative:///syntactic_permutations_29/code_row_38.py:6:15:6:20""]].","/syntactic_permutations_29/code_row_38.py","9","21","9","26"
"URL redirection from remote source","URL redirection based on unvalidated user input may cause redirection to malicious web sites.","error","Untrusted URL redirection depends on [[""a user-provided value""|""relative:///syntactic_permutations_29/code_row_39.py:6:16:6:21""]].","/syntactic_permutations_29/code_row_39.py","8","31","8","36"
"URL redirection from remote source","URL redirection based on unvalidated user input may cause redirection to malicious web sites.","error","Untrusted URL redirection depends on [[""a user-provided value""|""relative:///syntactic_permutations_32/code_row_4.py:6:26:6:28""]].","/syntactic_permutations_32/code_row_4.py","8","25","8","27"
"URL redirection from remote source","URL redirection based on unvalidated user input may cause redirection to malicious web sites.","error","Untrusted URL redirection depends on [[""a user-provided value""|""relative:///syntactic_permutations_72/code_row_4.py:8:8:8:14""]].
Untrusted URL redirection depends on [[""a user-provided value""|""relative:///syntactic_permutations_72/code_row_4.py:9:26:9:32""]].
Untrusted URL redirection depends on [[""a user-provided value""|""relative:///syntactic_permutations_72/code_row_4.py:11:29:11:35""]].","/syntactic_permutations_72/code_row_4.py","11","29","11","39"
"URL redirection from remote source","URL redirection based on unvalidated user input may cause redirection to malicious web sites.","error","Untrusted URL redirection depends on [[""a user-provided value""|""relative:///syntactic_permutations_72/code_row_4.py:8:8:8:14""]].
Untrusted URL redirection depends on [[""a user-provided value""|""relative:///syntactic_permutations_72/code_row_4.py:9:26:9:32""]].
Untrusted URL redirection depends on [[""a user-provided value""|""relative:///syntactic_permutations_72/code_row_4.py:12:16:12:22""]].
Untrusted URL redirection depends on [[""a user-provided value""|""relative:///syntactic_permutations_72/code_row_4.py:15:29:15:35""]].","/syntactic_permutations_72/code_row_4.py","15","29","15","39"
"URL redirection from remote source","URL redirection based on unvalidated user input may cause redirection to malicious web sites.","error","Untrusted URL redirection depends on [[""a user-provided value""|""relative:///syntactic_permutations_29/code_row_4.py:6:11:6:16""]].","/syntactic_permutations_29/code_row_4.py","10","25","10","30"
"URL redirection from remote source","URL redirection based on unvalidated user input may cause redirection to malicious web sites.","error","Untrusted URL redirection depends on [[""a user-provided value""|""relative:///syntactic_permutations_29/code_row_41.py:5:11:5:16""]].","/syntactic_permutations_29/code_row_41.py","7","25","7","30"
"URL redirection from remote source","URL redirection based on unvalidated user input may cause redirection to malicious web sites.","error","Untrusted URL redirection depends on [[""a user-provided value""|""relative:///syntactic_permutations_33/code_row_5.py:9:26:9:28""]].","/syntactic_permutations_33/code_row_5.py","11","25","11","27"
"URL redirection from remote source","URL redirection based on unvalidated user input may cause redirection to malicious web sites.","error","Untrusted URL redirection depends on [[""a user-provided value""|""relative:///syntactic_permutations_65/code_row_5.py:13:8:13:14""]].
Untrusted URL redirection depends on [[""a user-provided value""|""relative:///syntactic_permutations_65/code_row_5.py:15:26:15:32""]].
Untrusted URL redirection depends on [[""a user-provided value""|""relative:///syntactic_permutations_65/code_row_5.py:17:29:17:35""]].","/syntactic_permutations_65/code_row_5.py","17","29","17","39"
"URL redirection from remote source","URL redirection based on unvalidated user input may cause redirection to malicious web sites.","error","Untrusted URL redirection depends on [[""a user-provided value""|""relative:///syntactic_permutations_65/code_row_5.py:13:8:13:14""]].
Untrusted URL redirection depends on [[""a user-provided value""|""relative:///syntactic_permutations_65/code_row_5.py:15:26:15:32""]].
Untrusted URL redirection depends on [[""a user-provided value""|""relative:///syntactic_permutations_65/code_row_5.py:18:16:18:22""]].
Untrusted URL redirection depends on [[""a user-provided value""|""relative:///syntactic_permutations_65/code_row_5.py:23:29:23:35""]].","/syntactic_permutations_65/code_row_5.py","23","29","23","39"
"URL redirection from remote source","URL redirection based on unvalidated user input may cause redirection to malicious web sites.","error","Untrusted URL redirection depends on [[""a user-provided value""|""relative:///syntactic_permutations_32/code_row_5.py:14:16:14:18""]].","/syntactic_permutations_32/code_row_5.py","9","25","9","27"
"URL redirection from remote source","URL redirection based on unvalidated user input may cause redirection to malicious web sites.","error","Untrusted URL redirection depends on [[""a user-provided value""|""relative:///syntactic_permutations_66/code_row_5.py:17:8:17:14""]].
Untrusted URL redirection depends on [[""a user-provided value""|""relative:///syntactic_permutations_66/code_row_5.py:18:16:18:22""]].
Untrusted URL redirection depends on [[""a user-provided value""|""relative:///syntactic_permutations_66/code_row_5.py:28:29:28:35""]].","/syntactic_permutations_66/code_row_5.py","28","29","28","39"
"URL redirection from remote source","URL redirection based on unvalidated user input may cause redirection to malicious web sites.","error","Untrusted URL redirection depends on [[""a user-provided value""|""relative:///syntactic_permutations_33/code_row_6.py:5:29:5:35""]].
Untrusted URL redirection depends on [[""a user-provided value""|""relative:///syntactic_permutations_33/code_row_6.py:6:29:6:35""]].","/syntactic_permutations_33/code_row_6.py","6","29","6","47"
"URL redirection from remote source","URL redirection based on unvalidated user input may cause redirection to malicious web sites.","error","Untrusted URL redirection depends on [[""a user-provided value""|""relative:///syntactic_permutations_32/code_row_7.py:5:26:5:28""]].","/syntactic_permutations_32/code_row_7.py","8","21","8","23"
"URL redirection from remote source","URL redirection based on unvalidated user input may cause redirection to malicious web sites.","error","Untrusted URL redirection depends on [[""a user-provided value""|""relative:///syntactic_permutations_33/code_row_8.py:6:30:6:32""]].","/syntactic_permutations_33/code_row_8.py","9","29","9","31"
"URL redirection from remote source","URL redirection based on unvalidated user input may cause redirection to malicious web sites.","error","Untrusted URL redirection depends on [[""a user-provided value""|""relative:///syntactic_permutations_32/code_row_8.py:7:26:7:28""]].","/syntactic_permutations_32/code_row_8.py","9","25","9","27"
"URL redirection from remote source","URL redirection based on unvalidated user input may cause redirection to malicious web sites.","error","Untrusted URL redirection depends on [[""a user-provided value""|""relative:///syntactic_permutations_29/code_row_9.py:5:16:5:21""]].","/syntactic_permutations_29/code_row_9.py","7","21","7","26"
"URL redirection from remote source","URL redirection based on unvalidated user input may cause redirection to malicious web sites.","error","Untrusted URL redirection depends on [[""a user-provided value""|""relative:///syntactic_permutations_33/code_row_9.py:7:26:7:28""]].","/syntactic_permutations_33/code_row_9.py","9","25","9","27"
"URL redirection from remote source","URL redirection based on unvalidated user input may cause redirection to malicious web sites.","error","Untrusted URL redirection depends on [[""a user-provided value""|""relative:///syntactic_permutations_65/code_row_9.py:13:8:13:14""]].
Untrusted URL redirection depends on [[""a user-provided value""|""relative:///syntactic_permutations_65/code_row_9.py:15:26:15:32""]].
Untrusted URL redirection depends on [[""a user-provided value""|""relative:///syntactic_permutations_65/code_row_9.py:17:29:17:35""]].","/syntactic_permutations_65/code_row_9.py","17","29","17","39"
"URL redirection from remote source","URL redirection based on unvalidated user input may cause redirection to malicious web sites.","error","Untrusted URL redirection depends on [[""a user-provided value""|""relative:///syntactic_permutations_65/code_row_9.py:13:8:13:14""]].
Untrusted URL redirection depends on [[""a user-provided value""|""relative:///syntactic_permutations_65/code_row_9.py:15:26:15:32""]].
Untrusted URL redirection depends on [[""a user-provided value""|""relative:///syntactic_permutations_65/code_row_9.py:18:16:18:22""]].
Untrusted URL redirection depends on [[""a user-provided value""|""relative:///syntactic_permutations_65/code_row_9.py:23:29:23:35""]].","/syntactic_permutations_65/code_row_9.py","23","29","23","39"
"URL redirection from remote source","URL redirection based on unvalidated user input may cause redirection to malicious web sites.","error","Untrusted URL redirection depends on [[""a user-provided value""|""relative:///syntactic_permutations_70/code_row_9.py:16:8:16:14""]].
Untrusted URL redirection depends on [[""a user-provided value""|""relative:///syntactic_permutations_70/code_row_9.py:18:26:18:32""]].
Untrusted URL redirection depends on [[""a user-provided value""|""relative:///syntactic_permutations_70/code_row_9.py:20:29:20:35""]].","/syntactic_permutations_70/code_row_9.py","20","29","20","39"
"URL redirection from remote source","URL redirection based on unvalidated user input may cause redirection to malicious web sites.","error","Untrusted URL redirection depends on [[""a user-provided value""|""relative:///syntactic_permutations_70/code_row_9.py:16:8:16:14""]].
Untrusted URL redirection depends on [[""a user-provided value""|""relative:///syntactic_permutations_70/code_row_9.py:18:26:18:32""]].
Untrusted URL redirection depends on [[""a user-provided value""|""relative:///syntactic_permutations_70/code_row_9.py:21:16:21:22""]].
Untrusted URL redirection depends on [[""a user-provided value""|""relative:///syntactic_permutations_70/code_row_9.py:26:29:26:35""]].","/syntactic_permutations_70/code_row_9.py","26","29","26","39"
"URL redirection from remote source","URL redirection based on unvalidated user input may cause redirection to malicious web sites.","error","Untrusted URL redirection depends on [[""a user-provided value""|""relative:///syntactic_permutations_70/code_row_9.py:61:8:61:14""]].
Untrusted URL redirection depends on [[""a user-provided value""|""relative:///syntactic_permutations_70/code_row_9.py:63:26:63:32""]].
Untrusted URL redirection depends on [[""a user-provided value""|""relative:///syntactic_permutations_70/code_row_9.py:65:29:65:35""]].","/syntactic_permutations_70/code_row_9.py","65","29","65","39"
"URL redirection from remote source","URL redirection based on unvalidated user input may cause redirection to malicious web sites.","error","Untrusted URL redirection depends on [[""a user-provided value""|""relative:///syntactic_permutations_70/code_row_9.py:61:8:61:14""]].
Untrusted URL redirection depends on [[""a user-provided value""|""relative:///syntactic_permutations_70/code_row_9.py:63:26:63:32""]].
Untrusted URL redirection depends on [[""a user-provided value""|""relative:///syntactic_permutations_70/code_row_9.py:66:16:66:22""]].
Untrusted URL redirection depends on [[""a user-provided value""|""relative:///syntactic_permutations_70/code_row_9.py:71:29:71:35""]].","/syntactic_permutations_70/code_row_9.py","71","29","71","39"
"URL redirection from remote source","URL redirection based on unvalidated user input may cause redirection to malicious web sites.","error","Untrusted URL redirection depends on [[""a user-provided value""|""relative:///syntactic_permutations_32/code_row_9.py:7:30:7:32""]].","/syntactic_permutations_32/code_row_9.py","11","35","11","37"
"Partial server-side request forgery","Making a network request to a URL that is partially user-controlled allows for request forgery attacks.","error","Part of the URL of this request depends on [[""a user-provided value""|""relative:///syntactic_permutations_57/code_row_5.py:17:17:17:23""]].","/syntactic_permutations_57/code_row_5.py","43","9","43","86"
"Code injection","Interpreting unsanitized user input as code allows a malicious user to perform arbitrary code execution.","error","This code execution depends on [[""a user-provided value""|""relative:///syntactic_permutations_82/code_row_10.py:11:15:11:21""]].","/syntactic_permutations_82/code_row_10.py","13","25","13","31"
"Inefficient regular expression","A regular expression that requires exponential time to match certain inputs can be a performance bottleneck, and may be vulnerable to denial-of-service attacks.","error","This part of the regular expression may cause exponential backtracking on strings containing many repetitions of 'a'.","/syntactic_permutations_30/code_row_25.py","5","32","5","34"
"Information exposure through an exception","Leaking information about an exception, such as messages and stack traces, to an external user can expose implementation details that are useful to an attacker for developing a subsequent exploit.","error","[[""Stack trace information""|""relative:///syntactic_permutations_84/code_row_0.py:11:30:11:32""]] flows to this location and may be exposed to an external user.","/syntactic_permutations_84/code_row_0.py","12","16","12","56"
"Information exposure through an exception","Leaking information about an exception, such as messages and stack traces, to an external user can expose implementation details that are useful to an attacker for developing a subsequent exploit.","error","[[""Stack trace information""|""relative:///syntactic_permutations_84/code_row_10.py:16:30:16:30""]] flows to this location and may be exposed to an external user.","/syntactic_permutations_84/code_row_10.py","17","16","17","63"
"Information exposure through an exception","Leaking information about an exception, such as messages and stack traces, to an external user can expose implementation details that are useful to an attacker for developing a subsequent exploit.","error","[[""Stack trace information""|""relative:///syntactic_permutations_84/code_row_11.py:21:30:21:30""]] flows to this location and may be exposed to an external user.","/syntactic_permutations_84/code_row_11.py","23","16","23","49"
"Information exposure through an exception","Leaking information about an exception, such as messages and stack traces, to an external user can expose implementation details that are useful to an attacker for developing a subsequent exploit.","error","[[""Stack trace information""|""relative:///syntactic_permutations_84/code_row_12.py:12:29:12:29""]] flows to this location and may be exposed to an external user.","/syntactic_permutations_84/code_row_12.py","13","20","13","32"
"Information exposure through an exception","Leaking information about an exception, such as messages and stack traces, to an external user can expose implementation details that are useful to an attacker for developing a subsequent exploit.","error","[[""Stack trace information""|""relative:///syntactic_permutations_84/code_row_18.py:12:29:12:29""]] flows to this location and may be exposed to an external user.","/syntactic_permutations_84/code_row_18.py","13","28","13","44"
"Information exposure through an exception","Leaking information about an exception, such as messages and stack traces, to an external user can expose implementation details that are useful to an attacker for developing a subsequent exploit.","error","[[""Stack trace information""|""relative:///syntactic_permutations_84/code_row_22.py:23:25:23:25""]] flows to this location and may be exposed to an external user.","/syntactic_permutations_84/code_row_22.py","25","16","25","40"
"Information exposure through an exception","Leaking information about an exception, such as messages and stack traces, to an external user can expose implementation details that are useful to an attacker for developing a subsequent exploit.","error","[[""Stack trace information""|""relative:///syntactic_permutations_65/code_row_22.py:17:29:17:29""]] flows to this location and may be exposed to an external user.","/syntactic_permutations_65/code_row_22.py","18","20","18","41"
"Information exposure through an exception","Leaking information about an exception, such as messages and stack traces, to an external user can expose implementation details that are useful to an attacker for developing a subsequent exploit.","error","[[""Stack trace information""|""relative:///syntactic_permutations_84/code_row_28.py:23:26:23:26""]] flows to this location and may be exposed to an external user.","/syntactic_permutations_84/code_row_28.py","25","16","25","46"
"Information exposure through an exception","Leaking information about an exception, such as messages and stack traces, to an external user can expose implementation details that are useful to an attacker for developing a subsequent exploit.","error","[[""Stack trace information""|""relative:///syntactic_permutations_87/code_row_30.py:59:25:59:25""]] flows to this location and may be exposed to an external user.","/syntactic_permutations_87/code_row_30.py","63","24","63","40"
"Information exposure through an exception","Leaking information about an exception, such as messages and stack traces, to an external user can expose implementation details that are useful to an attacker for developing a subsequent exploit.","error","[[""Stack trace information""|""relative:///syntactic_permutations_84/code_row_31.py:14:34:14:34""]] flows to this location and may be exposed to an external user.","/syntactic_permutations_84/code_row_31.py","15","20","15","65"
"Information exposure through an exception","Leaking information about an exception, such as messages and stack traces, to an external user can expose implementation details that are useful to an attacker for developing a subsequent exploit.","error","[[""Stack trace information""|""relative:///syntactic_permutations_84/code_row_32.py:13:28:13:28""]] flows to this location and may be exposed to an external user.","/syntactic_permutations_84/code_row_32.py","14","20","14","36"
"Information exposure through an exception","Leaking information about an exception, such as messages and stack traces, to an external user can expose implementation details that are useful to an attacker for developing a subsequent exploit.","error","[[""Stack trace information""|""relative:///syntactic_permutations_84/code_row_35.py:12:25:12:25""]] flows to this location and may be exposed to an external user.","/syntactic_permutations_84/code_row_35.py","13","16","13","40"
"Information exposure through an exception","Leaking information about an exception, such as messages and stack traces, to an external user can expose implementation details that are useful to an attacker for developing a subsequent exploit.","error","[[""Stack trace information""|""relative:///syntactic_permutations_84/code_row_4.py:12:30:12:32""]] flows to this location and may be exposed to an external user.","/syntactic_permutations_84/code_row_4.py","13","16","13","28"
"Information exposure through an exception","Leaking information about an exception, such as messages and stack traces, to an external user can expose implementation details that are useful to an attacker for developing a subsequent exploit.","error","[[""Stack trace information""|""relative:///syntactic_permutations_113/code_row_4.py:25:45:25:45""]] flows to this location and may be exposed to an external user.","/syntactic_permutations_113/code_row_4.py","27","16","27","26"
"Information exposure through an exception","Leaking information about an exception, such as messages and stack traces, to an external user can expose implementation details that are useful to an attacker for developing a subsequent exploit.","error","[[""Stack trace information""|""relative:///syntactic_permutations_57/code_row_6.py:31:25:31:25""]] flows to this location and may be exposed to an external user.","/syntactic_permutations_57/code_row_6.py","32","16","32","53"
"Information exposure through an exception","Leaking information about an exception, such as messages and stack traces, to an external user can expose implementation details that are useful to an attacker for developing a subsequent exploit.","error","[[""Stack trace information""|""relative:///syntactic_permutations_84/code_row_7.py:13:25:13:25""]] flows to this location and may be exposed to an external user.","/syntactic_permutations_84/code_row_7.py","14","16","14","40"
"Polynomial regular expression used on uncontrolled data","A regular expression that can require polynomial time to match may be vulnerable to denial-of-service attacks.","warning","This [[""regular expression""|""relative:///syntactic_permutations_29/code_row_10.py:6:21:6:22""]] that depends on [[""a user-provided value""|""relative:///syntactic_permutations_29/code_row_10.py:5:11:5:14""]] may run slow on strings with many repetitions of 'a'.","/syntactic_permutations_29/code_row_10.py","6","36","6","39"
"Polynomial regular expression used on uncontrolled data","A regular expression that can require polynomial time to match may be vulnerable to denial-of-service attacks.","warning","This [[""regular expression""|""relative:///syntactic_permutations_29/code_row_13.py:8:25:8:26""]] that depends on [[""a user-provided value""|""relative:///syntactic_permutations_29/code_row_13.py:7:15:7:20""]] may run slow on strings with many repetitions of 'a'.","/syntactic_permutations_29/code_row_13.py","8","41","8","46"
"Polynomial regular expression used on uncontrolled data","A regular expression that can require polynomial time to match may be vulnerable to denial-of-service attacks.","warning","This [[""regular expression""|""relative:///syntactic_permutations_57/code_row_15.py:16:29:16:33""]] that depends on [[""a user-provided value""|""relative:///syntactic_permutations_57/code_row_15.py:11:17:11:23""]] may run slow on strings with many repetitions of '?'.","/syntactic_permutations_57/code_row_15.py","16","48","16","56"
"Polynomial regular expression used on uncontrolled data","A regular expression that can require polynomial time to match may be vulnerable to denial-of-service attacks.","warning","This [[""regular expression""|""relative:///syntactic_permutations_57/code_row_15.py:19:29:19:33""]] that depends on [[""a user-provided value""|""relative:///syntactic_permutations_57/code_row_15.py:11:17:11:23""]] may run slow on strings with many repetitions of '?'.
This [[""regular expression""|""relative:///syntactic_permutations_57/code_row_15.py:19:29:19:33""]] that depends on [[""a user-provided value""|""relative:///syntactic_permutations_57/code_row_15.py:12:17:12:23""]] may run slow on strings with many repetitions of '?'.","/syntactic_permutations_57/code_row_15.py","19","48","19","56"
"Polynomial regular expression used on uncontrolled data","A regular expression that can require polynomial time to match may be vulnerable to denial-of-service attacks.","warning","This [[""regular expression""|""relative:///syntactic_permutations_29/code_row_16.py:6:21:6:22""]] that depends on [[""a user-provided value""|""relative:///syntactic_permutations_29/code_row_16.py:5:24:5:29""]] may run slow on strings with many repetitions of 'a'.","/syntactic_permutations_29/code_row_16.py","6","35","6","40"
"Polynomial regular expression used on uncontrolled data","A regular expression that can require polynomial time to match may be vulnerable to denial-of-service attacks.","warning","This [[""regular expression""|""relative:///syntactic_permutations_30/code_row_16.py:4:17:4:30""]] that depends on [[""a user-provided value""|""relative:///syntactic_permutations_30/code_row_16.py:3:10:3:16""]] may run slow on strings with many repetitions of '-'.","/syntactic_permutations_30/code_row_16.py","4","34","4","39"
"Polynomial regular expression used on uncontrolled data","A regular expression that can require polynomial time to match may be vulnerable to denial-of-service attacks.","warning","This [[""regular expression""|""relative:///syntactic_permutations_29/code_row_17.py:8:21:8:22""]] that depends on [[""a user-provided value""|""relative:///syntactic_permutations_29/code_row_17.py:7:12:7:17""]] may run slow on strings with many repetitions of 'a'.","/syntactic_permutations_29/code_row_17.py","8","35","8","40"
"Polynomial regular expression used on uncontrolled data","A regular expression that can require polynomial time to match may be vulnerable to denial-of-service attacks.","warning","This [[""regular expression""|""relative:///syntactic_permutations_56/code_row_18.py:17:25:17:29""]] that depends on [[""a user-provided value""|""relative:///syntactic_permutations_56/code_row_18.py:11:13:11:19""]] may run slow on strings with many repetitions of '?'.","/syntactic_permutations_56/code_row_18.py","17","44","17","48"
"Polynomial regular expression used on uncontrolled data","A regular expression that can require polynomial time to match may be vulnerable to denial-of-service attacks.","warning","This [[""regular expression""|""relative:///syntactic_permutations_29/code_row_24.py:7:39:7:40""]] that depends on [[""a user-provided value""|""relative:///syntactic_permutations_29/code_row_24.py:6:14:6:20""]] may run slow on strings with many repetitions of 'a'.","/syntactic_permutations_29/code_row_24.py","7","56","7","61"
"Polynomial regular expression used on uncontrolled data","A regular expression that can require polynomial time to match may be vulnerable to denial-of-service attacks.","warning","This [[""regular expression""|""relative:///syntactic_permutations_29/code_row_25.py:8:21:8:22""]] that depends on [[""a user-provided value""|""relative:///syntactic_permutations_29/code_row_25.py:7:17:7:22""]] may run slow on strings with many repetitions of 'a'.","/syntactic_permutations_29/code_row_25.py","8","34","8","39"
"Polynomial regular expression used on uncontrolled data","A regular expression that can require polynomial time to match may be vulnerable to denial-of-service attacks.","warning","This [[""regular expression""|""relative:///syntactic_permutations_29/code_row_28.py:7:56:7:57""]] that depends on [[""a user-provided value""|""relative:///syntactic_permutations_29/code_row_28.py:5:11:5:16""]] may run slow on strings starting with 'http://example.com/' and with many repetitions of 'example.com/.'.","/syntactic_permutations_29/code_row_28.py","7","62","7","67"
"Polynomial regular expression used on uncontrolled data","A regular expression that can require polynomial time to match may be vulnerable to denial-of-service attacks.","warning","This [[""regular expression""|""relative:///syntactic_permutations_40/code_row_31.py:12:25:12:29""]] that depends on [[""a user-provided value""|""relative:///syntactic_permutations_40/code_row_31.py:8:13:8:19""]] may run slow on strings with many repetitions of '?'.","/syntactic_permutations_40/code_row_31.py","12","44","12","48"
"Polynomial regular expression used on uncontrolled data","A regular expression that can require polynomial time to match may be vulnerable to denial-of-service attacks.","warning","This [[""regular expression""|""relative:///syntactic_permutations_29/code_row_34.py:11:25:11:26""]] that depends on [[""a user-provided value""|""relative:///syntactic_permutations_29/code_row_34.py:10:15:10:20""]] may run slow on strings with many repetitions of 'a'.","/syntactic_permutations_29/code_row_34.py","11","39","11","44"
"Polynomial regular expression used on uncontrolled data","A regular expression that can require polynomial time to match may be vulnerable to denial-of-service attacks.","warning","This [[""regular expression""|""relative:///syntactic_permutations_29/code_row_37.py:6:25:6:26""]] that depends on [[""a user-provided value""|""relative:///syntactic_permutations_29/code_row_37.py:5:18:5:23""]] may run slow on strings with many repetitions of 'a'.","/syntactic_permutations_29/code_row_37.py","6","40","6","45"
"Polynomial regular expression used on uncontrolled data","A regular expression that can require polynomial time to match may be vulnerable to denial-of-service attacks.","warning","This [[""regular expression""|""relative:///syntactic_permutations_29/code_row_39.py:4:28:4:29""]] that depends on [[""a user-provided value""|""relative:///syntactic_permutations_29/code_row_39.py:6:16:6:21""]] may run slow on strings with many repetitions of 'a'.","/syntactic_permutations_29/code_row_39.py","7","27","7","32"
"Polynomial regular expression used on uncontrolled data","A regular expression that can require polynomial time to match may be vulnerable to denial-of-service attacks.","warning","This [[""regular expression""|""relative:///syntactic_permutations_29/code_row_4.py:7:25:7:26""]] that depends on [[""a user-provided value""|""relative:///syntactic_permutations_29/code_row_4.py:6:11:6:16""]] may run slow on strings with many repetitions of 'a'.","/syntactic_permutations_29/code_row_4.py","7","39","7","44"
"Polynomial regular expression used on uncontrolled data","A regular expression that can require polynomial time to match may be vulnerable to denial-of-service attacks.","warning","This [[""regular expression""|""relative:///syntactic_permutations_29/code_row_41.py:6:21:6:22""]] that depends on [[""a user-provided value""|""relative:///syntactic_permutations_29/code_row_41.py:5:11:5:16""]] may run slow on strings with many repetitions of 'a'.","/syntactic_permutations_29/code_row_41.py","6","27","6","32"
"Polynomial regular expression used on uncontrolled data","A regular expression that can require polynomial time to match may be vulnerable to denial-of-service attacks.","warning","This [[""regular expression""|""relative:///syntactic_permutations_57/code_row_48.py:36:27:36:31""]] that depends on [[""a user-provided value""|""relative:///syntactic_permutations_57/code_row_48.py:29:6:29:12""]] may run slow on strings with many repetitions of '?'.
This [[""regular expression""|""relative:///syntactic_permutations_57/code_row_48.py:36:27:36:31""]] that depends on [[""a user-provided value""|""relative:///syntactic_permutations_57/code_row_48.py:30:17:30:23""]] may run slow on strings with many repetitions of '?'.
This [[""regular expression""|""relative:///syntactic_permutations_57/code_row_48.py:36:27:36:31""]] that depends on [[""a user-provided value""|""relative:///syntactic_permutations_57/code_row_48.py:31:17:31:23""]] may run slow on strings with many repetitions of '?'.","/syntactic_permutations_57/code_row_48.py","36","46","36","54"
"Polynomial regular expression used on uncontrolled data","A regular expression that can require polynomial time to match may be vulnerable to denial-of-service attacks.","warning","This [[""regular expression""|""relative:///syntactic_permutations_41/code_row_6.py:29:25:29:29""]] that depends on [[""a user-provided value""|""relative:///syntactic_permutations_41/code_row_6.py:29:44:29:50""]] may run slow on strings with many repetitions of '?'.","/syntactic_permutations_41/code_row_6.py","29","44","29","64"
"Polynomial regular expression used on uncontrolled data","A regular expression that can require polynomial time to match may be vulnerable to denial-of-service attacks.","warning","This [[""regular expression""|""relative:///syntactic_permutations_29/code_row_9.py:6:19:6:20""]] that depends on [[""a user-provided value""|""relative:///syntactic_permutations_29/code_row_9.py:5:16:5:21""]] may run slow on strings with many repetitions of 'a'.","/syntactic_permutations_29/code_row_9.py","6","33","6","38"
"Clear-text logging of sensitive information","Logging sensitive information without encryption or hashing can expose it to an attacker.","error","[[""Sensitive data (secret)""|""relative:///syntactic_permutations_106/code_row_0.py:2:15:2:52""]] is logged here.","/syntactic_permutations_106/code_row_0.py","6","7","6","35"
"Clear-text logging of sensitive information","Logging sensitive information without encryption or hashing can expose it to an attacker.","error","[[""Sensitive data (password)""|""relative:///syntactic_permutations_92/code_row_11.py:5:16:5:40""]] is logged here.","/syntactic_permutations_92/code_row_11.py","7","11","7","56"
"Clear-text logging of sensitive information","Logging sensitive information without encryption or hashing can expose it to an attacker.","error","[[""Sensitive data (password)""|""relative:///syntactic_permutations_94/code_row_14.py:5:20:5:38""]] is logged here.
[[""Sensitive data (password)""|""relative:///syntactic_permutations_94/code_row_14.py:11:28:11:35""]] is logged here.","/syntactic_permutations_94/code_row_14.py","8","24","8","27"
"Clear-text logging of sensitive information","Logging sensitive information without encryption or hashing can expose it to an attacker.","error","[[""Sensitive data (secret)""|""relative:///syntactic_permutations_106/code_row_22.py:3:15:3:51""]] is logged here.","/syntactic_permutations_106/code_row_22.py","10","7","10","17"
"Clear-text logging of sensitive information","Logging sensitive information without encryption or hashing can expose it to an attacker.","error","[[""Sensitive data (secret)""|""relative:///syntactic_permutations_106/code_row_23.py:1:15:1:26""]] is logged here.","/syntactic_permutations_106/code_row_23.py","5","7","5","17"
"Clear-text logging of sensitive information","Logging sensitive information without encryption or hashing can expose it to an attacker.","error","[[""Sensitive data (password)""|""relative:///syntactic_permutations_54/code_row_39.py:11:16:11:39""]] is logged here.","/syntactic_permutations_54/code_row_39.py","29","15","29","74"
"Use of a broken or weak cryptographic hashing algorithm on sensitive data","Using broken or weak cryptographic hashing algorithms can compromise security.","warning","[[""Sensitive data (password)""|""relative:///syntactic_permutations_56/code_row_0.py:3:18:3:25""]] is used in a hashing algorithm (SHA256) that is insecure for password hashing, since it is not a computationally expensive hash function.
[[""Sensitive data (password)""|""relative:///syntactic_permutations_56/code_row_0.py:10:40:10:47""]] is used in a hashing algorithm (SHA256) that is insecure for password hashing, since it is not a computationally expensive hash function.","/syntactic_permutations_56/code_row_0.py","6","54","6","61"
"Use of a broken or weak cryptographic hashing algorithm on sensitive data","Using broken or weak cryptographic hashing algorithms can compromise security.","warning","[[""Sensitive data (password)""|""relative:///syntactic_permutations_56/code_row_0.py:10:40:10:47""]] is used in a hashing algorithm (SHA256) that is insecure for password hashing, since it is not a computationally expensive hash function.","/syntactic_permutations_56/code_row_0.py","17","58","17","65"
"Use of a broken or weak cryptographic hashing algorithm on sensitive data","Using broken or weak cryptographic hashing algorithms can compromise security.","warning","[[""Sensitive data (password)""|""relative:///syntactic_permutations_38/code_row_0.py:12:28:12:35""]] is used in a hashing algorithm (SHA256) that is insecure for password hashing, since it is not a computationally expensive hash function.","/syntactic_permutations_38/code_row_0.py","13","42","13","49"
"Use of a broken or weak cryptographic hashing algorithm on sensitive data","Using broken or weak cryptographic hashing algorithms can compromise security.","warning","[[""Sensitive data (password)""|""relative:///syntactic_permutations_38/code_row_0.py:17:25:17:32""]] is used in a hashing algorithm (SHA256) that is insecure for password hashing, since it is not a computationally expensive hash function.","/syntactic_permutations_38/code_row_0.py","18","42","18","49"
"Use of a broken or weak cryptographic hashing algorithm on sensitive data","Using broken or weak cryptographic hashing algorithms can compromise security.","warning","[[""Sensitive data (password)""|""relative:///syntactic_permutations_94/code_row_0.py:7:26:7:33""]] is used in a hashing algorithm (SHA256) that is insecure for password hashing, since it is not a computationally expensive hash function.","/syntactic_permutations_94/code_row_0.py","9","34","9","59"
"Use of a broken or weak cryptographic hashing algorithm on sensitive data","Using broken or weak cryptographic hashing algorithms can compromise security.","warning","[[""Sensitive data (password)""|""relative:///syntactic_permutations_98/code_row_0.py:7:24:7:31""]] is used in a hashing algorithm (SHA256) that is insecure for password hashing, since it is not a computationally expensive hash function.","/syntactic_permutations_98/code_row_0.py","13","22","13","29"
"Use of a broken or weak cryptographic hashing algorithm on sensitive data","Using broken or weak cryptographic hashing algorithms can compromise security.","warning","[[""Sensitive data (password)""|""relative:///syntactic_permutations_92/code_row_0.py:15:23:15:35""]] is used in a hashing algorithm (SHA256) that is insecure for password hashing, since it is not a computationally expensive hash function.","/syntactic_permutations_92/code_row_0.py","15","23","15","35"
"Use of a broken or weak cryptographic hashing algorithm on sensitive data","Using broken or weak cryptographic hashing algorithms can compromise security.","warning","[[""Sensitive data (password)""|""relative:///syntactic_permutations_97/code_row_1.py:16:38:16:45""]] is used in a hashing algorithm (SHA256) that is insecure for password hashing, since it is not a computationally expensive hash function.","/syntactic_permutations_97/code_row_1.py","18","49","18","56"
"Use of a broken or weak cryptographic hashing algorithm on sensitive data","Using broken or weak cryptographic hashing algorithms can compromise security.","warning","[[""Sensitive data (password)""|""relative:///syntactic_permutations_97/code_row_1.py:23:34:23:41""]] is used in a hashing algorithm (SHA256) that is insecure for password hashing, since it is not a computationally expensive hash function.","/syntactic_permutations_97/code_row_1.py","24","57","24","64"
"Use of a broken or weak cryptographic hashing algorithm on sensitive data","Using broken or weak cryptographic hashing algorithms can compromise security.","warning","[[""Sensitive data (password)""|""relative:///syntactic_permutations_37/code_row_1.py:12:16:12:39""]] is used in a hashing algorithm (SHA256) that is insecure for password hashing, since it is not a computationally expensive hash function.","/syntactic_permutations_37/code_row_1.py","22","31","22","47"
"Use of a broken or weak cryptographic hashing algorithm on sensitive data","Using broken or weak cryptographic hashing algorithms can compromise security.","warning","[[""Sensitive data (password)""|""relative:///syntactic_permutations_94/code_row_10.py:9:30:9:37""]] is used in a hashing algorithm (SHA256) that is insecure for password hashing, since it is not a computationally expensive hash function.
[[""Sensitive data (password)""|""relative:///syntactic_permutations_94/code_row_10.py:39:14:39:34""]] is used in a hashing algorithm (SHA256) that is insecure for password hashing, since it is not a computationally expensive hash function.","/syntactic_permutations_94/code_row_10.py","21","36","21","43"
"Use of a broken or weak cryptographic hashing algorithm on sensitive data","Using broken or weak cryptographic hashing algorithms can compromise security.","warning","[[""Sensitive data (password)""|""relative:///syntactic_permutations_58/code_row_10.py:5:37:5:49""]] is used in a hashing algorithm (SHA256) that is insecure for password hashing, since it is not a computationally expensive hash function.","/syntactic_permutations_58/code_row_10.py","9","46","9","67"
"Use of a broken or weak cryptographic hashing algorithm on sensitive data","Using broken or weak cryptographic hashing algorithms can compromise security.","warning","[[""Sensitive data (password)""|""relative:///syntactic_permutations_97/code_row_10.py:7:24:7:31""]] is used in a hashing algorithm (SHA256) that is insecure for password hashing, since it is not a computationally expensive hash function.","/syntactic_permutations_97/code_row_10.py","17","36","17","43"
"Use of a broken or weak cryptographic hashing algorithm on sensitive data","Using broken or weak cryptographic hashing algorithms can compromise security.","warning","[[""Sensitive data (password)""|""relative:///syntactic_permutations_92/code_row_10.py:5:20:5:27""]] is used in a hashing algorithm (SHA256) that is insecure for password hashing, since it is not a computationally expensive hash function.","/syntactic_permutations_92/code_row_10.py","7","38","7","70"
"Use of a broken or weak cryptographic hashing algorithm on sensitive data","Using broken or weak cryptographic hashing algorithms can compromise security.","warning","[[""Sensitive data (password)""|""relative:///syntactic_permutations_93/code_row_10.py:5:24:5:31""]] is used in a hashing algorithm (SHA256) that is insecure for password hashing, since it is not a computationally expensive hash function.","/syntactic_permutations_93/code_row_10.py","7","38","7","45"
"Use of a broken or weak cryptographic hashing algorithm on sensitive data","Using broken or weak cryptographic hashing algorithms can compromise security.","warning","[[""Sensitive data (password)""|""relative:///syntactic_permutations_97/code_row_11.py:13:12:13:19""]] is used in a hashing algorithm (SHA256) that is insecure for password hashing, since it is not a computationally expensive hash function.
[[""Sensitive data (password)""|""relative:///syntactic_permutations_97/code_row_11.py:28:25:28:48""]] is used in a hashing algorithm (SHA256) that is insecure for password hashing, since it is not a computationally expensive hash function.","/syntactic_permutations_97/code_row_11.py","14","25","14","41"
"Use of a broken or weak cryptographic hashing algorithm on sensitive data","Using broken or weak cryptographic hashing algorithms can compromise security.","warning","[[""Sensitive data (password)""|""relative:///syntactic_permutations_94/code_row_11.py:5:12:5:36""]] is used in a hashing algorithm (SHA256) that is insecure for password hashing, since it is not a computationally expensive hash function.","/syntactic_permutations_94/code_row_11.py","7","34","7","41"
"Use of a broken or weak cryptographic hashing algorithm on sensitive data","Using broken or weak cryptographic hashing algorithms can compromise security.","warning","[[""Sensitive data (password)""|""relative:///syntactic_permutations_93/code_row_11.py:4:12:4:38""]] is used in a hashing algorithm (SHA256) that is insecure for password hashing, since it is not a computationally expensive hash function.","/syntactic_permutations_93/code_row_11.py","6","30","6","37"
"Use of a broken or weak cryptographic hashing algorithm on sensitive data","Using broken or weak cryptographic hashing algorithms can compromise security.","warning","[[""Sensitive data (password)""|""relative:///syntactic_permutations_99/code_row_11.py:40:20:40:43""]] is used in a hashing algorithm (SHA256) that is insecure for password hashing, since it is not a computationally expensive hash function.","/syntactic_permutations_99/code_row_11.py","42","81","42","88"
"Use of a broken or weak cryptographic hashing algorithm on sensitive data","Using broken or weak cryptographic hashing algorithms can compromise security.","warning","[[""Sensitive data (password)""|""relative:///syntactic_permutations_98/code_row_11.py:22:17:22:40""]] is used in a hashing algorithm (SHA256) that is insecure for password hashing, since it is not a computationally expensive hash function.","/syntactic_permutations_98/code_row_11.py","25","39","25","47"
"Use of a broken or weak cryptographic hashing algorithm on sensitive data","Using broken or weak cryptographic hashing algorithms can compromise security.","warning","[[""Sensitive data (password)""|""relative:///syntactic_permutations_98/code_row_12.py:5:24:5:31""]] is used in a hashing algorithm (SHA256) that is insecure for password hashing, since it is not a computationally expensive hash function.","/syntactic_permutations_98/code_row_12.py","9","38","9","54"
"Use of a broken or weak cryptographic hashing algorithm on sensitive data","Using broken or weak cryptographic hashing algorithms can compromise security.","warning","[[""Sensitive data (password)""|""relative:///syntactic_permutations_93/code_row_12.py:4:26:4:33""]] is used in a hashing algorithm (SHA256) that is insecure for password hashing, since it is not a computationally expensive hash function.
[[""Sensitive data (password)""|""relative:///syntactic_permutations_93/code_row_12.py:16:14:16:45""]] is used in a hashing algorithm (SHA256) that is insecure for password hashing, since it is not a computationally expensive hash function.","/syntactic_permutations_93/code_row_12.py","6","36","6","43"
"Use of a broken or weak cryptographic hashing algorithm on sensitive data","Using broken or weak cryptographic hashing algorithms can compromise security.","warning","[[""Sensitive data (password)""|""relative:///syntactic_permutations_91/code_row_12.py:4:23:4:30""]] is used in a hashing algorithm (SHA256) that is insecure for password hashing, since it is not a computationally expensive hash function.
[[""Sensitive data (password)""|""relative:///syntactic_permutations_91/code_row_12.py:7:29:7:36""]] is used in a hashing algorithm (SHA256) that is insecure for password hashing, since it is not a computationally expensive hash function.","/syntactic_permutations_91/code_row_12.py","5","27","5","43"
"Use of a broken or weak cryptographic hashing algorithm on sensitive data","Using broken or weak cryptographic hashing algorithms can compromise security.","warning","[[""Sensitive data (password)""|""relative:///syntactic_permutations_136/code_row_12.py:1:24:1:31""]] is used in a hashing algorithm (SHA256) that is insecure for password hashing, since it is not a computationally expensive hash function.","/syntactic_permutations_136/code_row_12.py","9","34","9","41"
"Use of a broken or weak cryptographic hashing algorithm on sensitive data","Using broken or weak cryptographic hashing algorithms can compromise security.","warning","[[""Sensitive data (password)""|""relative:///syntactic_permutations_36/code_row_12.py:9:21:9:28""]] is used in a hashing algorithm (SHA256) that is insecure for password hashing, since it is not a computationally expensive hash function.
[[""Sensitive data (password)""|""relative:///syntactic_permutations_36/code_row_12.py:39:16:39:29""]] is used in a hashing algorithm (SHA256) that is insecure for password hashing, since it is not a computationally expensive hash function.","/syntactic_permutations_36/code_row_12.py","17","38","17","45"
"Use of a broken or weak cryptographic hashing algorithm on sensitive data","Using broken or weak cryptographic hashing algorithms can compromise security.","warning","[[""Sensitive data (password)""|""relative:///syntactic_permutations_58/code_row_12.py:9:20:9:49""]] is used in a hashing algorithm (SHA3512) that is insecure for password hashing, since it is not a computationally expensive hash function.","/syntactic_permutations_58/code_row_12.py","10","103","10","119"
"Use of a broken or weak cryptographic hashing algorithm on sensitive data","Using broken or weak cryptographic hashing algorithms can compromise security.","warning","[[""Sensitive data (password)""|""relative:///syntactic_permutations_58/code_row_12.py:9:20:9:49""]] is used in a hashing algorithm (SHA3512) that is insecure for password hashing, since it is not a computationally expensive hash function.","/syntactic_permutations_58/code_row_12.py","23","55","23","75"
"Use of a broken or weak cryptographic hashing algorithm on sensitive data","Using broken or weak cryptographic hashing algorithms can compromise security.","warning","[[""Sensitive data (password)""|""relative:///syntactic_permutations_58/code_row_12.py:16:29:16:40""]] is used in a hashing algorithm (SHA3512) that is insecure for password hashing, since it is not a computationally expensive hash function.","/syntactic_permutations_58/code_row_12.py","23","110","23","130"
"Use of a broken or weak cryptographic hashing algorithm on sensitive data","Using broken or weak cryptographic hashing algorithms can compromise security.","warning","[[""Sensitive data (password)""|""relative:///syntactic_permutations_97/code_row_12.py:13:20:13:43""]] is used in a hashing algorithm (SHA256) that is insecure for password hashing, since it is not a computationally expensive hash function.","/syntactic_permutations_97/code_row_12.py","29","46","29","62"
"Use of a broken or weak cryptographic hashing algorithm on sensitive data","Using broken or weak cryptographic hashing algorithms can compromise security.","warning","[[""Sensitive data (password)""|""relative:///syntactic_permutations_57/code_row_13.py:28:24:28:55""]] is used in a hashing algorithm (MD5) that is insecure for password hashing, since it is not a computationally expensive hash function.","/syntactic_permutations_57/code_row_13.py","31","70","31","94"
"Use of a broken or weak cryptographic hashing algorithm on sensitive data","Using broken or weak cryptographic hashing algorithms can compromise security.","warning","[[""Sensitive data (password)""|""relative:///syntactic_permutations_58/code_row_13.py:24:20:24:43""]] is used in a hashing algorithm (SHA256) that is insecure for password hashing, since it is not a computationally expensive hash function.","/syntactic_permutations_58/code_row_13.py","26","51","26","67"
"Use of a broken or weak cryptographic hashing algorithm on sensitive data","Using broken or weak cryptographic hashing algorithms can compromise security.","warning","[[""Sensitive data (password)""|""relative:///syntactic_permutations_58/code_row_13.py:46:20:46:43""]] is used in a hashing algorithm (SHA256) that is insecure for password hashing, since it is not a computationally expensive hash function.","/syntactic_permutations_58/code_row_13.py","49","51","49","67"
"Use of a broken or weak cryptographic hashing algorithm on sensitive data","Using broken or weak cryptographic hashing algorithms can compromise security.","warning","[[""Sensitive data (password)""|""relative:///syntactic_permutations_96/code_row_13.py:10:24:10:31""]] is used in a hashing algorithm (SHA256) that is insecure for password hashing, since it is not a computationally expensive hash function.","/syntactic_permutations_96/code_row_13.py","12","38","12","52"
"Use of a broken or weak cryptographic hashing algorithm on sensitive data","Using broken or weak cryptographic hashing algorithms can compromise security.","warning","[[""Sensitive data (password)""|""relative:///syntactic_permutations_98/code_row_13.py:27:16:27:39""]] is used in a hashing algorithm (SHA256) that is insecure for password hashing, since it is not a computationally expensive hash function.","/syntactic_permutations_98/code_row_13.py","35","59","35","66"
"Use of a broken or weak cryptographic hashing algorithm on sensitive data","Using broken or weak cryptographic hashing algorithms can compromise security.","warning","[[""Sensitive data (password)""|""relative:///syntactic_permutations_34/code_row_14.py:14:20:14:43""]] is used in a hashing algorithm (SHA256) that is insecure for password hashing, since it is not a computationally expensive hash function.","/syntactic_permutations_34/code_row_14.py","17","53","17","60"
"Use of a broken or weak cryptographic hashing algorithm on sensitive data","Using broken or weak cryptographic hashing algorithms can compromise security.","warning","[[""Sensitive data (password)""|""relative:///syntactic_permutations_97/code_row_14.py:7:16:7:39""]] is used in a hashing algorithm (MD5) that is insecure for password hashing, since it is not a computationally expensive hash function.","/syntactic_permutations_97/code_row_14.py","13","35","13","58"
"Use of a broken or weak cryptographic hashing algorithm on sensitive data","Using broken or weak cryptographic hashing algorithms can compromise security.","warning","[[""Sensitive data (password)""|""relative:///syntactic_permutations_96/code_row_14.py:11:16:11:39""]] is used in a hashing algorithm (SHA256) that is insecure for password hashing, since it is not a computationally expensive hash function.","/syntactic_permutations_96/code_row_14.py","13","34","13","48"
"Use of a broken or weak cryptographic hashing algorithm on sensitive data","Using broken or weak cryptographic hashing algorithms can compromise security.","warning","[[""Sensitive data (password)""|""relative:///syntactic_permutations_99/code_row_14.py:2:31:2:38""]] is used in a hashing algorithm (SHA256) that is insecure for password hashing, since it is not a computationally expensive hash function.","/syntactic_permutations_99/code_row_14.py","3","40","3","47"
"Use of a broken or weak cryptographic hashing algorithm on sensitive data","Using broken or weak cryptographic hashing algorithms can compromise security.","warning","[[""Sensitive data (password)""|""relative:///syntactic_permutations_94/code_row_14.py:5:20:5:38""]] is used in a hashing algorithm (SHA256) that is insecure for password hashing, since it is not a computationally expensive hash function.
[[""Sensitive data (password)""|""relative:///syntactic_permutations_94/code_row_14.py:11:28:11:35""]] is used in a hashing algorithm (SHA256) that is insecure for password hashing, since it is not a computationally expensive hash function.
[[""Sensitive data (password)""|""relative:///syntactic_permutations_94/code_row_14.py:14:23:14:30""]] is used in a hashing algorithm (SHA256) that is insecure for password hashing, since it is not a computationally expensive hash function.","/syntactic_permutations_94/code_row_14.py","15","31","15","63"
"Use of a broken or weak cryptographic hashing algorithm on sensitive data","Using broken or weak cryptographic hashing algorithms can compromise security.","warning","[[""Sensitive data (password)""|""relative:///syntactic_permutations_58/code_row_15.py:3:40:3:47""]] is used in a hashing algorithm (SHA256) that is insecure for password hashing, since it is not a computationally expensive hash function.","/syntactic_permutations_58/code_row_15.py","5","38","5","45"
"Use of a broken or weak cryptographic hashing algorithm on sensitive data","Using broken or weak cryptographic hashing algorithms can compromise security.","warning","[[""Sensitive data (password)""|""relative:///syntactic_permutations_37/code_row_15.py:12:20:12:43""]] is used in a hashing algorithm (MD5) that is insecure for password hashing, since it is not a computationally expensive hash function.","/syntactic_permutations_37/code_row_15.py","19","37","19","60"
"Use of a broken or weak cryptographic hashing algorithm on sensitive data","Using broken or weak cryptographic hashing algorithms can compromise security.","warning","[[""Sensitive data (password)""|""relative:///syntactic_permutations_97/code_row_15.py:5:12:5:36""]] is used in a hashing algorithm (SHA512) that is insecure for password hashing, since it is not a computationally expensive hash function.","/syntactic_permutations_97/code_row_15.py","6","27","6","43"
"Use of a broken or weak cryptographic hashing algorithm on sensitive data","Using broken or weak cryptographic hashing algorithms can compromise security.","warning","[[""Sensitive data (password)""|""relative:///syntactic_permutations_98/code_row_15.py:4:24:4:31""]] is used in a hashing algorithm (SHA256) that is insecure for password hashing, since it is not a computationally expensive hash function.","/syntactic_permutations_98/code_row_15.py","7","26","7","33"
"Use of a broken or weak cryptographic hashing algorithm on sensitive data","Using broken or weak cryptographic hashing algorithms can compromise security.","warning","[[""Sensitive data (password)""|""relative:///syntactic_permutations_58/code_row_16.py:39:42:39:53""]] is used in a hashing algorithm (SHA256) that is insecure for password hashing, since it is not a computationally expensive hash function.","/syntactic_permutations_58/code_row_16.py","45","47","45","58"
"Use of a broken or weak cryptographic hashing algorithm on sensitive data","Using broken or weak cryptographic hashing algorithms can compromise security.","warning","[[""Sensitive data (password)""|""relative:///syntactic_permutations_58/code_row_16.py:51:36:51:43""]] is used in a hashing algorithm (SHA256) that is insecure for password hashing, since it is not a computationally expensive hash function.","/syntactic_permutations_58/code_row_16.py","57","23","57","30"
"Use of a broken or weak cryptographic hashing algorithm on sensitive data","Using broken or weak cryptographic hashing algorithms can compromise security.","warning","[[""Sensitive data (password)""|""relative:///syntactic_permutations_96/code_row_16.py:8:23:8:30""]] is used in a hashing algorithm (SHA512) that is insecure for password hashing, since it is not a computationally expensive hash function.
[[""Sensitive data (password)""|""relative:///syntactic_permutations_96/code_row_16.py:15:12:15:36""]] is used in a hashing algorithm (SHA512) that is insecure for password hashing, since it is not a computationally expensive hash function.","/syntactic_permutations_96/code_row_16.py","10","20","10","43"
"Use of a broken or weak cryptographic hashing algorithm on sensitive data","Using broken or weak cryptographic hashing algorithms can compromise security.","warning","[[""Sensitive data (password)""|""relative:///syntactic_permutations_98/code_row_16.py:3:12:3:37""]] is used in a hashing algorithm (SHA256) that is insecure for password hashing, since it is not a computationally expensive hash function.","/syntactic_permutations_98/code_row_16.py","4","30","4","46"
"Use of a broken or weak cryptographic hashing algorithm on sensitive data","Using broken or weak cryptographic hashing algorithms can compromise security.","warning","[[""Sensitive data (password)""|""relative:///syntactic_permutations_95/code_row_16.py:7:30:7:37""]] is used in a hashing algorithm (SHA256) that is insecure for password hashing, since it is not a computationally expensive hash function.","/syntactic_permutations_95/code_row_16.py","10","45","10","76"
"Use of a broken or weak cryptographic hashing algorithm on sensitive data","Using broken or weak cryptographic hashing algorithms can compromise security.","warning","[[""Sensitive data (password)""|""relative:///syntactic_permutations_95/code_row_16.py:12:28:12:35""]] is used in a hashing algorithm (SHA256) that is insecure for password hashing, since it is not a computationally expensive hash function.
[[""Sensitive data (password)""|""relative:///syntactic_permutations_95/code_row_16.py:12:38:12:52""]] is used in a hashing algorithm (SHA256) that is insecure for password hashing, since it is not a computationally expensive hash function.","/syntactic_permutations_95/code_row_16.py","14","49","14","94"
"Use of a broken or weak cryptographic hashing algorithm on sensitive data","Using broken or weak cryptographic hashing algorithms can compromise security.","warning","[[""Sensitive data (password)""|""relative:///syntactic_permutations_91/code_row_16.py:45:16:45:39""]] is used in a hashing algorithm (SHA256) that is insecure for password hashing, since it is not a computationally expensive hash function.","/syntactic_permutations_91/code_row_16.py","55","38","55","54"
"Use of a broken or weak cryptographic hashing algorithm on sensitive data","Using broken or weak cryptographic hashing algorithms can compromise security.","warning","[[""Sensitive data (password)""|""relative:///syntactic_permutations_58/code_row_17.py:4:54:4:61""]] is used in a hashing algorithm (SHA256) that is insecure for password hashing, since it is not a computationally expensive hash function.","/syntactic_permutations_58/code_row_17.py","8","41","8","57"
"Use of a broken or weak cryptographic hashing algorithm on sensitive data","Using broken or weak cryptographic hashing algorithms can compromise security.","warning","[[""Sensitive data (password)""|""relative:///syntactic_permutations_58/code_row_17.py:10:39:10:46""]] is used in a hashing algorithm (SHA256) that is insecure for password hashing, since it is not a computationally expensive hash function.","/syntactic_permutations_58/code_row_17.py","11","27","11","43"
"Use of a broken or weak cryptographic hashing algorithm on sensitive data","Using broken or weak cryptographic hashing algorithms can compromise security.","warning","[[""Sensitive data (password)""|""relative:///syntactic_permutations_98/code_row_17.py:21:14:21:41""]] is used in a hashing algorithm (SHA256) that is insecure for password hashing, since it is not a computationally expensive hash function.","/syntactic_permutations_98/code_row_17.py","31","36","31","43"
"Use of a broken or weak cryptographic hashing algorithm on sensitive data","Using broken or weak cryptographic hashing algorithms can compromise security.","warning","[[""Sensitive data (password)""|""relative:///syntactic_permutations_91/code_row_18.py:9:16:9:45""]] is used in a hashing algorithm (SHA256) that is insecure for password hashing, since it is not a computationally expensive hash function.","/syntactic_permutations_91/code_row_18.py","12","38","12","45"
"Use of a broken or weak cryptographic hashing algorithm on sensitive data","Using broken or weak cryptographic hashing algorithms can compromise security.","warning","[[""Sensitive data (password)""|""relative:///syntactic_permutations_97/code_row_18.py:15:20:15:43""]] is used in a hashing algorithm (SHA256) that is insecure for password hashing, since it is not a computationally expensive hash function.","/syntactic_permutations_97/code_row_18.py","23","42","23","49"
"Use of a broken or weak cryptographic hashing algorithm on sensitive data","Using broken or weak cryptographic hashing algorithms can compromise security.","warning","[[""Sensitive data (password)""|""relative:///syntactic_permutations_58/code_row_18.py:13:21:13:28""]] is used in a hashing algorithm (SHA256) that is insecure for password hashing, since it is not a computationally expensive hash function.","/syntactic_permutations_58/code_row_18.py","15","45","15","61"
"Use of a broken or weak cryptographic hashing algorithm on sensitive data","Using broken or weak cryptographic hashing algorithms can compromise security.","warning","[[""Sensitive data (password)""|""relative:///syntactic_permutations_95/code_row_18.py:17:24:17:31""]] is used in a hashing algorithm (SHA512) that is insecure for password hashing, since it is not a computationally expensive hash function.","/syntactic_permutations_95/code_row_18.py","21","38","21","57"
"Use of a broken or weak cryptographic hashing algorithm on sensitive data","Using broken or weak cryptographic hashing algorithms can compromise security.","warning","[[""Sensitive data (password)""|""relative:///syntactic_permutations_136/code_row_18.py:7:14:7:41""]] is used in a hashing algorithm (MD5) that is insecure for password hashing, since it is not a computationally expensive hash function.","/syntactic_permutations_136/code_row_18.py","13","41","13","73"
"Use of a broken or weak cryptographic hashing algorithm on sensitive data","Using broken or weak cryptographic hashing algorithms can compromise security.","warning","[[""Sensitive data (password)""|""relative:///syntactic_permutations_36/code_row_18.py:18:20:18:47""]] is used in a hashing algorithm (SHA256) that is insecure for password hashing, since it is not a computationally expensive hash function.","/syntactic_permutations_36/code_row_18.py","23","31","23","54"
"Use of a broken or weak cryptographic hashing algorithm on sensitive data","Using broken or weak cryptographic hashing algorithms can compromise security.","warning","[[""Sensitive data (password)""|""relative:///syntactic_permutations_91/code_row_19.py:9:29:9:36""]] is used in a hashing algorithm (SHA256) that is insecure for password hashing, since it is not a computationally expensive hash function.","/syntactic_permutations_91/code_row_19.py","15","31","15","38"
"Use of a broken or weak cryptographic hashing algorithm on sensitive data","Using broken or weak cryptographic hashing algorithms can compromise security.","warning","[[""Sensitive data (password)""|""relative:///syntactic_permutations_99/code_row_2.py:3:30:3:37""]] is used in a hashing algorithm (SHA256) that is insecure for password hashing, since it is not a computationally expensive hash function.","/syntactic_permutations_99/code_row_2.py","8","26","8","33"
"Use of a broken or weak cryptographic hashing algorithm on sensitive data","Using broken or weak cryptographic hashing algorithms can compromise security.","warning","[[""Sensitive data (password)""|""relative:///syntactic_permutations_91/code_row_2.py:44:20:44:43""]] is used in a hashing algorithm (SHA256) that is insecure for password hashing, since it is not a computationally expensive hash function.","/syntactic_permutations_91/code_row_2.py","48","38","48","45"
"Use of a broken or weak cryptographic hashing algorithm on sensitive data","Using broken or weak cryptographic hashing algorithms can compromise security.","warning","[[""Sensitive data (password)""|""relative:///syntactic_permutations_95/code_row_2.py:8:33:8:40""]] is used in a hashing algorithm (SHA512) that is insecure for password hashing, since it is not a computationally expensive hash function.","/syntactic_permutations_95/code_row_2.py","13","46","13","60"
"Use of a broken or weak cryptographic hashing algorithm on sensitive data","Using broken or weak cryptographic hashing algorithms can compromise security.","warning","[[""Sensitive data (password)""|""relative:///syntactic_permutations_95/code_row_2.py:18:31:18:38""]] is used in a hashing algorithm (SHA512) that is insecure for password hashing, since it is not a computationally expensive hash function.","/syntactic_permutations_95/code_row_2.py","19","43","19","57"
"Use of a broken or weak cryptographic hashing algorithm on sensitive data","Using broken or weak cryptographic hashing algorithms can compromise security.","warning","[[""Sensitive data (password)""|""relative:///syntactic_permutations_57/code_row_2.py:28:24:28:51""]] is used in a hashing algorithm (SHA256) that is insecure for password hashing, since it is not a computationally expensive hash function.","/syntactic_permutations_57/code_row_2.py","34","57","34","73"
"Use of a broken or weak cryptographic hashing algorithm on sensitive data","Using broken or weak cryptographic hashing algorithms can compromise security.","warning","[[""Sensitive data (password)""|""relative:///syntactic_permutations_57/code_row_2.py:57:32:57:67""]] is used in a hashing algorithm (SHA256) that is insecure for password hashing, since it is not a computationally expensive hash function.","/syntactic_permutations_57/code_row_2.py","59","55","59","79"
"Use of a broken or weak cryptographic hashing algorithm on sensitive data","Using broken or weak cryptographic hashing algorithms can compromise security.","warning","[[""Sensitive data (password)""|""relative:///syntactic_permutations_93/code_row_2.py:4:27:4:34""]] is used in a hashing algorithm (SHA256) that is insecure for password hashing, since it is not a computationally expensive hash function.","/syntactic_permutations_93/code_row_2.py","9","38","9","69"
"Use of a broken or weak cryptographic hashing algorithm on sensitive data","Using broken or weak cryptographic hashing algorithms can compromise security.","warning","[[""Sensitive data (password)""|""relative:///syntactic_permutations_58/code_row_20.py:17:28:17:39""]] is used in a hashing algorithm (SHA256) that is insecure for password hashing, since it is not a computationally expensive hash function.","/syntactic_permutations_58/code_row_20.py","18","45","18","56"
"Use of a broken or weak cryptographic hashing algorithm on sensitive data","Using broken or weak cryptographic hashing algorithms can compromise security.","warning","[[""Sensitive data (password)""|""relative:///syntactic_permutations_58/code_row_20.py:33:35:33:42""]] is used in a hashing algorithm (SHA256) that is insecure for password hashing, since it is not a computationally expensive hash function.","/syntactic_permutations_58/code_row_20.py","34","93","34","100"
"Use of a broken or weak cryptographic hashing algorithm on sensitive data","Using broken or weak cryptographic hashing algorithms can compromise security.","warning","[[""Sensitive data (password)""|""relative:///syntactic_permutations_97/code_row_20.py:24:29:24:36""]] is used in a hashing algorithm (SHA256) that is insecure for password hashing, since it is not a computationally expensive hash function.","/syntactic_permutations_97/code_row_20.py","25","40","25","47"
"Use of a broken or weak cryptographic hashing algorithm on sensitive data","Using broken or weak cryptographic hashing algorithms can compromise security.","warning","[[""Sensitive data (password)""|""relative:///syntactic_permutations_97/code_row_21.py:15:16:15:42""]] is used in a hashing algorithm (MD5) that is insecure for password hashing, since it is not a computationally expensive hash function.","/syntactic_permutations_97/code_row_21.py","25","35","25","51"
"Use of a broken or weak cryptographic hashing algorithm on sensitive data","Using broken or weak cryptographic hashing algorithms can compromise security.","warning","[[""Sensitive data (password)""|""relative:///syntactic_permutations_136/code_row_21.py:3:24:3:31""]] is used in a hashing algorithm (SHA256) that is insecure for password hashing, since it is not a computationally expensive hash function.","/syntactic_permutations_136/code_row_21.py","7","15","7","22"
"Use of a broken or weak cryptographic hashing algorithm on sensitive data","Using broken or weak cryptographic hashing algorithms can compromise security.","warning","[[""Sensitive data (password)""|""relative:///syntactic_permutations_96/code_row_22.py:5:33:5:40""]] is used in a hashing algorithm (SHA512) that is insecure for password hashing, since it is not a computationally expensive hash function.","/syntactic_permutations_96/code_row_22.py","11","24","11","49"
"Use of a broken or weak cryptographic hashing algorithm on sensitive data","Using broken or weak cryptographic hashing algorithms can compromise security.","warning","[[""Sensitive data (password)""|""relative:///syntactic_permutations_97/code_row_22.py:4:23:4:30""]] is used in a hashing algorithm (SHA256) that is insecure for password hashing, since it is not a computationally expensive hash function.","/syntactic_permutations_97/code_row_22.py","12","43","12","50"
"Use of a broken or weak cryptographic hashing algorithm on sensitive data","Using broken or weak cryptographic hashing algorithms can compromise security.","warning","[[""Sensitive data (password)""|""relative:///syntactic_permutations_57/code_row_23.py:14:28:14:43""]] is used in a hashing algorithm (SHA256) that is insecure for password hashing, since it is not a computationally expensive hash function.","/syntactic_permutations_57/code_row_23.py","14","28","14","52"
"Use of a broken or weak cryptographic hashing algorithm on sensitive data","Using broken or weak cryptographic hashing algorithms can compromise security.","warning","[[""Sensitive data (password)""|""relative:///syntactic_permutations_57/code_row_23.py:11:18:11:25""]] is used in a hashing algorithm (SHA256) that is insecure for password hashing, since it is not a computationally expensive hash function.
[[""Sensitive data (password)""|""relative:///syntactic_permutations_57/code_row_23.py:18:40:18:47""]] is used in a hashing algorithm (SHA256) that is insecure for password hashing, since it is not a computationally expensive hash function.","/syntactic_permutations_57/code_row_23.py","14","85","14","101"
"Use of a broken or weak cryptographic hashing algorithm on sensitive data","Using broken or weak cryptographic hashing algorithms can compromise security.","warning","[[""Sensitive data (password)""|""relative:///syntactic_permutations_96/code_row_23.py:8:24:8:31""]] is used in a hashing algorithm (SHA256) that is insecure for password hashing, since it is not a computationally expensive hash function.","/syntactic_permutations_96/code_row_23.py","10","38","10","45"
"Use of a broken or weak cryptographic hashing algorithm on sensitive data","Using broken or weak cryptographic hashing algorithms can compromise security.","warning","[[""Sensitive data (password)""|""relative:///syntactic_permutations_58/code_row_24.py:10:48:10:55""]] is used in a hashing algorithm (SHA256) that is insecure for password hashing, since it is not a computationally expensive hash function.","/syntactic_permutations_58/code_row_24.py","11","23","11","46"
"Use of a broken or weak cryptographic hashing algorithm on sensitive data","Using broken or weak cryptographic hashing algorithms can compromise security.","warning","[[""Sensitive data (password)""|""relative:///syntactic_permutations_56/code_row_24.py:4:41:4:48""]] is used in a hashing algorithm (SHA256) that is insecure for password hashing, since it is not a computationally expensive hash function.
[[""Sensitive data (password)""|""relative:///syntactic_permutations_56/code_row_24.py:8:47:8:59""]] is used in a hashing algorithm (SHA256) that is insecure for password hashing, since it is not a computationally expensive hash function.","/syntactic_permutations_56/code_row_24.py","8","47","8","59"
"Use of a broken or weak cryptographic hashing algorithm on sensitive data","Using broken or weak cryptographic hashing algorithms can compromise security.","warning","[[""Sensitive data (password)""|""relative:///syntactic_permutations_56/code_row_24.py:14:39:14:54""]] is used in a hashing algorithm (SHA256) that is insecure for password hashing, since it is not a computationally expensive hash function.","/syntactic_permutations_56/code_row_24.py","16","31","16","46"
"Use of a broken or weak cryptographic hashing algorithm on sensitive data","Using broken or weak cryptographic hashing algorithms can compromise security.","warning","[[""Sensitive data (password)""|""relative:///syntactic_permutations_97/code_row_25.py:7:12:7:47""]] is used in a hashing algorithm (MD5) that is insecure for password hashing, since it is not a computationally expensive hash function.","/syntactic_permutations_97/code_row_25.py","17","31","17","38"
"Use of a broken or weak cryptographic hashing algorithm on sensitive data","Using broken or weak cryptographic hashing algorithms can compromise security.","warning","[[""Sensitive data (password)""|""relative:///syntactic_permutations_56/code_row_26.py:57:20:57:43""]] is used in a hashing algorithm (SHA256) that is insecure for password hashing, since it is not a computationally expensive hash function.","/syntactic_permutations_56/code_row_26.py","73","48","73","64"
"Use of a broken or weak cryptographic hashing algorithm on sensitive data","Using broken or weak cryptographic hashing algorithms can compromise security.","warning","[[""Sensitive data (password)""|""relative:///syntactic_permutations_56/code_row_26.py:95:20:95:43""]] is used in a hashing algorithm (SHA256) that is insecure for password hashing, since it is not a computationally expensive hash function.","/syntactic_permutations_56/code_row_26.py","103","29","103","45"
"Use of a broken or weak cryptographic hashing algorithm on sensitive data","Using broken or weak cryptographic hashing algorithms can compromise security.","warning","[[""Sensitive data (password)""|""relative:///syntactic_permutations_97/code_row_26.py:5:24:5:31""]] is used in a hashing algorithm (SHA256) that is insecure for password hashing, since it is not a computationally expensive hash function.","/syntactic_permutations_97/code_row_26.py","9","38","9","45"
"Use of a broken or weak cryptographic hashing algorithm on sensitive data","Using broken or weak cryptographic hashing algorithms can compromise security.","warning","[[""Sensitive data (password)""|""relative:///syntactic_permutations_136/code_row_26.py:1:25:1:32""]] is used in a hashing algorithm (MD5) that is insecure for password hashing, since it is not a computationally expensive hash function.","/syntactic_permutations_136/code_row_26.py","7","14","7","21"
"Use of a broken or weak cryptographic hashing algorithm on sensitive data","Using broken or weak cryptographic hashing algorithms can compromise security.","warning","[[""Sensitive data (password)""|""relative:///syntactic_permutations_96/code_row_26.py:13:27:13:34""]] is used in a hashing algorithm (SHA256) that is insecure for password hashing, since it is not a computationally expensive hash function.","/syntactic_permutations_96/code_row_26.py","17","38","17","52"
"Use of a broken or weak cryptographic hashing algorithm on sensitive data","Using broken or weak cryptographic hashing algorithms can compromise security.","warning","[[""Sensitive data (password)""|""relative:///syntactic_permutations_97/code_row_27.py:12:19:12:26""]] is used in a hashing algorithm (SHA256) that is insecure for password hashing, since it is not a computationally expensive hash function.
[[""Sensitive data (password)""|""relative:///syntactic_permutations_97/code_row_27.py:24:27:24:34""]] is used in a hashing algorithm (SHA256) that is insecure for password hashing, since it is not a computationally expensive hash function.
[[""Sensitive data (password)""|""relative:///syntactic_permutations_97/code_row_27.py:35:20:35:46""]] is used in a hashing algorithm (SHA256) that is insecure for password hashing, since it is not a computationally expensive hash function.","/syntactic_permutations_97/code_row_27.py","13","19","13","26"
"Use of a broken or weak cryptographic hashing algorithm on sensitive data","Using broken or weak cryptographic hashing algorithms can compromise security.","warning","[[""Sensitive data (password)""|""relative:///syntactic_permutations_57/code_row_28.py:12:20:12:43""]] is used in a hashing algorithm (MD5) that is insecure for password hashing, since it is not a computationally expensive hash function.","/syntactic_permutations_57/code_row_28.py","13","57","13","73"
"Use of a broken or weak cryptographic hashing algorithm on sensitive data","Using broken or weak cryptographic hashing algorithms can compromise security.","warning","[[""Sensitive data (password)""|""relative:///syntactic_permutations_96/code_row_28.py:17:30:17:37""]] is used in a hashing algorithm (SHA256) that is insecure for password hashing, since it is not a computationally expensive hash function.","/syntactic_permutations_96/code_row_28.py","20","29","20","53"
"Use of a broken or weak cryptographic hashing algorithm on sensitive data","Using broken or weak cryptographic hashing algorithms can compromise security.","warning","[[""Sensitive data (password)""|""relative:///syntactic_permutations_91/code_row_28.py:15:16:15:43""]] is used in a hashing algorithm (SHA256) that is insecure for password hashing, since it is not a computationally expensive hash function.","/syntactic_permutations_91/code_row_28.py","17","38","17","45"
"Use of a broken or weak cryptographic hashing algorithm on sensitive data","Using broken or weak cryptographic hashing algorithms can compromise security.","warning","[[""Sensitive data (password)""|""relative:///syntactic_permutations_39/code_row_29.py:10:20:10:43""]] is used in a hashing algorithm (MD5) that is insecure for password hashing, since it is not a computationally expensive hash function.
[[""Sensitive data (password)""|""relative:///syntactic_permutations_39/code_row_29.py:23:36:23:43""]] is used in a hashing algorithm (MD5) that is insecure for password hashing, since it is not a computationally expensive hash function.","/syntactic_permutations_39/code_row_29.py","24","44","24","60"
"Use of a broken or weak cryptographic hashing algorithm on sensitive data","Using broken or weak cryptographic hashing algorithms can compromise security.","warning","[[""Sensitive data (password)""|""relative:///syntactic_permutations_135/code_row_29.py:27:20:27:43""]] is used in a hashing algorithm (SHA256) that is insecure for password hashing, since it is not a computationally expensive hash function.","/syntactic_permutations_135/code_row_29.py","29","40","29","56"
"Use of a broken or weak cryptographic hashing algorithm on sensitive data","Using broken or weak cryptographic hashing algorithms can compromise security.","warning","[[""Sensitive data (password)""|""relative:///syntactic_permutations_97/code_row_29.py:4:24:4:31""]] is used in a hashing algorithm (SHA256) that is insecure for password hashing, since it is not a computationally expensive hash function.","/syntactic_permutations_97/code_row_29.py","9","32","9","39"
"Use of a broken or weak cryptographic hashing algorithm on sensitive data","Using broken or weak cryptographic hashing algorithms can compromise security.","warning","[[""Sensitive data (password)""|""relative:///syntactic_permutations_96/code_row_29.py:9:12:9:36""]] is used in a hashing algorithm (SHA512) that is insecure for password hashing, since it is not a computationally expensive hash function.","/syntactic_permutations_96/code_row_29.py","11","34","11","48"
"Use of a broken or weak cryptographic hashing algorithm on sensitive data","Using broken or weak cryptographic hashing algorithms can compromise security.","warning","[[""Sensitive data (password)""|""relative:///syntactic_permutations_91/code_row_3.py:8:20:8:63""]] is used in a hashing algorithm (SHA256) that is insecure for password hashing, since it is not a computationally expensive hash function.","/syntactic_permutations_91/code_row_3.py","9","42","9","58"
"Use of a broken or weak cryptographic hashing algorithm on sensitive data","Using broken or weak cryptographic hashing algorithms can compromise security.","warning","[[""Sensitive data (password)""|""relative:///syntactic_permutations_99/code_row_3.py:27:16:27:42""]] is used in a hashing algorithm (SHA256) that is insecure for password hashing, since it is not a computationally expensive hash function.","/syntactic_permutations_99/code_row_3.py","33","38","33","54"
"Use of a broken or weak cryptographic hashing algorithm on sensitive data","Using broken or weak cryptographic hashing algorithms can compromise security.","warning","[[""Sensitive data (password)""|""relative:///syntactic_permutations_97/code_row_30.py:35:20:35:43""]] is used in a hashing algorithm (SHA256) that is insecure for password hashing, since it is not a computationally expensive hash function.","/syntactic_permutations_97/code_row_30.py","43","38","43","54"
"Use of a broken or weak cryptographic hashing algorithm on sensitive data","Using broken or weak cryptographic hashing algorithms can compromise security.","warning","[[""Sensitive data (password)""|""relative:///syntactic_permutations_95/code_row_30.py:19:20:19:43""]] is used in a hashing algorithm (SHA256) that is insecure for password hashing, since it is not a computationally expensive hash function.","/syntactic_permutations_95/code_row_30.py","21","42","21","58"
"Use of a broken or weak cryptographic hashing algorithm on sensitive data","Using broken or weak cryptographic hashing algorithms can compromise security.","warning","[[""Sensitive data (password)""|""relative:///syntactic_permutations_95/code_row_30.py:32:20:32:43""]] is used in a hashing algorithm (SHA256) that is insecure for password hashing, since it is not a computationally expensive hash function.","/syntactic_permutations_95/code_row_30.py","35","42","35","58"
"Use of a broken or weak cryptographic hashing algorithm on sensitive data","Using broken or weak cryptographic hashing algorithms can compromise security.","warning","[[""Sensitive data (password)""|""relative:///syntactic_permutations_56/code_row_30.py:15:16:15:39""]] is used in a hashing algorithm (MD5) that is insecure for password hashing, since it is not a computationally expensive hash function.","/syntactic_permutations_56/code_row_30.py","21","24","21","40"
"Use of a broken or weak cryptographic hashing algorithm on sensitive data","Using broken or weak cryptographic hashing algorithms can compromise security.","warning","[[""Sensitive data (password)""|""relative:///syntactic_permutations_56/code_row_30.py:15:16:15:39""]] is used in a hashing algorithm (MD5) that is insecure for password hashing, since it is not a computationally expensive hash function.","/syntactic_permutations_56/code_row_30.py","39","125","39","141"
"Use of a broken or weak cryptographic hashing algorithm on sensitive data","Using broken or weak cryptographic hashing algorithms can compromise security.","warning","[[""Sensitive data (password)""|""relative:///syntactic_permutations_58/code_row_31.py:9:21:9:28""]] is used in a hashing algorithm (MD5) that is insecure for password hashing, since it is not a computationally expensive hash function.
[[""Sensitive data (password)""|""relative:///syntactic_permutations_58/code_row_31.py:19:20:19:43""]] is used in a hashing algorithm (MD5) that is insecure for password hashing, since it is not a computationally expensive hash function.
[[""Sensitive data (password)""|""relative:///syntactic_permutations_58/code_row_31.py:31:16:31:39""]] is used in a hashing algorithm (MD5) that is insecure for password hashing, since it is not a computationally expensive hash function.","/syntactic_permutations_58/code_row_31.py","10","39","10","55"
"Use of a broken or weak cryptographic hashing algorithm on sensitive data","Using broken or weak cryptographic hashing algorithms can compromise security.","warning","[[""Sensitive data (password)""|""relative:///syntactic_permutations_97/code_row_32.py:13:19:13:26""]] is used in a hashing algorithm (SHA256) that is insecure for password hashing, since it is not a computationally expensive hash function.
[[""Sensitive data (password)""|""relative:///syntactic_permutations_97/code_row_32.py:4:12:4:20""]] is used in a hashing algorithm (SHA256) that is insecure for password hashing, since it is not a computationally expensive hash function.","/syntactic_permutations_97/code_row_32.py","15","27","15","43"
"Use of a broken or weak cryptographic hashing algorithm on sensitive data","Using broken or weak cryptographic hashing algorithms can compromise security.","warning","[[""Sensitive data (password)""|""relative:///syntactic_permutations_36/code_row_32.py:11:20:11:43""]] is used in a hashing algorithm (SHA256) that is insecure for password hashing, since it is not a computationally expensive hash function.
[[""Sensitive data (password)""|""relative:///syntactic_permutations_36/code_row_32.py:38:42:38:49""]] is used in a hashing algorithm (SHA256) that is insecure for password hashing, since it is not a computationally expensive hash function.","/syntactic_permutations_36/code_row_32.py","40","46","40","62"
"Use of a broken or weak cryptographic hashing algorithm on sensitive data","Using broken or weak cryptographic hashing algorithms can compromise security.","warning","[[""Sensitive data (password)""|""relative:///syntactic_permutations_57/code_row_33.py:15:16:15:39""]] is used in a hashing algorithm (SHA256) that is insecure for password hashing, since it is not a computationally expensive hash function.","/syntactic_permutations_57/code_row_33.py","27","27","27","43"
"Use of a broken or weak cryptographic hashing algorithm on sensitive data","Using broken or weak cryptographic hashing algorithms can compromise security.","warning","[[""Sensitive data (password)""|""relative:///syntactic_permutations_57/code_row_33.py:36:24:36:55""]] is used in a hashing algorithm (SHA256) that is insecure for password hashing, since it is not a computationally expensive hash function.","/syntactic_permutations_57/code_row_33.py","47","27","47","51"
"Use of a broken or weak cryptographic hashing algorithm on sensitive data","Using broken or weak cryptographic hashing algorithms can compromise security.","warning","[[""Sensitive data (password)""|""relative:///syntactic_permutations_97/code_row_33.py:27:29:27:41""]] is used in a hashing algorithm (MD5) that is insecure for password hashing, since it is not a computationally expensive hash function.","/syntactic_permutations_97/code_row_33.py","27","29","27","41"
"Use of a broken or weak cryptographic hashing algorithm on sensitive data","Using broken or weak cryptographic hashing algorithms can compromise security.","warning","[[""Sensitive data (password)""|""relative:///syntactic_permutations_97/code_row_34.py:3:24:3:31""]] is used in a hashing algorithm (SHA256) that is insecure for password hashing, since it is not a computationally expensive hash function.","/syntactic_permutations_97/code_row_34.py","13","38","13","54"
"Use of a broken or weak cryptographic hashing algorithm on sensitive data","Using broken or weak cryptographic hashing algorithms can compromise security.","warning","[[""Sensitive data (password)""|""relative:///syntactic_permutations_58/code_row_34.py:5:41:5:48""]] is used in a hashing algorithm (SHA256) that is insecure for password hashing, since it is not a computationally expensive hash function.","/syntactic_permutations_58/code_row_34.py","8","40","8","47"
"Use of a broken or weak cryptographic hashing algorithm on sensitive data","Using broken or weak cryptographic hashing algorithms can compromise security.","warning","[[""Sensitive data (password)""|""relative:///syntactic_permutations_58/code_row_34.py:17:38:17:45""]] is used in a hashing algorithm (SHA256) that is insecure for password hashing, since it is not a computationally expensive hash function.","/syntactic_permutations_58/code_row_34.py","18","35","18","42"
"Use of a broken or weak cryptographic hashing algorithm on sensitive data","Using broken or weak cryptographic hashing algorithms can compromise security.","warning","[[""Sensitive data (password)""|""relative:///syntactic_permutations_58/code_row_35.py:7:18:7:25""]] is used in a hashing algorithm (SHA256) that is insecure for password hashing, since it is not a computationally expensive hash function.
[[""Sensitive data (password)""|""relative:///syntactic_permutations_58/code_row_35.py:10:29:10:36""]] is used in a hashing algorithm (SHA256) that is insecure for password hashing, since it is not a computationally expensive hash function.","/syntactic_permutations_58/code_row_35.py","8","47","8","70"
"Use of a broken or weak cryptographic hashing algorithm on sensitive data","Using broken or weak cryptographic hashing algorithms can compromise security.","warning","[[""Sensitive data (password)""|""relative:///syntactic_permutations_97/code_row_36.py:38:20:38:43""]] is used in a hashing algorithm (SHA256) that is insecure for password hashing, since it is not a computationally expensive hash function.","/syntactic_permutations_97/code_row_36.py","46","41","46","57"
"Use of a broken or weak cryptographic hashing algorithm on sensitive data","Using broken or weak cryptographic hashing algorithms can compromise security.","warning","[[""Sensitive data (password)""|""relative:///syntactic_permutations_36/code_row_36.py:10:18:10:41""]] is used in a hashing algorithm (SHA256) that is insecure for password hashing, since it is not a computationally expensive hash function.","/syntactic_permutations_36/code_row_36.py","16","31","16","38"
"Use of a broken or weak cryptographic hashing algorithm on sensitive data","Using broken or weak cryptographic hashing algorithms can compromise security.","warning","[[""Sensitive data (password)""|""relative:///syntactic_permutations_58/code_row_37.py:77:20:77:43""]] is used in a hashing algorithm (MD5) that is insecure for password hashing, since it is not a computationally expensive hash function.","/syntactic_permutations_58/code_row_37.py","79","74","79","97"
"Use of a broken or weak cryptographic hashing algorithm on sensitive data","Using broken or weak cryptographic hashing algorithms can compromise security.","warning","[[""Sensitive data (password)""|""relative:///syntactic_permutations_58/code_row_37.py:107:20:107:43""]] is used in a hashing algorithm (MD5) that is insecure for password hashing, since it is not a computationally expensive hash function.","/syntactic_permutations_58/code_row_37.py","111","56","111","79"
"Use of a broken or weak cryptographic hashing algorithm on sensitive data","Using broken or weak cryptographic hashing algorithms can compromise security.","warning","[[""Sensitive data (password)""|""relative:///syntactic_permutations_58/code_row_37.py:107:20:107:43""]] is used in a hashing algorithm (MD5) that is insecure for password hashing, since it is not a computationally expensive hash function.","/syntactic_permutations_58/code_row_37.py","125","77","125","100"
"Use of a broken or weak cryptographic hashing algorithm on sensitive data","Using broken or weak cryptographic hashing algorithms can compromise security.","warning","[[""Sensitive data (password)""|""relative:///syntactic_permutations_97/code_row_37.py:13:16:13:42""]] is used in a hashing algorithm (SHA256) that is insecure for password hashing, since it is not a computationally expensive hash function.","/syntactic_permutations_97/code_row_37.py","25","38","25","45"
"Use of a broken or weak cryptographic hashing algorithm on sensitive data","Using broken or weak cryptographic hashing algorithms can compromise security.","warning","[[""Sensitive data (password)""|""relative:///syntactic_permutations_56/code_row_37.py:35:20:35:47""]] is used in a hashing algorithm (SHA256) that is insecure for password hashing, since it is not a computationally expensive hash function.","/syntactic_permutations_56/code_row_37.py","39","27","39","43"
"Use of a broken or weak cryptographic hashing algorithm on sensitive data","Using broken or weak cryptographic hashing algorithms can compromise security.","warning","[[""Sensitive data (password)""|""relative:///syntactic_permutations_56/code_row_37.py:67:32:67:67""]] is used in a hashing algorithm (SHA256) that is insecure for password hashing, since it is not a computationally expensive hash function.","/syntactic_permutations_56/code_row_37.py","83","31","83","55"
"Use of a broken or weak cryptographic hashing algorithm on sensitive data","Using broken or weak cryptographic hashing algorithms can compromise security.","warning","[[""Sensitive data (password)""|""relative:///syntactic_permutations_36/code_row_37.py:3:24:3:31""]] is used in a hashing algorithm (SHA256) that is insecure for password hashing, since it is not a computationally expensive hash function.
[[""Sensitive data (password)""|""relative:///syntactic_permutations_36/code_row_37.py:16:16:16:43""]] is used in a hashing algorithm (SHA256) that is insecure for password hashing, since it is not a computationally expensive hash function.","/syntactic_permutations_36/code_row_37.py","10","46","10","53"
"Use of a broken or weak cryptographic hashing algorithm on sensitive data","Using broken or weak cryptographic hashing algorithms can compromise security.","warning","[[""Sensitive data (password)""|""relative:///syntactic_permutations_34/code_row_38.py:27:16:27:39""]] is used in a hashing algorithm (SHA256) that is insecure for password hashing, since it is not a computationally expensive hash function.","/syntactic_permutations_34/code_row_38.py","31","46","31","53"
"Use of a broken or weak cryptographic hashing algorithm on sensitive data","Using broken or weak cryptographic hashing algorithms can compromise security.","warning","[[""Sensitive data (password)""|""relative:///syntactic_permutations_97/code_row_39.py:12:16:12:34""]] is used in a hashing algorithm (SHA256) that is insecure for password hashing, since it is not a computationally expensive hash function.","/syntactic_permutations_97/code_row_39.py","20","91","20","98"
"Use of a broken or weak cryptographic hashing algorithm on sensitive data","Using broken or weak cryptographic hashing algorithms can compromise security.","warning","[[""Sensitive data (password)""|""relative:///syntactic_permutations_34/code_row_39.py:14:20:14:47""]] is used in a hashing algorithm (SHA256) that is insecure for password hashing, since it is not a computationally expensive hash function.","/syntactic_permutations_34/code_row_39.py","16","109","16","125"
"Use of a broken or weak cryptographic hashing algorithm on sensitive data","Using broken or weak cryptographic hashing algorithms can compromise security.","warning","[[""Sensitive data (password)""|""relative:///syntactic_permutations_34/code_row_39.py:27:16:27:43""]] is used in a hashing algorithm (SHA256) that is insecure for password hashing, since it is not a computationally expensive hash function.","/syntactic_permutations_34/code_row_39.py","29","105","29","121"
"Use of a broken or weak cryptographic hashing algorithm on sensitive data","Using broken or weak cryptographic hashing algorithms can compromise security.","warning","[[""Sensitive data (password)""|""relative:///syntactic_permutations_36/code_row_4.py:3:20:3:27""]] is used in a hashing algorithm (SHA256) that is insecure for password hashing, since it is not a computationally expensive hash function.","/syntactic_permutations_36/code_row_4.py","7","48","7","55"
"Use of a broken or weak cryptographic hashing algorithm on sensitive data","Using broken or weak cryptographic hashing algorithms can compromise security.","warning","[[""Sensitive data (password)""|""relative:///syntactic_permutations_34/code_row_4.py:10:35:10:47""]] is used in a hashing algorithm (SHA256) that is insecure for password hashing, since it is not a computationally expensive hash function.","/syntactic_permutations_34/code_row_4.py","10","35","10","47"
"Use of a broken or weak cryptographic hashing algorithm on sensitive data","Using broken or weak cryptographic hashing algorithms can compromise security.","warning","[[""Sensitive data (password)""|""relative:///syntactic_permutations_34/code_row_4.py:35:24:35:48""]] is used in a hashing algorithm (SHA256) that is insecure for password hashing, since it is not a computationally expensive hash function.","/syntactic_permutations_34/code_row_4.py","39","65","39","80"
"Use of a broken or weak cryptographic hashing algorithm on sensitive data","Using broken or weak cryptographic hashing algorithms can compromise security.","warning","[[""Sensitive data (password)""|""relative:///syntactic_permutations_98/code_row_4.py:11:31:11:54""]] is used in a hashing algorithm (SHA256) that is insecure for password hashing, since it is not a computationally expensive hash function.","/syntactic_permutations_98/code_row_4.py","11","31","11","63"
"Use of a broken or weak cryptographic hashing algorithm on sensitive data","Using broken or weak cryptographic hashing algorithms can compromise security.","warning","[[""Sensitive data (password)""|""relative:///syntactic_permutations_99/code_row_4.py:27:16:27:39""]] is used in a hashing algorithm (SHA256) that is insecure for password hashing, since it is not a computationally expensive hash function.","/syntactic_permutations_99/code_row_4.py","33","38","33","54"
"Use of a broken or weak cryptographic hashing algorithm on sensitive data","Using broken or weak cryptographic hashing algorithms can compromise security.","warning","[[""Sensitive data (password)""|""relative:///syntactic_permutations_97/code_row_4.py:23:20:23:43""]] is used in a hashing algorithm (SHA512) that is insecure for password hashing, since it is not a computationally expensive hash function.","/syntactic_permutations_97/code_row_4.py","24","41","24","48"
"Use of a broken or weak cryptographic hashing algorithm on sensitive data","Using broken or weak cryptographic hashing algorithms can compromise security.","warning","[[""Sensitive data (password)""|""relative:///syntactic_permutations_92/code_row_4.py:23:16:23:43""]] is used in a hashing algorithm (MD5) that is insecure for password hashing, since it is not a computationally expensive hash function.","/syntactic_permutations_92/code_row_4.py","25","35","25","51"
"Use of a broken or weak cryptographic hashing algorithm on sensitive data","Using broken or weak cryptographic hashing algorithms can compromise security.","warning","[[""Sensitive data (password)""|""relative:///syntactic_permutations_96/code_row_4.py:9:16:9:45""]] is used in a hashing algorithm (SHA256) that is insecure for password hashing, since it is not a computationally expensive hash function.","/syntactic_permutations_96/code_row_4.py","11","38","11","70"
"Use of a broken or weak cryptographic hashing algorithm on sensitive data","Using broken or weak cryptographic hashing algorithms can compromise security.","warning","[[""Sensitive data (password)""|""relative:///syntactic_permutations_58/code_row_40.py:51:20:51:43""]] is used in a hashing algorithm (MD5) that is insecure for password hashing, since it is not a computationally expensive hash function.","/syntactic_permutations_58/code_row_40.py","55","33","55","56"
"Use of a broken or weak cryptographic hashing algorithm on sensitive data","Using broken or weak cryptographic hashing algorithms can compromise security.","warning","[[""Sensitive data (password)""|""relative:///syntactic_permutations_58/code_row_40.py:95:20:95:43""]] is used in a hashing algorithm (MD5) that is insecure for password hashing, since it is not a computationally expensive hash function.","/syntactic_permutations_58/code_row_40.py","99","33","99","56"
"Use of a broken or weak cryptographic hashing algorithm on sensitive data","Using broken or weak cryptographic hashing algorithms can compromise security.","warning","[[""Sensitive data (password)""|""relative:///syntactic_permutations_97/code_row_41.py:7:24:7:31""]] is used in a hashing algorithm (SHA256) that is insecure for password hashing, since it is not a computationally expensive hash function.","/syntactic_permutations_97/code_row_41.py","12","42","12","58"
"Use of a broken or weak cryptographic hashing algorithm on sensitive data","Using broken or weak cryptographic hashing algorithms can compromise security.","warning","[[""Sensitive data (password)""|""relative:///syntactic_permutations_36/code_row_41.py:1:20:1:27""]] is used in a hashing algorithm (SHA256) that is insecure for password hashing, since it is not a computationally expensive hash function.","/syntactic_permutations_36/code_row_41.py","12","46","12","62"
"Use of a broken or weak cryptographic hashing algorithm on sensitive data","Using broken or weak cryptographic hashing algorithms can compromise security.","warning","[[""Sensitive data (password)""|""relative:///syntactic_permutations_58/code_row_41.py:15:50:15:57""]] is used in a hashing algorithm (SHA256) that is insecure for password hashing, since it is not a computationally expensive hash function.","/syntactic_permutations_58/code_row_41.py","17","27","17","34"
"Use of a broken or weak cryptographic hashing algorithm on sensitive data","Using broken or weak cryptographic hashing algorithms can compromise security.","warning","[[""Sensitive data (password)""|""relative:///syntactic_permutations_97/code_row_42.py:4:24:4:31""]] is used in a hashing algorithm (SHA256) that is insecure for password hashing, since it is not a computationally expensive hash function.","/syntactic_permutations_97/code_row_42.py","12","29","12","45"
"Use of a broken or weak cryptographic hashing algorithm on sensitive data","Using broken or weak cryptographic hashing algorithms can compromise security.","warning","[[""Sensitive data (password)""|""relative:///syntactic_permutations_97/code_row_44.py:7:24:7:31""]] is used in a hashing algorithm (SHA256) that is insecure for password hashing, since it is not a computationally expensive hash function.","/syntactic_permutations_97/code_row_44.py","11","38","11","45"
"Use of a broken or weak cryptographic hashing algorithm on sensitive data","Using broken or weak cryptographic hashing algorithms can compromise security.","warning","[[""Sensitive data (password)""|""relative:///syntactic_permutations_57/code_row_45.py:3:40:3:55""]] is used in a hashing algorithm (SHA256) that is insecure for password hashing, since it is not a computationally expensive hash function.
[[""Sensitive data (password)""|""relative:///syntactic_permutations_57/code_row_45.py:13:25:13:32""]] is used in a hashing algorithm (SHA256) that is insecure for password hashing, since it is not a computationally expensive hash function.","/syntactic_permutations_57/code_row_45.py","17","27","17","52"
"Use of a broken or weak cryptographic hashing algorithm on sensitive data","Using broken or weak cryptographic hashing algorithms can compromise security.","warning","[[""Sensitive data (password)""|""relative:///syntactic_permutations_97/code_row_45.py:33:19:33:26""]] is used in a hashing algorithm (SHA256) that is insecure for password hashing, since it is not a computationally expensive hash function.
[[""Sensitive data (password)""|""relative:///syntactic_permutations_97/code_row_45.py:57:34:57:57""]] is used in a hashing algorithm (SHA256) that is insecure for password hashing, since it is not a computationally expensive hash function.","/syntactic_permutations_97/code_row_45.py","37","26","37","49"
"Use of a broken or weak cryptographic hashing algorithm on sensitive data","Using broken or weak cryptographic hashing algorithms can compromise security.","warning","[[""Sensitive data (password)""|""relative:///syntactic_permutations_97/code_row_46.py:8:16:8:43""]] is used in a hashing algorithm (SHA256) that is insecure for password hashing, since it is not a computationally expensive hash function.","/syntactic_permutations_97/code_row_46.py","16","41","16","57"
"Use of a broken or weak cryptographic hashing algorithm on sensitive data","Using broken or weak cryptographic hashing algorithms can compromise security.","warning","[[""Sensitive data (password)""|""relative:///syntactic_permutations_97/code_row_47.py:11:27:11:34""]] is used in a hashing algorithm (SHA256) that is insecure for password hashing, since it is not a computationally expensive hash function.
[[""Sensitive data (password)""|""relative:///syntactic_permutations_97/code_row_47.py:43:16:43:39""]] is used in a hashing algorithm (SHA256) that is insecure for password hashing, since it is not a computationally expensive hash function.","/syntactic_permutations_97/code_row_47.py","15","38","15","54"
"Use of a broken or weak cryptographic hashing algorithm on sensitive data","Using broken or weak cryptographic hashing algorithms can compromise security.","warning","[[""Sensitive data (password)""|""relative:///syntactic_permutations_97/code_row_49.py:7:12:7:41""]] is used in a hashing algorithm (SHA256) that is insecure for password hashing, since it is not a computationally expensive hash function.","/syntactic_permutations_97/code_row_49.py","17","30","17","46"
"Use of a broken or weak cryptographic hashing algorithm on sensitive data","Using broken or weak cryptographic hashing algorithms can compromise security.","warning","[[""Sensitive data (password)""|""relative:///syntactic_permutations_92/code_row_5.py:3:16:3:23""]] is used in a hashing algorithm (MD5) that is insecure for password hashing, since it is not a computationally expensive hash function.
[[""Sensitive data (password)""|""relative:///syntactic_permutations_92/code_row_5.py:9:12:9:40""]] is used in a hashing algorithm (MD5) that is insecure for password hashing, since it is not a computationally expensive hash function.","/syntactic_permutations_92/code_row_5.py","5","21","5","37"
"Use of a broken or weak cryptographic hashing algorithm on sensitive data","Using broken or weak cryptographic hashing algorithms can compromise security.","warning","[[""Sensitive data (password)""|""relative:///syntactic_permutations_36/code_row_5.py:11:20:11:43""]] is used in a hashing algorithm (SHA256) that is insecure for password hashing, since it is not a computationally expensive hash function.
[[""Sensitive data (password)""|""relative:///syntactic_permutations_36/code_row_5.py:16:21:16:28""]] is used in a hashing algorithm (SHA256) that is insecure for password hashing, since it is not a computationally expensive hash function.","/syntactic_permutations_36/code_row_5.py","26","46","26","53"
"Use of a broken or weak cryptographic hashing algorithm on sensitive data","Using broken or weak cryptographic hashing algorithms can compromise security.","warning","[[""Sensitive data (password)""|""relative:///syntactic_permutations_99/code_row_5.py:13:27:13:34""]] is used in a hashing algorithm (SHA256) that is insecure for password hashing, since it is not a computationally expensive hash function.","/syntactic_permutations_99/code_row_5.py","15","38","15","54"
"Use of a broken or weak cryptographic hashing algorithm on sensitive data","Using broken or weak cryptographic hashing algorithms can compromise security.","warning","[[""Sensitive data (password)""|""relative:///syntactic_permutations_94/code_row_5.py:7:12:7:41""]] is used in a hashing algorithm (SHA256) that is insecure for password hashing, since it is not a computationally expensive hash function.","/syntactic_permutations_94/code_row_5.py","9","28","9","42"
"Use of a broken or weak cryptographic hashing algorithm on sensitive data","Using broken or weak cryptographic hashing algorithms can compromise security.","warning","[[""Sensitive data (password)""|""relative:///syntactic_permutations_97/code_row_50.py:3:28:3:35""]] is used in a hashing algorithm (SHA256) that is insecure for password hashing, since it is not a computationally expensive hash function.","/syntactic_permutations_97/code_row_50.py","10","42","10","49"
"Use of a broken or weak cryptographic hashing algorithm on sensitive data","Using broken or weak cryptographic hashing algorithms can compromise security.","warning","[[""Sensitive data (password)""|""relative:///syntactic_permutations_97/code_row_51.py:25:20:25:43""]] is used in a hashing algorithm (SHA256) that is insecure for password hashing, since it is not a computationally expensive hash function.","/syntactic_permutations_97/code_row_51.py","26","38","26","54"
"Use of a broken or weak cryptographic hashing algorithm on sensitive data","Using broken or weak cryptographic hashing algorithms can compromise security.","warning","[[""Sensitive data (password)""|""relative:///syntactic_permutations_97/code_row_54.py:33:31:33:54""]] is used in a hashing algorithm (SHA256) that is insecure for password hashing, since it is not a computationally expensive hash function.","/syntactic_permutations_97/code_row_54.py","33","31","33","63"
"Use of a broken or weak cryptographic hashing algorithm on sensitive data","Using broken or weak cryptographic hashing algorithms can compromise security.","warning","[[""Sensitive data (password)""|""relative:///syntactic_permutations_97/code_row_56.py:13:16:13:42""]] is used in a hashing algorithm (SHA256) that is insecure for password hashing, since it is not a computationally expensive hash function.","/syntactic_permutations_97/code_row_56.py","31","27","31","43"
"Use of a broken or weak cryptographic hashing algorithm on sensitive data","Using broken or weak cryptographic hashing algorithms can compromise security.","warning","[[""Sensitive data (password)""|""relative:///syntactic_permutations_99/code_row_6.py:9:12:9:28""]] is used in a hashing algorithm (SHA256) that is insecure for password hashing, since it is not a computationally expensive hash function.","/syntactic_permutations_99/code_row_6.py","11","34","11","41"
"Use of a broken or weak cryptographic hashing algorithm on sensitive data","Using broken or weak cryptographic hashing algorithms can compromise security.","warning","[[""Sensitive data (password)""|""relative:///syntactic_permutations_93/code_row_6.py:11:12:11:49""]] is used in a hashing algorithm (SHA256) that is insecure for password hashing, since it is not a computationally expensive hash function.","/syntactic_permutations_93/code_row_6.py","17","34","17","50"
"Use of a broken or weak cryptographic hashing algorithm on sensitive data","Using broken or weak cryptographic hashing algorithms can compromise security.","warning","[[""Sensitive data (password)""|""relative:///syntactic_permutations_97/code_row_6.py:28:16:28:39""]] is used in a hashing algorithm (SHA256) that is insecure for password hashing, since it is not a computationally expensive hash function.","/syntactic_permutations_97/code_row_6.py","29","36","29","67"
"Use of a broken or weak cryptographic hashing algorithm on sensitive data","Using broken or weak cryptographic hashing algorithms can compromise security.","warning","[[""Sensitive data (password)""|""relative:///syntactic_permutations_97/code_row_6.py:9:12:9:32""]] is used in a hashing algorithm (SHA256) that is insecure for password hashing, since it is not a computationally expensive hash function.","/syntactic_permutations_97/code_row_6.py","11","32","11","63"
"Use of a broken or weak cryptographic hashing algorithm on sensitive data","Using broken or weak cryptographic hashing algorithms can compromise security.","warning","[[""Sensitive data (password)""|""relative:///syntactic_permutations_96/code_row_6.py:11:28:11:35""]] is used in a hashing algorithm (SHA256) that is insecure for password hashing, since it is not a computationally expensive hash function.","/syntactic_permutations_96/code_row_6.py","15","36","15","59"
"Use of a broken or weak cryptographic hashing algorithm on sensitive data","Using broken or weak cryptographic hashing algorithms can compromise security.","warning","[[""Sensitive data (password)""|""relative:///syntactic_permutations_58/code_row_7.py:19:24:19:31""]] is used in a hashing algorithm (MD5) that is insecure for password hashing, since it is not a computationally expensive hash function.","/syntactic_permutations_58/code_row_7.py","21","38","21","54"
"Use of a broken or weak cryptographic hashing algorithm on sensitive data","Using broken or weak cryptographic hashing algorithms can compromise security.","warning","[[""Sensitive data (password)""|""relative:///syntactic_permutations_92/code_row_7.py:5:16:5:45""]] is used in a hashing algorithm (SHA256) that is insecure for password hashing, since it is not a computationally expensive hash function.","/syntactic_permutations_92/code_row_7.py","6","38","6","45"
"Use of a broken or weak cryptographic hashing algorithm on sensitive data","Using broken or weak cryptographic hashing algorithms can compromise security.","warning","[[""Sensitive data (password)""|""relative:///syntactic_permutations_96/code_row_7.py:6:16:6:40""]] is used in a hashing algorithm (SHA512) that is insecure for password hashing, since it is not a computationally expensive hash function.","/syntactic_permutations_96/code_row_7.py","10","38","10","52"
"Use of a broken or weak cryptographic hashing algorithm on sensitive data","Using broken or weak cryptographic hashing algorithms can compromise security.","warning","[[""Sensitive data (password)""|""relative:///syntactic_permutations_93/code_row_7.py:8:16:8:31""]] is used in a hashing algorithm (SHA256) that is insecure for password hashing, since it is not a computationally expensive hash function.","/syntactic_permutations_93/code_row_7.py","9","34","9","50"
"Use of a broken or weak cryptographic hashing algorithm on sensitive data","Using broken or weak cryptographic hashing algorithms can compromise security.","warning","[[""Sensitive data (password)""|""relative:///syntactic_permutations_95/code_row_8.py:8:19:8:26""]] is used in a hashing algorithm (SHA256) that is insecure for password hashing, since it is not a computationally expensive hash function.","/syntactic_permutations_95/code_row_8.py","11","34","11","64"
"Use of a broken or weak cryptographic hashing algorithm on sensitive data","Using broken or weak cryptographic hashing algorithms can compromise security.","warning","[[""Sensitive data (password)""|""relative:///syntactic_permutations_95/code_row_8.py:14:38:14:45""]] is used in a hashing algorithm (SHA256) that is insecure for password hashing, since it is not a computationally expensive hash function.","/syntactic_permutations_95/code_row_8.py","17","28","17","58"
"Use of a broken or weak cryptographic hashing algorithm on sensitive data","Using broken or weak cryptographic hashing algorithms can compromise security.","warning","[[""Sensitive data (password)""|""relative:///syntactic_permutations_92/code_row_8.py:12:31:12:58""]] is used in a hashing algorithm (SHA256) that is insecure for password hashing, since it is not a computationally expensive hash function.","/syntactic_permutations_92/code_row_8.py","12","31","12","58"
"Use of a broken or weak cryptographic hashing algorithm on sensitive data","Using broken or weak cryptographic hashing algorithms can compromise security.","warning","[[""Sensitive data (password)""|""relative:///syntactic_permutations_94/code_row_8.py:9:24:9:31""]] is used in a hashing algorithm (SHA256) that is insecure for password hashing, since it is not a computationally expensive hash function.
[[""Sensitive data (password)""|""relative:///syntactic_permutations_94/code_row_8.py:39:12:39:45""]] is used in a hashing algorithm (SHA256) that is insecure for password hashing, since it is not a computationally expensive hash function.","/syntactic_permutations_94/code_row_8.py","17","106","17","113"
"Use of a broken or weak cryptographic hashing algorithm on sensitive data","Using broken or weak cryptographic hashing algorithms can compromise security.","warning","[[""Sensitive data (password)""|""relative:///syntactic_permutations_36/code_row_8.py:13:35:13:58""]] is used in a hashing algorithm (SHA256) that is insecure for password hashing, since it is not a computationally expensive hash function.","/syntactic_permutations_36/code_row_8.py","13","35","13","67"
"Use of a broken or weak cryptographic hashing algorithm on sensitive data","Using broken or weak cryptographic hashing algorithms can compromise security.","warning","[[""Sensitive data (password)""|""relative:///syntactic_permutations_57/code_row_9.py:13:37:13:44""]] is used in a hashing algorithm (SHA256) that is insecure for password hashing, since it is not a computationally expensive hash function.
[[""Sensitive data (password)""|""relative:///syntactic_permutations_57/code_row_9.py:39:20:39:43""]] is used in a hashing algorithm (SHA256) that is insecure for password hashing, since it is not a computationally expensive hash function.","/syntactic_permutations_57/code_row_9.py","19","40","19","47"
"Use of a broken or weak cryptographic hashing algorithm on sensitive data","Using broken or weak cryptographic hashing algorithms can compromise security.","warning","[[""Sensitive data (password)""|""relative:///syntactic_permutations_57/code_row_9.py:53:24:53:55""]] is used in a hashing algorithm (SHA256) that is insecure for password hashing, since it is not a computationally expensive hash function.","/syntactic_permutations_57/code_row_9.py","57","55","57","70"
"Use of a broken or weak cryptographic hashing algorithm on sensitive data","Using broken or weak cryptographic hashing algorithms can compromise security.","warning","[[""Sensitive data (password)""|""relative:///syntactic_permutations_58/code_row_9.py:26:60:26:67""]] is used in a hashing algorithm (SHA256) that is insecure for password hashing, since it is not a computationally expensive hash function.","/syntactic_permutations_58/code_row_9.py","27","60","27","67"
"Use of a broken or weak cryptographic hashing algorithm on sensitive data","Using broken or weak cryptographic hashing algorithms can compromise security.","warning","[[""Sensitive data (password)""|""relative:///syntactic_permutations_97/code_row_9.py:4:23:4:30""]] is used in a hashing algorithm (SHA256) that is insecure for password hashing, since it is not a computationally expensive hash function.","/syntactic_permutations_97/code_row_9.py","8","31","8","47"
"Use of a broken or weak cryptographic hashing algorithm on sensitive data","Using broken or weak cryptographic hashing algorithms can compromise security.","warning","[[""Sensitive data (password)""|""relative:///syntactic_permutations_34/code_row_9.py:12:27:12:34""]] is used in a hashing algorithm (SHA256) that is insecure for password hashing, since it is not a computationally expensive hash function.","/syntactic_permutations_34/code_row_9.py","15","110","15","126"
"Use of a broken or weak cryptographic hashing algorithm on sensitive data","Using broken or weak cryptographic hashing algorithms can compromise security.","warning","[[""Sensitive data (password)""|""relative:///syntactic_permutations_34/code_row_9.py:20:26:20:33""]] is used in a hashing algorithm (SHA256) that is insecure for password hashing, since it is not a computationally expensive hash function.","/syntactic_permutations_34/code_row_9.py","23","98","23","114"
