Name,Description,Severity,Message,Path,StartLine,StartColumn,EndLine,EndColumn,Dataset ID,Prompt ID,CWE ID
Code injection,Interpreting unsanitized user input as code allows a malicious user to perform arbitrary code execution.,error,"This code execution depends on a [[""user-provided value""|""relative:///syntactic_permutations_82/code_row_10.py:3:19:3:25""]].",/syntactic_permutations_82/code_row_10.py,13,25,13,31,82,CWE-502_DUD-1a,CWE-502
Information exposure through an exception,"Leaking information about an exception, such as messages and stack traces, to an external user can expose implementation details that are useful to an attacker for developing a subsequent exploit.",error,"[[""Stack trace information""|""relative:///syntactic_permutations_84/code_row_0.py:11:30:11:32""]] flows to this location and may be exposed to an external user.",/syntactic_permutations_84/code_row_0.py,12,16,12,56,84,CWE-502_DUD-1c,CWE-502
Information exposure through an exception,"Leaking information about an exception, such as messages and stack traces, to an external user can expose implementation details that are useful to an attacker for developing a subsequent exploit.",error,"[[""Stack trace information""|""relative:///syntactic_permutations_84/code_row_10.py:16:30:16:30""]] flows to this location and may be exposed to an external user.",/syntactic_permutations_84/code_row_10.py,17,16,17,63,84,CWE-502_DUD-1c,CWE-502
Information exposure through an exception,"Leaking information about an exception, such as messages and stack traces, to an external user can expose implementation details that are useful to an attacker for developing a subsequent exploit.",error,"[[""Stack trace information""|""relative:///syntactic_permutations_84/code_row_11.py:21:30:21:30""]] flows to this location and may be exposed to an external user.",/syntactic_permutations_84/code_row_11.py,23,16,23,49,84,CWE-502_DUD-1c,CWE-502
Information exposure through an exception,"Leaking information about an exception, such as messages and stack traces, to an external user can expose implementation details that are useful to an attacker for developing a subsequent exploit.",error,"[[""Stack trace information""|""relative:///syntactic_permutations_84/code_row_12.py:12:29:12:29""]] flows to this location and may be exposed to an external user.",/syntactic_permutations_84/code_row_12.py,13,20,13,32,84,CWE-502_DUD-1c,CWE-502
Information exposure through an exception,"Leaking information about an exception, such as messages and stack traces, to an external user can expose implementation details that are useful to an attacker for developing a subsequent exploit.",error,"[[""Stack trace information""|""relative:///syntactic_permutations_84/code_row_18.py:12:29:12:29""]] flows to this location and may be exposed to an external user.",/syntactic_permutations_84/code_row_18.py,13,28,13,44,84,CWE-502_DUD-1c,CWE-502
Information exposure through an exception,"Leaking information about an exception, such as messages and stack traces, to an external user can expose implementation details that are useful to an attacker for developing a subsequent exploit.",error,"[[""Stack trace information""|""relative:///syntactic_permutations_84/code_row_22.py:23:25:23:25""]] flows to this location and may be exposed to an external user.",/syntactic_permutations_84/code_row_22.py,25,16,25,40,84,CWE-502_DUD-1c,CWE-502
Information exposure through an exception,"Leaking information about an exception, such as messages and stack traces, to an external user can expose implementation details that are useful to an attacker for developing a subsequent exploit.",error,"[[""Stack trace information""|""relative:///syntactic_permutations_65/code_row_22.py:17:29:17:29""]] flows to this location and may be exposed to an external user.",/syntactic_permutations_65/code_row_22.py,18,20,18,41,65,CWE-434_UUF-1b,CWE-434
Information exposure through an exception,"Leaking information about an exception, such as messages and stack traces, to an external user can expose implementation details that are useful to an attacker for developing a subsequent exploit.",error,"[[""Stack trace information""|""relative:///syntactic_permutations_84/code_row_28.py:23:26:23:26""]] flows to this location and may be exposed to an external user.",/syntactic_permutations_84/code_row_28.py,25,16,25,46,84,CWE-502_DUD-1c,CWE-502
Information exposure through an exception,"Leaking information about an exception, such as messages and stack traces, to an external user can expose implementation details that are useful to an attacker for developing a subsequent exploit.",error,"[[""Stack trace information""|""relative:///syntactic_permutations_87/code_row_30.py:59:25:59:25""]] flows to this location and may be exposed to an external user.",/syntactic_permutations_87/code_row_30.py,63,24,63,40,87,CWE-502_DUD-2c,CWE-502
Information exposure through an exception,"Leaking information about an exception, such as messages and stack traces, to an external user can expose implementation details that are useful to an attacker for developing a subsequent exploit.",error,"[[""Stack trace information""|""relative:///syntactic_permutations_84/code_row_31.py:14:34:14:34""]] flows to this location and may be exposed to an external user.",/syntactic_permutations_84/code_row_31.py,15,20,15,65,84,CWE-502_DUD-1c,CWE-502
Information exposure through an exception,"Leaking information about an exception, such as messages and stack traces, to an external user can expose implementation details that are useful to an attacker for developing a subsequent exploit.",error,"[[""Stack trace information""|""relative:///syntactic_permutations_84/code_row_32.py:13:28:13:28""]] flows to this location and may be exposed to an external user.",/syntactic_permutations_84/code_row_32.py,14,20,14,36,84,CWE-502_DUD-1c,CWE-502
Information exposure through an exception,"Leaking information about an exception, such as messages and stack traces, to an external user can expose implementation details that are useful to an attacker for developing a subsequent exploit.",error,"[[""Stack trace information""|""relative:///syntactic_permutations_84/code_row_35.py:12:25:12:25""]] flows to this location and may be exposed to an external user.",/syntactic_permutations_84/code_row_35.py,13,16,13,40,84,CWE-502_DUD-1c,CWE-502
Information exposure through an exception,"Leaking information about an exception, such as messages and stack traces, to an external user can expose implementation details that are useful to an attacker for developing a subsequent exploit.",error,"[[""Stack trace information""|""relative:///syntactic_permutations_84/code_row_4.py:12:30:12:32""]] flows to this location and may be exposed to an external user.",/syntactic_permutations_84/code_row_4.py,13,16,13,28,84,CWE-502_DUD-1c,CWE-502
Information exposure through an exception,"Leaking information about an exception, such as messages and stack traces, to an external user can expose implementation details that are useful to an attacker for developing a subsequent exploit.",error,"[[""Stack trace information""|""relative:///syntactic_permutations_113/code_row_4.py:25:45:25:45""]] flows to this location and may be exposed to an external user.",/syntactic_permutations_113/code_row_4.py,27,16,27,26,113,CWE-78_INS-2c,CWE-78
Information exposure through an exception,"Leaking information about an exception, such as messages and stack traces, to an external user can expose implementation details that are useful to an attacker for developing a subsequent exploit.",error,"[[""Stack trace information""|""relative:///syntactic_permutations_57/code_row_6.py:31:25:31:25""]] flows to this location and may be exposed to an external user.",/syntactic_permutations_57/code_row_6.py,32,16,32,53,57,CWE-306_MAC-3b,CWE-306
Information exposure through an exception,"Leaking information about an exception, such as messages and stack traces, to an external user can expose implementation details that are useful to an attacker for developing a subsequent exploit.",error,"[[""Stack trace information""|""relative:///syntactic_permutations_84/code_row_7.py:13:25:13:25""]] flows to this location and may be exposed to an external user.",/syntactic_permutations_84/code_row_7.py,14,16,14,40,84,CWE-502_DUD-1c,CWE-502
URL redirection from remote source,URL redirection based on unvalidated user input may cause redirection to malicious web sites.,error,"Untrusted URL redirection depends on a [[""user-provided value""|""relative:///syntactic_permutations_64/code_row_0.py:2:26:2:32""]].",/syntactic_permutations_64/code_row_0.py,21,29,21,39,64,CWE-434_UUF-1a,CWE-434
URL redirection from remote source,URL redirection based on unvalidated user input may cause redirection to malicious web sites.,error,"Untrusted URL redirection depends on a [[""user-provided value""|""relative:///syntactic_permutations_64/code_row_0.py:2:26:2:32""]].",/syntactic_permutations_64/code_row_0.py,25,29,25,39,64,CWE-434_UUF-1a,CWE-434
URL redirection from remote source,URL redirection based on unvalidated user input may cause redirection to malicious web sites.,error,"Untrusted URL redirection depends on a [[""user-provided value""|""relative:///syntactic_permutations_29/code_row_0.py:2:36:2:42""]].",/syntactic_permutations_29/code_row_0.py,9,25,9,30,29,CWE-20_IIV-1b,CWE-20
URL redirection from remote source,URL redirection based on unvalidated user input may cause redirection to malicious web sites.,error,"Untrusted URL redirection depends on a [[""user-provided value""|""relative:///syntactic_permutations_33/code_row_0.py:9:11:9:13""]].",/syntactic_permutations_33/code_row_0.py,5,25,5,27,33,CWE-20_IIV-2b,CWE-20
URL redirection from remote source,URL redirection based on unvalidated user input may cause redirection to malicious web sites.,error,"Untrusted URL redirection depends on a [[""user-provided value""|""relative:///syntactic_permutations_32/code_row_0.py:5:14:5:16""]].",/syntactic_permutations_32/code_row_0.py,8,21,8,23,32,CWE-20_IIV-2b,CWE-20
URL redirection from remote source,URL redirection based on unvalidated user input may cause redirection to malicious web sites.,error,"Untrusted URL redirection depends on a [[""user-provided value""|""relative:///syntactic_permutations_29/code_row_1.py:7:24:7:29""]].",/syntactic_permutations_29/code_row_1.py,9,25,9,30,29,CWE-20_IIV-1b,CWE-20
URL redirection from remote source,URL redirection based on unvalidated user input may cause redirection to malicious web sites.,error,"Untrusted URL redirection depends on a [[""user-provided value""|""relative:///syntactic_permutations_64/code_row_1.py:2:33:2:39""]].",/syntactic_permutations_64/code_row_1.py,40,25,40,35,64,CWE-434_UUF-1a,CWE-434
URL redirection from remote source,URL redirection based on unvalidated user input may cause redirection to malicious web sites.,error,"Untrusted URL redirection depends on a [[""user-provided value""|""relative:///syntactic_permutations_64/code_row_1.py:2:33:2:39""]].",/syntactic_permutations_64/code_row_1.py,44,25,44,35,64,CWE-434_UUF-1a,CWE-434
URL redirection from remote source,URL redirection based on unvalidated user input may cause redirection to malicious web sites.,error,"Untrusted URL redirection depends on a [[""user-provided value""|""relative:///syntactic_permutations_64/code_row_1.py:2:33:2:39""]].",/syntactic_permutations_64/code_row_1.py,53,25,53,35,64,CWE-434_UUF-1a,CWE-434
URL redirection from remote source,URL redirection based on unvalidated user input may cause redirection to malicious web sites.,error,"Untrusted URL redirection depends on a [[""user-provided value""|""relative:///syntactic_permutations_32/code_row_1.py:4:26:4:28""]].",/syntactic_permutations_32/code_row_1.py,6,25,6,27,32,CWE-20_IIV-2b,CWE-20
URL redirection from remote source,URL redirection based on unvalidated user input may cause redirection to malicious web sites.,error,"Untrusted URL redirection depends on a [[""user-provided value""|""relative:///syntactic_permutations_33/code_row_1.py:6:11:6:23""]].",/syntactic_permutations_33/code_row_1.py,8,31,8,33,33,CWE-20_IIV-2b,CWE-20
URL redirection from remote source,URL redirection based on unvalidated user input may cause redirection to malicious web sites.,error,"Untrusted URL redirection depends on a [[""user-provided value""|""relative:///syntactic_permutations_33/code_row_10.py:1:43:1:49""]].",/syntactic_permutations_33/code_row_10.py,12,29,12,31,33,CWE-20_IIV-2b,CWE-20
URL redirection from remote source,URL redirection based on unvalidated user input may cause redirection to malicious web sites.,error,"Untrusted URL redirection depends on a [[""user-provided value""|""relative:///syntactic_permutations_29/code_row_10.py:5:11:5:14""]].",/syntactic_permutations_29/code_row_10.py,7,25,7,28,29,CWE-20_IIV-1b,CWE-20
URL redirection from remote source,URL redirection based on unvalidated user input may cause redirection to malicious web sites.,error,"Untrusted URL redirection depends on a [[""user-provided value""|""relative:///syntactic_permutations_32/code_row_10.py:6:26:6:28""]].",/syntactic_permutations_32/code_row_10.py,8,25,8,27,32,CWE-20_IIV-2b,CWE-20
URL redirection from remote source,URL redirection based on unvalidated user input may cause redirection to malicious web sites.,error,"Untrusted URL redirection depends on a [[""user-provided value""|""relative:///syntactic_permutations_72/code_row_11.py:2:26:2:32""]].",/syntactic_permutations_72/code_row_11.py,17,29,17,39,72,CWE-434_UUF-3c,CWE-434
URL redirection from remote source,URL redirection based on unvalidated user input may cause redirection to malicious web sites.,error,"Untrusted URL redirection depends on a [[""user-provided value""|""relative:///syntactic_permutations_72/code_row_11.py:2:26:2:32""]].",/syntactic_permutations_72/code_row_11.py,23,29,23,39,72,CWE-434_UUF-3c,CWE-434
URL redirection from remote source,URL redirection based on unvalidated user input may cause redirection to malicious web sites.,error,"Untrusted URL redirection depends on a [[""user-provided value""|""relative:///syntactic_permutations_66/code_row_12.py:5:30:5:36""]].",/syntactic_permutations_66/code_row_12.py,27,33,27,43,66,CWE-434_UUF-1c,CWE-434
URL redirection from remote source,URL redirection based on unvalidated user input may cause redirection to malicious web sites.,error,"Untrusted URL redirection depends on a [[""user-provided value""|""relative:///syntactic_permutations_66/code_row_12.py:5:30:5:36""]].",/syntactic_permutations_66/code_row_12.py,33,33,33,43,66,CWE-434_UUF-1c,CWE-434
URL redirection from remote source,URL redirection based on unvalidated user input may cause redirection to malicious web sites.,error,"Untrusted URL redirection depends on a [[""user-provided value""|""relative:///syntactic_permutations_30/code_row_12.py:2:19:2:25""]].",/syntactic_permutations_30/code_row_12.py,9,25,9,30,30,CWE-20_IIV-1c,CWE-20
URL redirection from remote source,URL redirection based on unvalidated user input may cause redirection to malicious web sites.,error,"Untrusted URL redirection depends on a [[""user-provided value""|""relative:///syntactic_permutations_29/code_row_12.py:8:21:8:26""]].",/syntactic_permutations_29/code_row_12.py,10,25,10,30,29,CWE-20_IIV-1b,CWE-20
URL redirection from remote source,URL redirection based on unvalidated user input may cause redirection to malicious web sites.,error,"Untrusted URL redirection depends on a [[""user-provided value""|""relative:///syntactic_permutations_32/code_row_13.py:5:26:5:28""]].",/syntactic_permutations_32/code_row_13.py,7,31,7,33,32,CWE-20_IIV-2b,CWE-20
URL redirection from remote source,URL redirection based on unvalidated user input may cause redirection to malicious web sites.,error,"Untrusted URL redirection depends on a [[""user-provided value""|""relative:///syntactic_permutations_70/code_row_13.py:2:37:2:43""]].",/syntactic_permutations_70/code_row_13.py,22,33,22,43,70,CWE-434_UUF-3a,CWE-434
URL redirection from remote source,URL redirection based on unvalidated user input may cause redirection to malicious web sites.,error,"Untrusted URL redirection depends on a [[""user-provided value""|""relative:///syntactic_permutations_70/code_row_13.py:2:37:2:43""]].",/syntactic_permutations_70/code_row_13.py,26,33,26,43,70,CWE-434_UUF-3a,CWE-434
URL redirection from remote source,URL redirection based on unvalidated user input may cause redirection to malicious web sites.,error,"Untrusted URL redirection depends on a [[""user-provided value""|""relative:///syntactic_permutations_72/code_row_13.py:1:26:1:32""]].",/syntactic_permutations_72/code_row_13.py,13,33,13,43,72,CWE-434_UUF-3c,CWE-434
URL redirection from remote source,URL redirection based on unvalidated user input may cause redirection to malicious web sites.,error,"Untrusted URL redirection depends on a [[""user-provided value""|""relative:///syntactic_permutations_71/code_row_13.py:1:33:1:39""]].",/syntactic_permutations_71/code_row_13.py,16,29,16,39,71,CWE-434_UUF-3b,CWE-434
URL redirection from remote source,URL redirection based on unvalidated user input may cause redirection to malicious web sites.,error,"Untrusted URL redirection depends on a [[""user-provided value""|""relative:///syntactic_permutations_71/code_row_13.py:1:33:1:39""]].",/syntactic_permutations_71/code_row_13.py,20,29,20,39,71,CWE-434_UUF-3b,CWE-434
URL redirection from remote source,URL redirection based on unvalidated user input may cause redirection to malicious web sites.,error,"Untrusted URL redirection depends on a [[""user-provided value""|""relative:///syntactic_permutations_30/code_row_13.py:2:19:2:25""]].",/syntactic_permutations_30/code_row_13.py,9,21,9,42,30,CWE-20_IIV-1c,CWE-20
URL redirection from remote source,URL redirection based on unvalidated user input may cause redirection to malicious web sites.,error,"Untrusted URL redirection depends on a [[""user-provided value""|""relative:///syntactic_permutations_29/code_row_15.py:6:21:6:26""]].",/syntactic_permutations_29/code_row_15.py,8,29,8,34,29,CWE-20_IIV-1b,CWE-20
URL redirection from remote source,URL redirection based on unvalidated user input may cause redirection to malicious web sites.,error,"Untrusted URL redirection depends on a [[""user-provided value""|""relative:///syntactic_permutations_32/code_row_15.py:13:18:13:20""]].",/syntactic_permutations_32/code_row_15.py,8,25,8,27,32,CWE-20_IIV-2b,CWE-20
URL redirection from remote source,URL redirection based on unvalidated user input may cause redirection to malicious web sites.,error,"Untrusted URL redirection depends on a [[""user-provided value""|""relative:///syntactic_permutations_33/code_row_16.py:1:36:1:42""]].",/syntactic_permutations_33/code_row_16.py,13,29,13,31,33,CWE-20_IIV-2b,CWE-20
URL redirection from remote source,URL redirection based on unvalidated user input may cause redirection to malicious web sites.,error,"Untrusted URL redirection depends on a [[""user-provided value""|""relative:///syntactic_permutations_29/code_row_16.py:5:24:5:29""]].",/syntactic_permutations_29/code_row_16.py,7,25,7,30,29,CWE-20_IIV-1b,CWE-20
URL redirection from remote source,URL redirection based on unvalidated user input may cause redirection to malicious web sites.,error,"Untrusted URL redirection depends on a [[""user-provided value""|""relative:///syntactic_permutations_32/code_row_17.py:6:26:6:28""]].",/syntactic_permutations_32/code_row_17.py,8,25,8,27,32,CWE-20_IIV-2b,CWE-20
URL redirection from remote source,URL redirection based on unvalidated user input may cause redirection to malicious web sites.,error,"Untrusted URL redirection depends on a [[""user-provided value""|""relative:///syntactic_permutations_29/code_row_17.py:7:12:7:17""]].",/syntactic_permutations_29/code_row_17.py,9,25,9,30,29,CWE-20_IIV-1b,CWE-20
URL redirection from remote source,URL redirection based on unvalidated user input may cause redirection to malicious web sites.,error,"Untrusted URL redirection depends on a [[""user-provided value""|""relative:///syntactic_permutations_29/code_row_18.py:5:14:5:19""]].",/syntactic_permutations_29/code_row_18.py,10,31,10,36,29,CWE-20_IIV-1b,CWE-20
URL redirection from remote source,URL redirection based on unvalidated user input may cause redirection to malicious web sites.,error,"Untrusted URL redirection depends on a [[""user-provided value""|""relative:///syntactic_permutations_32/code_row_18.py:5:18:5:20""]].",/syntactic_permutations_32/code_row_18.py,6,21,6,23,32,CWE-20_IIV-2b,CWE-20
URL redirection from remote source,URL redirection based on unvalidated user input may cause redirection to malicious web sites.,error,"Untrusted URL redirection depends on a [[""user-provided value""|""relative:///syntactic_permutations_33/code_row_19.py:2:26:2:32""]].",/syntactic_permutations_33/code_row_19.py,11,25,11,47,33,CWE-20_IIV-2b,CWE-20
URL redirection from remote source,URL redirection based on unvalidated user input may cause redirection to malicious web sites.,error,"Untrusted URL redirection depends on a [[""user-provided value""|""relative:///syntactic_permutations_30/code_row_19.py:1:26:1:32""]].",/syntactic_permutations_30/code_row_19.py,9,29,9,34,30,CWE-20_IIV-1c,CWE-20
URL redirection from remote source,URL redirection based on unvalidated user input may cause redirection to malicious web sites.,error,"Untrusted URL redirection depends on a [[""user-provided value""|""relative:///syntactic_permutations_64/code_row_19.py:1:26:1:32""]].",/syntactic_permutations_64/code_row_19.py,21,25,21,57,64,CWE-434_UUF-1a,CWE-434
URL redirection from remote source,URL redirection based on unvalidated user input may cause redirection to malicious web sites.,error,"Untrusted URL redirection depends on a [[""user-provided value""|""relative:///syntactic_permutations_32/code_row_19.py:4:21:4:23""]].",/syntactic_permutations_32/code_row_19.py,6,31,6,33,32,CWE-20_IIV-2b,CWE-20
URL redirection from remote source,URL redirection based on unvalidated user input may cause redirection to malicious web sites.,error,"Untrusted URL redirection depends on a [[""user-provided value""|""relative:///syntactic_permutations_32/code_row_2.py:16:17:16:19""]].",/syntactic_permutations_32/code_row_2.py,18,29,18,31,32,CWE-20_IIV-2b,CWE-20
URL redirection from remote source,URL redirection based on unvalidated user input may cause redirection to malicious web sites.,error,"Untrusted URL redirection depends on a [[""user-provided value""|""relative:///syntactic_permutations_33/code_row_2.py:1:36:1:42""]].",/syntactic_permutations_33/code_row_2.py,15,25,15,27,33,CWE-20_IIV-2b,CWE-20
URL redirection from remote source,URL redirection based on unvalidated user input may cause redirection to malicious web sites.,error,"Untrusted URL redirection depends on a [[""user-provided value""|""relative:///syntactic_permutations_29/code_row_20.py:5:10:5:15""]].",/syntactic_permutations_29/code_row_20.py,7,25,7,30,29,CWE-20_IIV-1b,CWE-20
URL redirection from remote source,URL redirection based on unvalidated user input may cause redirection to malicious web sites.,error,"Untrusted URL redirection depends on a [[""user-provided value""|""relative:///syntactic_permutations_30/code_row_20.py:2:19:2:25""]].",/syntactic_permutations_30/code_row_20.py,6,19,6,24,30,CWE-20_IIV-1c,CWE-20
URL redirection from remote source,URL redirection based on unvalidated user input may cause redirection to malicious web sites.,error,"Untrusted URL redirection depends on a [[""user-provided value""|""relative:///syntactic_permutations_33/code_row_20.py:1:26:1:32""]].",/syntactic_permutations_33/code_row_20.py,7,29,7,31,33,CWE-20_IIV-2b,CWE-20
URL redirection from remote source,URL redirection based on unvalidated user input may cause redirection to malicious web sites.,error,"Untrusted URL redirection depends on a [[""user-provided value""|""relative:///syntactic_permutations_32/code_row_20.py:5:26:5:28""]].",/syntactic_permutations_32/code_row_20.py,7,25,7,27,32,CWE-20_IIV-2b,CWE-20
URL redirection from remote source,URL redirection based on unvalidated user input may cause redirection to malicious web sites.,error,"Untrusted URL redirection depends on a [[""user-provided value""|""relative:///syntactic_permutations_32/code_row_21.py:11:16:11:18""]].",/syntactic_permutations_32/code_row_21.py,6,25,6,27,32,CWE-20_IIV-2b,CWE-20
URL redirection from remote source,URL redirection based on unvalidated user input may cause redirection to malicious web sites.,error,"Untrusted URL redirection depends on a [[""user-provided value""|""relative:///syntactic_permutations_64/code_row_21.py:3:23:3:29""]].",/syntactic_permutations_64/code_row_21.py,9,25,9,35,64,CWE-434_UUF-1a,CWE-434
URL redirection from remote source,URL redirection based on unvalidated user input may cause redirection to malicious web sites.,error,"Untrusted URL redirection depends on a [[""user-provided value""|""relative:///syntactic_permutations_64/code_row_21.py:3:23:3:29""]].",/syntactic_permutations_64/code_row_21.py,12,25,12,35,64,CWE-434_UUF-1a,CWE-434
URL redirection from remote source,URL redirection based on unvalidated user input may cause redirection to malicious web sites.,error,"Untrusted URL redirection depends on a [[""user-provided value""|""relative:///syntactic_permutations_33/code_row_21.py:6:26:6:28""]].",/syntactic_permutations_33/code_row_21.py,9,21,9,23,33,CWE-20_IIV-2b,CWE-20
URL redirection from remote source,URL redirection based on unvalidated user input may cause redirection to malicious web sites.,error,"Untrusted URL redirection depends on a [[""user-provided value""|""relative:///syntactic_permutations_29/code_row_22.py:9:15:9:20""]].",/syntactic_permutations_29/code_row_22.py,11,29,11,55,29,CWE-20_IIV-1b,CWE-20
URL redirection from remote source,URL redirection based on unvalidated user input may cause redirection to malicious web sites.,error,"Untrusted URL redirection depends on a [[""user-provided value""|""relative:///syntactic_permutations_64/code_row_22.py:2:26:2:32""]].",/syntactic_permutations_64/code_row_22.py,22,33,22,43,64,CWE-434_UUF-1a,CWE-434
URL redirection from remote source,URL redirection based on unvalidated user input may cause redirection to malicious web sites.,error,"Untrusted URL redirection depends on a [[""user-provided value""|""relative:///syntactic_permutations_64/code_row_22.py:2:26:2:32""]].",/syntactic_permutations_64/code_row_22.py,26,33,26,43,64,CWE-434_UUF-1a,CWE-434
URL redirection from remote source,URL redirection based on unvalidated user input may cause redirection to malicious web sites.,error,"Untrusted URL redirection depends on a [[""user-provided value""|""relative:///syntactic_permutations_33/code_row_22.py:6:30:6:32""]].",/syntactic_permutations_33/code_row_22.py,8,29,8,31,33,CWE-20_IIV-2b,CWE-20
URL redirection from remote source,URL redirection based on unvalidated user input may cause redirection to malicious web sites.,error,"Untrusted URL redirection depends on a [[""user-provided value""|""relative:///syntactic_permutations_29/code_row_23.py:13:25:13:30""]].",/syntactic_permutations_29/code_row_23.py,15,29,15,34,29,CWE-20_IIV-1b,CWE-20
URL redirection from remote source,URL redirection based on unvalidated user input may cause redirection to malicious web sites.,error,"Untrusted URL redirection depends on a [[""user-provided value""|""relative:///syntactic_permutations_33/code_row_23.py:1:26:1:32""]].",/syntactic_permutations_33/code_row_23.py,7,25,7,27,33,CWE-20_IIV-2b,CWE-20
URL redirection from remote source,URL redirection based on unvalidated user input may cause redirection to malicious web sites.,error,"Untrusted URL redirection depends on a [[""user-provided value""|""relative:///syntactic_permutations_30/code_row_23.py:2:19:2:25""]].",/syntactic_permutations_30/code_row_23.py,6,21,6,26,30,CWE-20_IIV-1c,CWE-20
URL redirection from remote source,URL redirection based on unvalidated user input may cause redirection to malicious web sites.,error,"Untrusted URL redirection depends on a [[""user-provided value""|""relative:///syntactic_permutations_29/code_row_24.py:2:36:2:42""]].",/syntactic_permutations_29/code_row_24.py,10,25,10,30,29,CWE-20_IIV-1b,CWE-20
URL redirection from remote source,URL redirection based on unvalidated user input may cause redirection to malicious web sites.,error,"Untrusted URL redirection depends on a [[""user-provided value""|""relative:///syntactic_permutations_33/code_row_24.py:5:30:5:32""]].",/syntactic_permutations_33/code_row_24.py,7,29,7,31,33,CWE-20_IIV-2b,CWE-20
URL redirection from remote source,URL redirection based on unvalidated user input may cause redirection to malicious web sites.,error,"Untrusted URL redirection depends on a [[""user-provided value""|""relative:///syntactic_permutations_30/code_row_24.py:2:26:2:32""]].",/syntactic_permutations_30/code_row_24.py,9,25,9,30,30,CWE-20_IIV-1c,CWE-20
URL redirection from remote source,URL redirection based on unvalidated user input may cause redirection to malicious web sites.,error,"Untrusted URL redirection depends on a [[""user-provided value""|""relative:///syntactic_permutations_65/code_row_24.py:2:26:2:32""]].",/syntactic_permutations_65/code_row_24.py,19,29,19,39,65,CWE-434_UUF-1b,CWE-434
URL redirection from remote source,URL redirection based on unvalidated user input may cause redirection to malicious web sites.,error,"Untrusted URL redirection depends on a [[""user-provided value""|""relative:///syntactic_permutations_65/code_row_24.py:2:26:2:32""]].",/syntactic_permutations_65/code_row_24.py,25,29,25,39,65,CWE-434_UUF-1b,CWE-434
URL redirection from remote source,URL redirection based on unvalidated user input may cause redirection to malicious web sites.,error,"Untrusted URL redirection depends on a [[""user-provided value""|""relative:///syntactic_permutations_29/code_row_25.py:7:17:7:22""]].",/syntactic_permutations_29/code_row_25.py,9,25,9,30,29,CWE-20_IIV-1b,CWE-20
URL redirection from remote source,URL redirection based on unvalidated user input may cause redirection to malicious web sites.,error,"Untrusted URL redirection depends on a [[""user-provided value""|""relative:///syntactic_permutations_33/code_row_25.py:5:14:5:16""]].",/syntactic_permutations_33/code_row_25.py,7,25,7,27,33,CWE-20_IIV-2b,CWE-20
URL redirection from remote source,URL redirection based on unvalidated user input may cause redirection to malicious web sites.,error,"Untrusted URL redirection depends on a [[""user-provided value""|""relative:///syntactic_permutations_32/code_row_26.py:6:30:6:32""]].",/syntactic_permutations_32/code_row_26.py,8,29,8,31,32,CWE-20_IIV-2b,CWE-20
URL redirection from remote source,URL redirection based on unvalidated user input may cause redirection to malicious web sites.,error,"Untrusted URL redirection depends on a [[""user-provided value""|""relative:///syntactic_permutations_29/code_row_27.py:1:26:1:32""]].",/syntactic_permutations_29/code_row_27.py,8,29,8,34,29,CWE-20_IIV-1b,CWE-20
URL redirection from remote source,URL redirection based on unvalidated user input may cause redirection to malicious web sites.,error,"Untrusted URL redirection depends on a [[""user-provided value""|""relative:///syntactic_permutations_29/code_row_28.py:5:11:5:16""]].",/syntactic_permutations_29/code_row_28.py,8,25,8,30,29,CWE-20_IIV-1b,CWE-20
URL redirection from remote source,URL redirection based on unvalidated user input may cause redirection to malicious web sites.,error,"Untrusted URL redirection depends on a [[""user-provided value""|""relative:///syntactic_permutations_65/code_row_29.py:2:33:2:39""]].",/syntactic_permutations_65/code_row_29.py,19,29,19,39,65,CWE-434_UUF-1b,CWE-434
URL redirection from remote source,URL redirection based on unvalidated user input may cause redirection to malicious web sites.,error,"Untrusted URL redirection depends on a [[""user-provided value""|""relative:///syntactic_permutations_65/code_row_29.py:2:33:2:39""]].",/syntactic_permutations_65/code_row_29.py,25,29,25,39,65,CWE-434_UUF-1b,CWE-434
URL redirection from remote source,URL redirection based on unvalidated user input may cause redirection to malicious web sites.,error,"Untrusted URL redirection depends on a [[""user-provided value""|""relative:///syntactic_permutations_32/code_row_3.py:5:30:5:32""]].",/syntactic_permutations_32/code_row_3.py,7,35,7,37,32,CWE-20_IIV-2b,CWE-20
URL redirection from remote source,URL redirection based on unvalidated user input may cause redirection to malicious web sites.,error,"Untrusted URL redirection depends on a [[""user-provided value""|""relative:///syntactic_permutations_29/code_row_31.py:6:16:6:21""]].",/syntactic_permutations_29/code_row_31.py,8,25,8,30,29,CWE-20_IIV-1b,CWE-20
URL redirection from remote source,URL redirection based on unvalidated user input may cause redirection to malicious web sites.,error,"Untrusted URL redirection depends on a [[""user-provided value""|""relative:///syntactic_permutations_30/code_row_32.py:2:19:2:25""]].",/syntactic_permutations_30/code_row_32.py,6,21,6,26,30,CWE-20_IIV-1c,CWE-20
URL redirection from remote source,URL redirection based on unvalidated user input may cause redirection to malicious web sites.,error,"Untrusted URL redirection depends on a [[""user-provided value""|""relative:///syntactic_permutations_29/code_row_32.py:5:11:5:16""]].",/syntactic_permutations_29/code_row_32.py,8,25,8,30,29,CWE-20_IIV-1b,CWE-20
URL redirection from remote source,URL redirection based on unvalidated user input may cause redirection to malicious web sites.,error,"Untrusted URL redirection depends on a [[""user-provided value""|""relative:///syntactic_permutations_29/code_row_33.py:8:11:8:16""]].",/syntactic_permutations_29/code_row_33.py,10,25,10,30,29,CWE-20_IIV-1b,CWE-20
URL redirection from remote source,URL redirection based on unvalidated user input may cause redirection to malicious web sites.,error,"Untrusted URL redirection depends on a [[""user-provided value""|""relative:///syntactic_permutations_29/code_row_34.py:10:15:10:20""]].",/syntactic_permutations_29/code_row_34.py,12,29,12,34,29,CWE-20_IIV-1b,CWE-20
URL redirection from remote source,URL redirection based on unvalidated user input may cause redirection to malicious web sites.,error,"Untrusted URL redirection depends on a [[""user-provided value""|""relative:///syntactic_permutations_29/code_row_35.py:7:15:7:20""]].",/syntactic_permutations_29/code_row_35.py,9,29,9,34,29,CWE-20_IIV-1b,CWE-20
URL redirection from remote source,URL redirection based on unvalidated user input may cause redirection to malicious web sites.,error,"Untrusted URL redirection depends on a [[""user-provided value""|""relative:///syntactic_permutations_29/code_row_37.py:5:18:5:23""]].",/syntactic_permutations_29/code_row_37.py,9,25,9,30,29,CWE-20_IIV-1b,CWE-20
URL redirection from remote source,URL redirection based on unvalidated user input may cause redirection to malicious web sites.,error,"Untrusted URL redirection depends on a [[""user-provided value""|""relative:///syntactic_permutations_29/code_row_38.py:6:15:6:20""]].",/syntactic_permutations_29/code_row_38.py,9,21,9,26,29,CWE-20_IIV-1b,CWE-20
URL redirection from remote source,URL redirection based on unvalidated user input may cause redirection to malicious web sites.,error,"Untrusted URL redirection depends on a [[""user-provided value""|""relative:///syntactic_permutations_29/code_row_39.py:6:16:6:21""]].",/syntactic_permutations_29/code_row_39.py,8,31,8,36,29,CWE-20_IIV-1b,CWE-20
URL redirection from remote source,URL redirection based on unvalidated user input may cause redirection to malicious web sites.,error,"Untrusted URL redirection depends on a [[""user-provided value""|""relative:///syntactic_permutations_32/code_row_4.py:6:26:6:28""]].",/syntactic_permutations_32/code_row_4.py,8,25,8,27,32,CWE-20_IIV-2b,CWE-20
URL redirection from remote source,URL redirection based on unvalidated user input may cause redirection to malicious web sites.,error,"Untrusted URL redirection depends on a [[""user-provided value""|""relative:///syntactic_permutations_72/code_row_4.py:2:33:2:39""]].",/syntactic_permutations_72/code_row_4.py,11,29,11,39,72,CWE-434_UUF-3c,CWE-434
URL redirection from remote source,URL redirection based on unvalidated user input may cause redirection to malicious web sites.,error,"Untrusted URL redirection depends on a [[""user-provided value""|""relative:///syntactic_permutations_72/code_row_4.py:2:33:2:39""]].",/syntactic_permutations_72/code_row_4.py,15,29,15,39,72,CWE-434_UUF-3c,CWE-434
URL redirection from remote source,URL redirection based on unvalidated user input may cause redirection to malicious web sites.,error,"Untrusted URL redirection depends on a [[""user-provided value""|""relative:///syntactic_permutations_29/code_row_4.py:6:11:6:16""]].",/syntactic_permutations_29/code_row_4.py,10,25,10,30,29,CWE-20_IIV-1b,CWE-20
URL redirection from remote source,URL redirection based on unvalidated user input may cause redirection to malicious web sites.,error,"Untrusted URL redirection depends on a [[""user-provided value""|""relative:///syntactic_permutations_29/code_row_41.py:5:11:5:16""]].",/syntactic_permutations_29/code_row_41.py,7,25,7,30,29,CWE-20_IIV-1b,CWE-20
URL redirection from remote source,URL redirection based on unvalidated user input may cause redirection to malicious web sites.,error,"Untrusted URL redirection depends on a [[""user-provided value""|""relative:///syntactic_permutations_33/code_row_5.py:9:26:9:28""]].",/syntactic_permutations_33/code_row_5.py,11,25,11,27,33,CWE-20_IIV-2b,CWE-20
URL redirection from remote source,URL redirection based on unvalidated user input may cause redirection to malicious web sites.,error,"Untrusted URL redirection depends on a [[""user-provided value""|""relative:///syntactic_permutations_65/code_row_5.py:2:26:2:32""]].",/syntactic_permutations_65/code_row_5.py,17,29,17,39,65,CWE-434_UUF-1b,CWE-434
URL redirection from remote source,URL redirection based on unvalidated user input may cause redirection to malicious web sites.,error,"Untrusted URL redirection depends on a [[""user-provided value""|""relative:///syntactic_permutations_65/code_row_5.py:2:26:2:32""]].",/syntactic_permutations_65/code_row_5.py,23,29,23,39,65,CWE-434_UUF-1b,CWE-434
URL redirection from remote source,URL redirection based on unvalidated user input may cause redirection to malicious web sites.,error,"Untrusted URL redirection depends on a [[""user-provided value""|""relative:///syntactic_permutations_32/code_row_5.py:14:16:14:18""]].",/syntactic_permutations_32/code_row_5.py,9,25,9,27,32,CWE-20_IIV-2b,CWE-20
URL redirection from remote source,URL redirection based on unvalidated user input may cause redirection to malicious web sites.,error,"Untrusted URL redirection depends on a [[""user-provided value""|""relative:///syntactic_permutations_66/code_row_5.py:2:26:2:32""]].",/syntactic_permutations_66/code_row_5.py,28,29,28,39,66,CWE-434_UUF-1c,CWE-434
URL redirection from remote source,URL redirection based on unvalidated user input may cause redirection to malicious web sites.,error,"Untrusted URL redirection depends on a [[""user-provided value""|""relative:///syntactic_permutations_33/code_row_6.py:1:26:1:32""]].",/syntactic_permutations_33/code_row_6.py,6,29,6,47,33,CWE-20_IIV-2b,CWE-20
URL redirection from remote source,URL redirection based on unvalidated user input may cause redirection to malicious web sites.,error,"Untrusted URL redirection depends on a [[""user-provided value""|""relative:///syntactic_permutations_32/code_row_7.py:5:26:5:28""]].",/syntactic_permutations_32/code_row_7.py,8,21,8,23,32,CWE-20_IIV-2b,CWE-20
URL redirection from remote source,URL redirection based on unvalidated user input may cause redirection to malicious web sites.,error,"Untrusted URL redirection depends on a [[""user-provided value""|""relative:///syntactic_permutations_33/code_row_8.py:6:30:6:32""]].",/syntactic_permutations_33/code_row_8.py,9,29,9,31,33,CWE-20_IIV-2b,CWE-20
URL redirection from remote source,URL redirection based on unvalidated user input may cause redirection to malicious web sites.,error,"Untrusted URL redirection depends on a [[""user-provided value""|""relative:///syntactic_permutations_32/code_row_8.py:7:26:7:28""]].",/syntactic_permutations_32/code_row_8.py,9,25,9,27,32,CWE-20_IIV-2b,CWE-20
URL redirection from remote source,URL redirection based on unvalidated user input may cause redirection to malicious web sites.,error,"Untrusted URL redirection depends on a [[""user-provided value""|""relative:///syntactic_permutations_29/code_row_9.py:5:16:5:21""]].",/syntactic_permutations_29/code_row_9.py,7,21,7,26,29,CWE-20_IIV-1b,CWE-20
URL redirection from remote source,URL redirection based on unvalidated user input may cause redirection to malicious web sites.,error,"Untrusted URL redirection depends on a [[""user-provided value""|""relative:///syntactic_permutations_33/code_row_9.py:7:26:7:28""]].",/syntactic_permutations_33/code_row_9.py,9,25,9,27,33,CWE-20_IIV-2b,CWE-20
URL redirection from remote source,URL redirection based on unvalidated user input may cause redirection to malicious web sites.,error,"Untrusted URL redirection depends on a [[""user-provided value""|""relative:///syntactic_permutations_65/code_row_9.py:2:26:2:32""]].",/syntactic_permutations_65/code_row_9.py,17,29,17,39,65,CWE-434_UUF-1b,CWE-434
URL redirection from remote source,URL redirection based on unvalidated user input may cause redirection to malicious web sites.,error,"Untrusted URL redirection depends on a [[""user-provided value""|""relative:///syntactic_permutations_65/code_row_9.py:2:26:2:32""]].",/syntactic_permutations_65/code_row_9.py,23,29,23,39,65,CWE-434_UUF-1b,CWE-434
URL redirection from remote source,URL redirection based on unvalidated user input may cause redirection to malicious web sites.,error,"Untrusted URL redirection depends on a [[""user-provided value""|""relative:///syntactic_permutations_70/code_row_9.py:1:33:1:39""]].
Untrusted URL redirection depends on a [[""user-provided value""|""relative:///syntactic_permutations_70/code_row_9.py:46:33:46:39""]].",/syntactic_permutations_70/code_row_9.py,20,29,20,39,70,CWE-434_UUF-3a,CWE-434
URL redirection from remote source,URL redirection based on unvalidated user input may cause redirection to malicious web sites.,error,"Untrusted URL redirection depends on a [[""user-provided value""|""relative:///syntactic_permutations_70/code_row_9.py:1:33:1:39""]].
Untrusted URL redirection depends on a [[""user-provided value""|""relative:///syntactic_permutations_70/code_row_9.py:46:33:46:39""]].",/syntactic_permutations_70/code_row_9.py,26,29,26,39,70,CWE-434_UUF-3a,CWE-434
URL redirection from remote source,URL redirection based on unvalidated user input may cause redirection to malicious web sites.,error,"Untrusted URL redirection depends on a [[""user-provided value""|""relative:///syntactic_permutations_70/code_row_9.py:1:33:1:39""]].
Untrusted URL redirection depends on a [[""user-provided value""|""relative:///syntactic_permutations_70/code_row_9.py:46:33:46:39""]].",/syntactic_permutations_70/code_row_9.py,65,29,65,39,70,CWE-434_UUF-3a,CWE-434
URL redirection from remote source,URL redirection based on unvalidated user input may cause redirection to malicious web sites.,error,"Untrusted URL redirection depends on a [[""user-provided value""|""relative:///syntactic_permutations_70/code_row_9.py:1:33:1:39""]].
Untrusted URL redirection depends on a [[""user-provided value""|""relative:///syntactic_permutations_70/code_row_9.py:46:33:46:39""]].",/syntactic_permutations_70/code_row_9.py,71,29,71,39,70,CWE-434_UUF-3a,CWE-434
URL redirection from remote source,URL redirection based on unvalidated user input may cause redirection to malicious web sites.,error,"Untrusted URL redirection depends on a [[""user-provided value""|""relative:///syntactic_permutations_32/code_row_9.py:7:30:7:32""]].",/syntactic_permutations_32/code_row_9.py,11,35,11,37,32,CWE-20_IIV-2b,CWE-20
Use of a broken or weak cryptographic hashing algorithm on sensitive data,Using broken or weak cryptographic hashing algorithms can compromise security.,warning,"[[""Sensitive data (password)""|""relative:///syntactic_permutations_56/code_row_0.py:3:18:3:25""]] is used in a hashing algorithm (SHA256) that is insecure for password hashing, since it is not a computationally expensive hash function.
[[""Sensitive data (password)""|""relative:///syntactic_permutations_56/code_row_0.py:10:40:10:47""]] is used in a hashing algorithm (SHA256) that is insecure for password hashing, since it is not a computationally expensive hash function.",/syntactic_permutations_56/code_row_0.py,6,54,6,61,56,CWE-306_MAC-3a,CWE-306
Use of a broken or weak cryptographic hashing algorithm on sensitive data,Using broken or weak cryptographic hashing algorithms can compromise security.,warning,"[[""Sensitive data (password)""|""relative:///syntactic_permutations_56/code_row_0.py:10:40:10:47""]] is used in a hashing algorithm (SHA256) that is insecure for password hashing, since it is not a computationally expensive hash function.",/syntactic_permutations_56/code_row_0.py,17,58,17,65,56,CWE-306_MAC-3a,CWE-306
Use of a broken or weak cryptographic hashing algorithm on sensitive data,Using broken or weak cryptographic hashing algorithms can compromise security.,warning,"[[""Sensitive data (password)""|""relative:///syntactic_permutations_38/code_row_0.py:12:28:12:35""]] is used in a hashing algorithm (SHA256) that is insecure for password hashing, since it is not a computationally expensive hash function.",/syntactic_permutations_38/code_row_0.py,13,42,13,49,38,CWE-200_ESI-2b,CWE-200
Use of a broken or weak cryptographic hashing algorithm on sensitive data,Using broken or weak cryptographic hashing algorithms can compromise security.,warning,"[[""Sensitive data (password)""|""relative:///syntactic_permutations_38/code_row_0.py:17:25:17:32""]] is used in a hashing algorithm (SHA256) that is insecure for password hashing, since it is not a computationally expensive hash function.",/syntactic_permutations_38/code_row_0.py,18,42,18,49,38,CWE-200_ESI-2b,CWE-200
Use of a broken or weak cryptographic hashing algorithm on sensitive data,Using broken or weak cryptographic hashing algorithms can compromise security.,warning,"[[""Sensitive data (password)""|""relative:///syntactic_permutations_94/code_row_0.py:7:26:7:33""]] is used in a hashing algorithm (SHA256) that is insecure for password hashing, since it is not a computationally expensive hash function.",/syntactic_permutations_94/code_row_0.py,9,34,9,59,94,CWE-522_IPC-2a,CWE-522
Use of a broken or weak cryptographic hashing algorithm on sensitive data,Using broken or weak cryptographic hashing algorithms can compromise security.,warning,"[[""Sensitive data (password)""|""relative:///syntactic_permutations_98/code_row_0.py:7:24:7:31""]] is used in a hashing algorithm (SHA256) that is insecure for password hashing, since it is not a computationally expensive hash function.",/syntactic_permutations_98/code_row_0.py,13,22,13,29,98,CWE-522_IPC-3a,CWE-522
Use of a broken or weak cryptographic hashing algorithm on sensitive data,Using broken or weak cryptographic hashing algorithms can compromise security.,warning,"[[""Sensitive data (password)""|""relative:///syntactic_permutations_92/code_row_0.py:7:24:7:31""]] is used in a hashing algorithm (SHA256) that is insecure for password hashing, since it is not a computationally expensive hash function.
[[""Sensitive data (password)""|""relative:///syntactic_permutations_92/code_row_0.py:25:16:25:53""]] is used in a hashing algorithm (SHA256) that is insecure for password hashing, since it is not a computationally expensive hash function.
[[""Sensitive data (password)""|""relative:///syntactic_permutations_92/code_row_0.py:15:23:15:35""]] is used in a hashing algorithm (SHA256) that is insecure for password hashing, since it is not a computationally expensive hash function.",/syntactic_permutations_92/code_row_0.py,15,23,15,35,92,CWE-522_IPC-1b,CWE-522
Use of a broken or weak cryptographic hashing algorithm on sensitive data,Using broken or weak cryptographic hashing algorithms can compromise security.,warning,"[[""Sensitive data (password)""|""relative:///syntactic_permutations_97/code_row_1.py:16:38:16:45""]] is used in a hashing algorithm (SHA256) that is insecure for password hashing, since it is not a computationally expensive hash function.
[[""Sensitive data (password)""|""relative:///syntactic_permutations_97/code_row_1.py:31:24:31:47""]] is used in a hashing algorithm (SHA256) that is insecure for password hashing, since it is not a computationally expensive hash function.",/syntactic_permutations_97/code_row_1.py,18,49,18,56,97,CWE-522_IPC-3a,CWE-522
Use of a broken or weak cryptographic hashing algorithm on sensitive data,Using broken or weak cryptographic hashing algorithms can compromise security.,warning,"[[""Sensitive data (password)""|""relative:///syntactic_permutations_97/code_row_1.py:23:34:23:41""]] is used in a hashing algorithm (SHA256) that is insecure for password hashing, since it is not a computationally expensive hash function.",/syntactic_permutations_97/code_row_1.py,24,57,24,64,97,CWE-522_IPC-3a,CWE-522
Use of a broken or weak cryptographic hashing algorithm on sensitive data,Using broken or weak cryptographic hashing algorithms can compromise security.,warning,"[[""Sensitive data (password)""|""relative:///syntactic_permutations_37/code_row_1.py:12:16:12:39""]] is used in a hashing algorithm (SHA256) that is insecure for password hashing, since it is not a computationally expensive hash function.",/syntactic_permutations_37/code_row_1.py,22,31,22,47,37,CWE-200_ESI-2a,CWE-200
Use of a broken or weak cryptographic hashing algorithm on sensitive data,Using broken or weak cryptographic hashing algorithms can compromise security.,warning,"[[""Sensitive data (password)""|""relative:///syntactic_permutations_94/code_row_10.py:9:30:9:37""]] is used in a hashing algorithm (SHA256) that is insecure for password hashing, since it is not a computationally expensive hash function.
[[""Sensitive data (password)""|""relative:///syntactic_permutations_94/code_row_10.py:39:14:39:34""]] is used in a hashing algorithm (SHA256) that is insecure for password hashing, since it is not a computationally expensive hash function.",/syntactic_permutations_94/code_row_10.py,21,36,21,43,94,CWE-522_IPC-2a,CWE-522
Use of a broken or weak cryptographic hashing algorithm on sensitive data,Using broken or weak cryptographic hashing algorithms can compromise security.,warning,"[[""Sensitive data (password)""|""relative:///syntactic_permutations_58/code_row_10.py:5:37:5:49""]] is used in a hashing algorithm (SHA256) that is insecure for password hashing, since it is not a computationally expensive hash function.",/syntactic_permutations_58/code_row_10.py,9,46,9,67,58,CWE-306_MAC-3c,CWE-306
Use of a broken or weak cryptographic hashing algorithm on sensitive data,Using broken or weak cryptographic hashing algorithms can compromise security.,warning,"[[""Sensitive data (password)""|""relative:///syntactic_permutations_97/code_row_10.py:7:24:7:31""]] is used in a hashing algorithm (SHA256) that is insecure for password hashing, since it is not a computationally expensive hash function.",/syntactic_permutations_97/code_row_10.py,17,36,17,43,97,CWE-522_IPC-3a,CWE-522
Use of a broken or weak cryptographic hashing algorithm on sensitive data,Using broken or weak cryptographic hashing algorithms can compromise security.,warning,"[[""Sensitive data (password)""|""relative:///syntactic_permutations_92/code_row_10.py:5:20:5:27""]] is used in a hashing algorithm (SHA256) that is insecure for password hashing, since it is not a computationally expensive hash function.",/syntactic_permutations_92/code_row_10.py,7,38,7,70,92,CWE-522_IPC-1b,CWE-522
Use of a broken or weak cryptographic hashing algorithm on sensitive data,Using broken or weak cryptographic hashing algorithms can compromise security.,warning,"[[""Sensitive data (password)""|""relative:///syntactic_permutations_93/code_row_10.py:5:24:5:31""]] is used in a hashing algorithm (SHA256) that is insecure for password hashing, since it is not a computationally expensive hash function.",/syntactic_permutations_93/code_row_10.py,7,38,7,45,93,CWE-522_IPC-1c,CWE-522
Use of a broken or weak cryptographic hashing algorithm on sensitive data,Using broken or weak cryptographic hashing algorithms can compromise security.,warning,"[[""Sensitive data (password)""|""relative:///syntactic_permutations_97/code_row_11.py:13:12:13:19""]] is used in a hashing algorithm (SHA256) that is insecure for password hashing, since it is not a computationally expensive hash function.
[[""Sensitive data (password)""|""relative:///syntactic_permutations_97/code_row_11.py:28:25:28:48""]] is used in a hashing algorithm (SHA256) that is insecure for password hashing, since it is not a computationally expensive hash function.",/syntactic_permutations_97/code_row_11.py,14,25,14,41,97,CWE-522_IPC-3a,CWE-522
Use of a broken or weak cryptographic hashing algorithm on sensitive data,Using broken or weak cryptographic hashing algorithms can compromise security.,warning,"[[""Sensitive data (password)""|""relative:///syntactic_permutations_94/code_row_11.py:5:12:5:36""]] is used in a hashing algorithm (SHA256) that is insecure for password hashing, since it is not a computationally expensive hash function.",/syntactic_permutations_94/code_row_11.py,7,34,7,41,94,CWE-522_IPC-2a,CWE-522
Use of a broken or weak cryptographic hashing algorithm on sensitive data,Using broken or weak cryptographic hashing algorithms can compromise security.,warning,"[[""Sensitive data (password)""|""relative:///syntactic_permutations_93/code_row_11.py:4:12:4:38""]] is used in a hashing algorithm (SHA256) that is insecure for password hashing, since it is not a computationally expensive hash function.",/syntactic_permutations_93/code_row_11.py,6,30,6,37,93,CWE-522_IPC-1c,CWE-522
Use of a broken or weak cryptographic hashing algorithm on sensitive data,Using broken or weak cryptographic hashing algorithms can compromise security.,warning,"[[""Sensitive data (password)""|""relative:///syntactic_permutations_99/code_row_11.py:40:20:40:43""]] is used in a hashing algorithm (SHA256) that is insecure for password hashing, since it is not a computationally expensive hash function.",/syntactic_permutations_99/code_row_11.py,42,81,42,88,99,CWE-522_IPC-3b,CWE-522
Use of a broken or weak cryptographic hashing algorithm on sensitive data,Using broken or weak cryptographic hashing algorithms can compromise security.,warning,"[[""Sensitive data (password)""|""relative:///syntactic_permutations_98/code_row_11.py:22:17:22:40""]] is used in a hashing algorithm (SHA256) that is insecure for password hashing, since it is not a computationally expensive hash function.",/syntactic_permutations_98/code_row_11.py,25,39,25,47,98,CWE-522_IPC-3a,CWE-522
Use of a broken or weak cryptographic hashing algorithm on sensitive data,Using broken or weak cryptographic hashing algorithms can compromise security.,warning,"[[""Sensitive data (password)""|""relative:///syntactic_permutations_98/code_row_12.py:5:24:5:31""]] is used in a hashing algorithm (SHA256) that is insecure for password hashing, since it is not a computationally expensive hash function.",/syntactic_permutations_98/code_row_12.py,9,38,9,54,98,CWE-522_IPC-3a,CWE-522
Use of a broken or weak cryptographic hashing algorithm on sensitive data,Using broken or weak cryptographic hashing algorithms can compromise security.,warning,"[[""Sensitive data (password)""|""relative:///syntactic_permutations_93/code_row_12.py:4:26:4:33""]] is used in a hashing algorithm (SHA256) that is insecure for password hashing, since it is not a computationally expensive hash function.
[[""Sensitive data (password)""|""relative:///syntactic_permutations_93/code_row_12.py:16:14:16:45""]] is used in a hashing algorithm (SHA256) that is insecure for password hashing, since it is not a computationally expensive hash function.",/syntactic_permutations_93/code_row_12.py,6,36,6,43,93,CWE-522_IPC-1c,CWE-522
Use of a broken or weak cryptographic hashing algorithm on sensitive data,Using broken or weak cryptographic hashing algorithms can compromise security.,warning,"[[""Sensitive data (password)""|""relative:///syntactic_permutations_91/code_row_12.py:4:23:4:30""]] is used in a hashing algorithm (SHA256) that is insecure for password hashing, since it is not a computationally expensive hash function.
[[""Sensitive data (password)""|""relative:///syntactic_permutations_91/code_row_12.py:7:29:7:36""]] is used in a hashing algorithm (SHA256) that is insecure for password hashing, since it is not a computationally expensive hash function.",/syntactic_permutations_91/code_row_12.py,5,27,5,43,91,CWE-522_IPC-1a,CWE-522
Use of a broken or weak cryptographic hashing algorithm on sensitive data,Using broken or weak cryptographic hashing algorithms can compromise security.,warning,"[[""Sensitive data (password)""|""relative:///syntactic_permutations_136/code_row_12.py:1:24:1:31""]] is used in a hashing algorithm (SHA256) that is insecure for password hashing, since it is not a computationally expensive hash function.",/syntactic_permutations_136/code_row_12.py,9,34,9,41,136,CWE-798_UHC-1b,CWE-798
Use of a broken or weak cryptographic hashing algorithm on sensitive data,Using broken or weak cryptographic hashing algorithms can compromise security.,warning,"[[""Sensitive data (password)""|""relative:///syntactic_permutations_36/code_row_12.py:9:21:9:28""]] is used in a hashing algorithm (SHA256) that is insecure for password hashing, since it is not a computationally expensive hash function.
[[""Sensitive data (password)""|""relative:///syntactic_permutations_36/code_row_12.py:39:16:39:29""]] is used in a hashing algorithm (SHA256) that is insecure for password hashing, since it is not a computationally expensive hash function.",/syntactic_permutations_36/code_row_12.py,17,38,17,45,36,CWE-200_ESI-1c,CWE-200
Use of a broken or weak cryptographic hashing algorithm on sensitive data,Using broken or weak cryptographic hashing algorithms can compromise security.,warning,"[[""Sensitive data (password)""|""relative:///syntactic_permutations_58/code_row_12.py:9:20:9:49""]] is used in a hashing algorithm (SHA3512) that is insecure for password hashing, since it is not a computationally expensive hash function.",/syntactic_permutations_58/code_row_12.py,10,103,10,119,58,CWE-306_MAC-3c,CWE-306
Use of a broken or weak cryptographic hashing algorithm on sensitive data,Using broken or weak cryptographic hashing algorithms can compromise security.,warning,"[[""Sensitive data (password)""|""relative:///syntactic_permutations_58/code_row_12.py:9:20:9:49""]] is used in a hashing algorithm (SHA3512) that is insecure for password hashing, since it is not a computationally expensive hash function.",/syntactic_permutations_58/code_row_12.py,23,55,23,75,58,CWE-306_MAC-3c,CWE-306
Use of a broken or weak cryptographic hashing algorithm on sensitive data,Using broken or weak cryptographic hashing algorithms can compromise security.,warning,"[[""Sensitive data (password)""|""relative:///syntactic_permutations_58/code_row_12.py:16:29:16:40""]] is used in a hashing algorithm (SHA3512) that is insecure for password hashing, since it is not a computationally expensive hash function.",/syntactic_permutations_58/code_row_12.py,23,110,23,130,58,CWE-306_MAC-3c,CWE-306
Use of a broken or weak cryptographic hashing algorithm on sensitive data,Using broken or weak cryptographic hashing algorithms can compromise security.,warning,"[[""Sensitive data (password)""|""relative:///syntactic_permutations_97/code_row_12.py:13:20:13:43""]] is used in a hashing algorithm (SHA256) that is insecure for password hashing, since it is not a computationally expensive hash function.",/syntactic_permutations_97/code_row_12.py,29,46,29,62,97,CWE-522_IPC-3a,CWE-522
Use of a broken or weak cryptographic hashing algorithm on sensitive data,Using broken or weak cryptographic hashing algorithms can compromise security.,warning,"[[""Sensitive data (password)""|""relative:///syntactic_permutations_57/code_row_13.py:28:24:28:55""]] is used in a hashing algorithm (MD5) that is insecure for password hashing, since it is not a computationally expensive hash function.",/syntactic_permutations_57/code_row_13.py,31,70,31,94,57,CWE-306_MAC-3b,CWE-306
Use of a broken or weak cryptographic hashing algorithm on sensitive data,Using broken or weak cryptographic hashing algorithms can compromise security.,warning,"[[""Sensitive data (password)""|""relative:///syntactic_permutations_58/code_row_13.py:24:20:24:43""]] is used in a hashing algorithm (SHA256) that is insecure for password hashing, since it is not a computationally expensive hash function.",/syntactic_permutations_58/code_row_13.py,26,51,26,67,58,CWE-306_MAC-3c,CWE-306
Use of a broken or weak cryptographic hashing algorithm on sensitive data,Using broken or weak cryptographic hashing algorithms can compromise security.,warning,"[[""Sensitive data (password)""|""relative:///syntactic_permutations_58/code_row_13.py:46:20:46:43""]] is used in a hashing algorithm (SHA256) that is insecure for password hashing, since it is not a computationally expensive hash function.",/syntactic_permutations_58/code_row_13.py,49,51,49,67,58,CWE-306_MAC-3c,CWE-306
Use of a broken or weak cryptographic hashing algorithm on sensitive data,Using broken or weak cryptographic hashing algorithms can compromise security.,warning,"[[""Sensitive data (password)""|""relative:///syntactic_permutations_96/code_row_13.py:10:24:10:31""]] is used in a hashing algorithm (SHA256) that is insecure for password hashing, since it is not a computationally expensive hash function.",/syntactic_permutations_96/code_row_13.py,12,38,12,52,96,CWE-522_IPC-2c,CWE-522
Use of a broken or weak cryptographic hashing algorithm on sensitive data,Using broken or weak cryptographic hashing algorithms can compromise security.,warning,"[[""Sensitive data (password)""|""relative:///syntactic_permutations_98/code_row_13.py:27:16:27:39""]] is used in a hashing algorithm (SHA256) that is insecure for password hashing, since it is not a computationally expensive hash function.",/syntactic_permutations_98/code_row_13.py,35,59,35,66,98,CWE-522_IPC-3a,CWE-522
Use of a broken or weak cryptographic hashing algorithm on sensitive data,Using broken or weak cryptographic hashing algorithms can compromise security.,warning,"[[""Sensitive data (password)""|""relative:///syntactic_permutations_34/code_row_14.py:14:20:14:43""]] is used in a hashing algorithm (SHA256) that is insecure for password hashing, since it is not a computationally expensive hash function.",/syntactic_permutations_34/code_row_14.py,17,53,17,60,34,CWE-200_ESI-1a,CWE-200
Use of a broken or weak cryptographic hashing algorithm on sensitive data,Using broken or weak cryptographic hashing algorithms can compromise security.,warning,"[[""Sensitive data (password)""|""relative:///syntactic_permutations_97/code_row_14.py:7:16:7:39""]] is used in a hashing algorithm (MD5) that is insecure for password hashing, since it is not a computationally expensive hash function.",/syntactic_permutations_97/code_row_14.py,13,35,13,58,97,CWE-522_IPC-3a,CWE-522
Use of a broken or weak cryptographic hashing algorithm on sensitive data,Using broken or weak cryptographic hashing algorithms can compromise security.,warning,"[[""Sensitive data (password)""|""relative:///syntactic_permutations_96/code_row_14.py:11:16:11:39""]] is used in a hashing algorithm (SHA256) that is insecure for password hashing, since it is not a computationally expensive hash function.",/syntactic_permutations_96/code_row_14.py,13,34,13,48,96,CWE-522_IPC-2c,CWE-522
Use of a broken or weak cryptographic hashing algorithm on sensitive data,Using broken or weak cryptographic hashing algorithms can compromise security.,warning,"[[""Sensitive data (password)""|""relative:///syntactic_permutations_99/code_row_14.py:2:31:2:38""]] is used in a hashing algorithm (SHA256) that is insecure for password hashing, since it is not a computationally expensive hash function.",/syntactic_permutations_99/code_row_14.py,3,40,3,47,99,CWE-522_IPC-3b,CWE-522
Use of a broken or weak cryptographic hashing algorithm on sensitive data,Using broken or weak cryptographic hashing algorithms can compromise security.,warning,"[[""Sensitive data (password)""|""relative:///syntactic_permutations_94/code_row_14.py:5:20:5:38""]] is used in a hashing algorithm (SHA256) that is insecure for password hashing, since it is not a computationally expensive hash function.
[[""Sensitive data (password)""|""relative:///syntactic_permutations_94/code_row_14.py:11:28:11:35""]] is used in a hashing algorithm (SHA256) that is insecure for password hashing, since it is not a computationally expensive hash function.
[[""Sensitive data (password)""|""relative:///syntactic_permutations_94/code_row_14.py:14:23:14:30""]] is used in a hashing algorithm (SHA256) that is insecure for password hashing, since it is not a computationally expensive hash function.",/syntactic_permutations_94/code_row_14.py,15,31,15,63,94,CWE-522_IPC-2a,CWE-522
Use of a broken or weak cryptographic hashing algorithm on sensitive data,Using broken or weak cryptographic hashing algorithms can compromise security.,warning,"[[""Sensitive data (password)""|""relative:///syntactic_permutations_58/code_row_15.py:3:40:3:47""]] is used in a hashing algorithm (SHA256) that is insecure for password hashing, since it is not a computationally expensive hash function.",/syntactic_permutations_58/code_row_15.py,5,38,5,45,58,CWE-306_MAC-3c,CWE-306
Use of a broken or weak cryptographic hashing algorithm on sensitive data,Using broken or weak cryptographic hashing algorithms can compromise security.,warning,"[[""Sensitive data (password)""|""relative:///syntactic_permutations_37/code_row_15.py:12:20:12:43""]] is used in a hashing algorithm (MD5) that is insecure for password hashing, since it is not a computationally expensive hash function.",/syntactic_permutations_37/code_row_15.py,19,37,19,60,37,CWE-200_ESI-2a,CWE-200
Use of a broken or weak cryptographic hashing algorithm on sensitive data,Using broken or weak cryptographic hashing algorithms can compromise security.,warning,"[[""Sensitive data (password)""|""relative:///syntactic_permutations_97/code_row_15.py:5:12:5:36""]] is used in a hashing algorithm (SHA512) that is insecure for password hashing, since it is not a computationally expensive hash function.",/syntactic_permutations_97/code_row_15.py,6,27,6,43,97,CWE-522_IPC-3a,CWE-522
Use of a broken or weak cryptographic hashing algorithm on sensitive data,Using broken or weak cryptographic hashing algorithms can compromise security.,warning,"[[""Sensitive data (password)""|""relative:///syntactic_permutations_98/code_row_15.py:4:24:4:31""]] is used in a hashing algorithm (SHA256) that is insecure for password hashing, since it is not a computationally expensive hash function.",/syntactic_permutations_98/code_row_15.py,7,26,7,33,98,CWE-522_IPC-3a,CWE-522
Use of a broken or weak cryptographic hashing algorithm on sensitive data,Using broken or weak cryptographic hashing algorithms can compromise security.,warning,"[[""Sensitive data (password)""|""relative:///syntactic_permutations_58/code_row_16.py:39:42:39:53""]] is used in a hashing algorithm (SHA256) that is insecure for password hashing, since it is not a computationally expensive hash function.",/syntactic_permutations_58/code_row_16.py,45,47,45,58,58,CWE-306_MAC-3c,CWE-306
Use of a broken or weak cryptographic hashing algorithm on sensitive data,Using broken or weak cryptographic hashing algorithms can compromise security.,warning,"[[""Sensitive data (password)""|""relative:///syntactic_permutations_58/code_row_16.py:51:36:51:43""]] is used in a hashing algorithm (SHA256) that is insecure for password hashing, since it is not a computationally expensive hash function.",/syntactic_permutations_58/code_row_16.py,57,23,57,30,58,CWE-306_MAC-3c,CWE-306
Use of a broken or weak cryptographic hashing algorithm on sensitive data,Using broken or weak cryptographic hashing algorithms can compromise security.,warning,"[[""Sensitive data (password)""|""relative:///syntactic_permutations_96/code_row_16.py:8:23:8:30""]] is used in a hashing algorithm (SHA512) that is insecure for password hashing, since it is not a computationally expensive hash function.
[[""Sensitive data (password)""|""relative:///syntactic_permutations_96/code_row_16.py:15:12:15:36""]] is used in a hashing algorithm (SHA512) that is insecure for password hashing, since it is not a computationally expensive hash function.",/syntactic_permutations_96/code_row_16.py,10,20,10,43,96,CWE-522_IPC-2c,CWE-522
Use of a broken or weak cryptographic hashing algorithm on sensitive data,Using broken or weak cryptographic hashing algorithms can compromise security.,warning,"[[""Sensitive data (password)""|""relative:///syntactic_permutations_98/code_row_16.py:3:12:3:37""]] is used in a hashing algorithm (SHA256) that is insecure for password hashing, since it is not a computationally expensive hash function.",/syntactic_permutations_98/code_row_16.py,4,30,4,46,98,CWE-522_IPC-3a,CWE-522
Use of a broken or weak cryptographic hashing algorithm on sensitive data,Using broken or weak cryptographic hashing algorithms can compromise security.,warning,"[[""Sensitive data (password)""|""relative:///syntactic_permutations_95/code_row_16.py:7:30:7:37""]] is used in a hashing algorithm (SHA256) that is insecure for password hashing, since it is not a computationally expensive hash function.",/syntactic_permutations_95/code_row_16.py,10,45,10,76,95,CWE-522_IPC-2b,CWE-522
Use of a broken or weak cryptographic hashing algorithm on sensitive data,Using broken or weak cryptographic hashing algorithms can compromise security.,warning,"[[""Sensitive data (password)""|""relative:///syntactic_permutations_95/code_row_16.py:12:28:12:35""]] is used in a hashing algorithm (SHA256) that is insecure for password hashing, since it is not a computationally expensive hash function.
[[""Sensitive data (password)""|""relative:///syntactic_permutations_95/code_row_16.py:12:38:12:52""]] is used in a hashing algorithm (SHA256) that is insecure for password hashing, since it is not a computationally expensive hash function.",/syntactic_permutations_95/code_row_16.py,14,49,14,94,95,CWE-522_IPC-2b,CWE-522
Use of a broken or weak cryptographic hashing algorithm on sensitive data,Using broken or weak cryptographic hashing algorithms can compromise security.,warning,"[[""Sensitive data (password)""|""relative:///syntactic_permutations_91/code_row_16.py:45:16:45:39""]] is used in a hashing algorithm (SHA256) that is insecure for password hashing, since it is not a computationally expensive hash function.",/syntactic_permutations_91/code_row_16.py,55,38,55,54,91,CWE-522_IPC-1a,CWE-522
Use of a broken or weak cryptographic hashing algorithm on sensitive data,Using broken or weak cryptographic hashing algorithms can compromise security.,warning,"[[""Sensitive data (password)""|""relative:///syntactic_permutations_58/code_row_17.py:4:54:4:61""]] is used in a hashing algorithm (SHA256) that is insecure for password hashing, since it is not a computationally expensive hash function.",/syntactic_permutations_58/code_row_17.py,8,41,8,57,58,CWE-306_MAC-3c,CWE-306
Use of a broken or weak cryptographic hashing algorithm on sensitive data,Using broken or weak cryptographic hashing algorithms can compromise security.,warning,"[[""Sensitive data (password)""|""relative:///syntactic_permutations_58/code_row_17.py:10:39:10:46""]] is used in a hashing algorithm (SHA256) that is insecure for password hashing, since it is not a computationally expensive hash function.",/syntactic_permutations_58/code_row_17.py,11,27,11,43,58,CWE-306_MAC-3c,CWE-306
Use of a broken or weak cryptographic hashing algorithm on sensitive data,Using broken or weak cryptographic hashing algorithms can compromise security.,warning,"[[""Sensitive data (password)""|""relative:///syntactic_permutations_98/code_row_17.py:21:14:21:41""]] is used in a hashing algorithm (SHA256) that is insecure for password hashing, since it is not a computationally expensive hash function.",/syntactic_permutations_98/code_row_17.py,31,36,31,43,98,CWE-522_IPC-3a,CWE-522
Use of a broken or weak cryptographic hashing algorithm on sensitive data,Using broken or weak cryptographic hashing algorithms can compromise security.,warning,"[[""Sensitive data (password)""|""relative:///syntactic_permutations_91/code_row_18.py:9:16:9:45""]] is used in a hashing algorithm (SHA256) that is insecure for password hashing, since it is not a computationally expensive hash function.",/syntactic_permutations_91/code_row_18.py,12,38,12,45,91,CWE-522_IPC-1a,CWE-522
Use of a broken or weak cryptographic hashing algorithm on sensitive data,Using broken or weak cryptographic hashing algorithms can compromise security.,warning,"[[""Sensitive data (password)""|""relative:///syntactic_permutations_97/code_row_18.py:15:20:15:43""]] is used in a hashing algorithm (SHA256) that is insecure for password hashing, since it is not a computationally expensive hash function.",/syntactic_permutations_97/code_row_18.py,23,42,23,49,97,CWE-522_IPC-3a,CWE-522
Use of a broken or weak cryptographic hashing algorithm on sensitive data,Using broken or weak cryptographic hashing algorithms can compromise security.,warning,"[[""Sensitive data (password)""|""relative:///syntactic_permutations_58/code_row_18.py:13:21:13:28""]] is used in a hashing algorithm (SHA256) that is insecure for password hashing, since it is not a computationally expensive hash function.",/syntactic_permutations_58/code_row_18.py,15,45,15,61,58,CWE-306_MAC-3c,CWE-306
Use of a broken or weak cryptographic hashing algorithm on sensitive data,Using broken or weak cryptographic hashing algorithms can compromise security.,warning,"[[""Sensitive data (password)""|""relative:///syntactic_permutations_95/code_row_18.py:17:24:17:31""]] is used in a hashing algorithm (SHA512) that is insecure for password hashing, since it is not a computationally expensive hash function.",/syntactic_permutations_95/code_row_18.py,21,38,21,57,95,CWE-522_IPC-2b,CWE-522
Use of a broken or weak cryptographic hashing algorithm on sensitive data,Using broken or weak cryptographic hashing algorithms can compromise security.,warning,"[[""Sensitive data (password)""|""relative:///syntactic_permutations_136/code_row_18.py:7:14:7:41""]] is used in a hashing algorithm (MD5) that is insecure for password hashing, since it is not a computationally expensive hash function.",/syntactic_permutations_136/code_row_18.py,13,41,13,73,136,CWE-798_UHC-1b,CWE-798
Use of a broken or weak cryptographic hashing algorithm on sensitive data,Using broken or weak cryptographic hashing algorithms can compromise security.,warning,"[[""Sensitive data (password)""|""relative:///syntactic_permutations_36/code_row_18.py:18:20:18:47""]] is used in a hashing algorithm (SHA256) that is insecure for password hashing, since it is not a computationally expensive hash function.",/syntactic_permutations_36/code_row_18.py,23,31,23,54,36,CWE-200_ESI-1c,CWE-200
Use of a broken or weak cryptographic hashing algorithm on sensitive data,Using broken or weak cryptographic hashing algorithms can compromise security.,warning,"[[""Sensitive data (password)""|""relative:///syntactic_permutations_91/code_row_19.py:9:29:9:36""]] is used in a hashing algorithm (SHA256) that is insecure for password hashing, since it is not a computationally expensive hash function.",/syntactic_permutations_91/code_row_19.py,15,31,15,38,91,CWE-522_IPC-1a,CWE-522
Use of a broken or weak cryptographic hashing algorithm on sensitive data,Using broken or weak cryptographic hashing algorithms can compromise security.,warning,"[[""Sensitive data (password)""|""relative:///syntactic_permutations_99/code_row_2.py:3:30:3:37""]] is used in a hashing algorithm (SHA256) that is insecure for password hashing, since it is not a computationally expensive hash function.",/syntactic_permutations_99/code_row_2.py,8,26,8,33,99,CWE-522_IPC-3b,CWE-522
Use of a broken or weak cryptographic hashing algorithm on sensitive data,Using broken or weak cryptographic hashing algorithms can compromise security.,warning,"[[""Sensitive data (password)""|""relative:///syntactic_permutations_91/code_row_2.py:44:20:44:43""]] is used in a hashing algorithm (SHA256) that is insecure for password hashing, since it is not a computationally expensive hash function.",/syntactic_permutations_91/code_row_2.py,48,38,48,45,91,CWE-522_IPC-1a,CWE-522
Use of a broken or weak cryptographic hashing algorithm on sensitive data,Using broken or weak cryptographic hashing algorithms can compromise security.,warning,"[[""Sensitive data (password)""|""relative:///syntactic_permutations_95/code_row_2.py:8:33:8:40""]] is used in a hashing algorithm (SHA512) that is insecure for password hashing, since it is not a computationally expensive hash function.",/syntactic_permutations_95/code_row_2.py,13,46,13,60,95,CWE-522_IPC-2b,CWE-522
Use of a broken or weak cryptographic hashing algorithm on sensitive data,Using broken or weak cryptographic hashing algorithms can compromise security.,warning,"[[""Sensitive data (password)""|""relative:///syntactic_permutations_95/code_row_2.py:18:31:18:38""]] is used in a hashing algorithm (SHA512) that is insecure for password hashing, since it is not a computationally expensive hash function.",/syntactic_permutations_95/code_row_2.py,19,43,19,57,95,CWE-522_IPC-2b,CWE-522
Use of a broken or weak cryptographic hashing algorithm on sensitive data,Using broken or weak cryptographic hashing algorithms can compromise security.,warning,"[[""Sensitive data (password)""|""relative:///syntactic_permutations_57/code_row_2.py:28:24:28:51""]] is used in a hashing algorithm (SHA256) that is insecure for password hashing, since it is not a computationally expensive hash function.",/syntactic_permutations_57/code_row_2.py,34,57,34,73,57,CWE-306_MAC-3b,CWE-306
Use of a broken or weak cryptographic hashing algorithm on sensitive data,Using broken or weak cryptographic hashing algorithms can compromise security.,warning,"[[""Sensitive data (password)""|""relative:///syntactic_permutations_57/code_row_2.py:57:32:57:67""]] is used in a hashing algorithm (SHA256) that is insecure for password hashing, since it is not a computationally expensive hash function.",/syntactic_permutations_57/code_row_2.py,59,55,59,79,57,CWE-306_MAC-3b,CWE-306
Use of a broken or weak cryptographic hashing algorithm on sensitive data,Using broken or weak cryptographic hashing algorithms can compromise security.,warning,"[[""Sensitive data (password)""|""relative:///syntactic_permutations_93/code_row_2.py:4:27:4:34""]] is used in a hashing algorithm (SHA256) that is insecure for password hashing, since it is not a computationally expensive hash function.",/syntactic_permutations_93/code_row_2.py,9,38,9,69,93,CWE-522_IPC-1c,CWE-522
Use of a broken or weak cryptographic hashing algorithm on sensitive data,Using broken or weak cryptographic hashing algorithms can compromise security.,warning,"[[""Sensitive data (password)""|""relative:///syntactic_permutations_58/code_row_20.py:17:28:17:39""]] is used in a hashing algorithm (SHA256) that is insecure for password hashing, since it is not a computationally expensive hash function.",/syntactic_permutations_58/code_row_20.py,18,45,18,56,58,CWE-306_MAC-3c,CWE-306
Use of a broken or weak cryptographic hashing algorithm on sensitive data,Using broken or weak cryptographic hashing algorithms can compromise security.,warning,"[[""Sensitive data (password)""|""relative:///syntactic_permutations_58/code_row_20.py:33:35:33:42""]] is used in a hashing algorithm (SHA256) that is insecure for password hashing, since it is not a computationally expensive hash function.
[[""Sensitive data (password)""|""relative:///syntactic_permutations_58/code_row_20.py:36:53:36:60""]] is used in a hashing algorithm (SHA256) that is insecure for password hashing, since it is not a computationally expensive hash function.",/syntactic_permutations_58/code_row_20.py,34,93,34,100,58,CWE-306_MAC-3c,CWE-306
Use of a broken or weak cryptographic hashing algorithm on sensitive data,Using broken or weak cryptographic hashing algorithms can compromise security.,warning,"[[""Sensitive data (password)""|""relative:///syntactic_permutations_97/code_row_20.py:17:34:17:41""]] is used in a hashing algorithm (SHA256) that is insecure for password hashing, since it is not a computationally expensive hash function.
[[""Sensitive data (password)""|""relative:///syntactic_permutations_97/code_row_20.py:24:29:24:36""]] is used in a hashing algorithm (SHA256) that is insecure for password hashing, since it is not a computationally expensive hash function.",/syntactic_permutations_97/code_row_20.py,25,40,25,47,97,CWE-522_IPC-3a,CWE-522
Use of a broken or weak cryptographic hashing algorithm on sensitive data,Using broken or weak cryptographic hashing algorithms can compromise security.,warning,"[[""Sensitive data (password)""|""relative:///syntactic_permutations_97/code_row_21.py:15:16:15:42""]] is used in a hashing algorithm (MD5) that is insecure for password hashing, since it is not a computationally expensive hash function.",/syntactic_permutations_97/code_row_21.py,25,35,25,51,97,CWE-522_IPC-3a,CWE-522
Use of a broken or weak cryptographic hashing algorithm on sensitive data,Using broken or weak cryptographic hashing algorithms can compromise security.,warning,"[[""Sensitive data (password)""|""relative:///syntactic_permutations_136/code_row_21.py:3:24:3:31""]] is used in a hashing algorithm (SHA256) that is insecure for password hashing, since it is not a computationally expensive hash function.",/syntactic_permutations_136/code_row_21.py,7,15,7,22,136,CWE-798_UHC-1b,CWE-798
Use of a broken or weak cryptographic hashing algorithm on sensitive data,Using broken or weak cryptographic hashing algorithms can compromise security.,warning,"[[""Sensitive data (password)""|""relative:///syntactic_permutations_96/code_row_22.py:5:33:5:40""]] is used in a hashing algorithm (SHA512) that is insecure for password hashing, since it is not a computationally expensive hash function.",/syntactic_permutations_96/code_row_22.py,11,24,11,49,96,CWE-522_IPC-2c,CWE-522
Use of a broken or weak cryptographic hashing algorithm on sensitive data,Using broken or weak cryptographic hashing algorithms can compromise security.,warning,"[[""Sensitive data (password)""|""relative:///syntactic_permutations_97/code_row_22.py:4:23:4:30""]] is used in a hashing algorithm (SHA256) that is insecure for password hashing, since it is not a computationally expensive hash function.",/syntactic_permutations_97/code_row_22.py,12,43,12,50,97,CWE-522_IPC-3a,CWE-522
Use of a broken or weak cryptographic hashing algorithm on sensitive data,Using broken or weak cryptographic hashing algorithms can compromise security.,warning,"[[""Sensitive data (password)""|""relative:///syntactic_permutations_57/code_row_23.py:14:28:14:43""]] is used in a hashing algorithm (SHA256) that is insecure for password hashing, since it is not a computationally expensive hash function.",/syntactic_permutations_57/code_row_23.py,14,28,14,52,57,CWE-306_MAC-3b,CWE-306
Use of a broken or weak cryptographic hashing algorithm on sensitive data,Using broken or weak cryptographic hashing algorithms can compromise security.,warning,"[[""Sensitive data (password)""|""relative:///syntactic_permutations_57/code_row_23.py:11:18:11:25""]] is used in a hashing algorithm (SHA256) that is insecure for password hashing, since it is not a computationally expensive hash function.
[[""Sensitive data (password)""|""relative:///syntactic_permutations_57/code_row_23.py:18:40:18:47""]] is used in a hashing algorithm (SHA256) that is insecure for password hashing, since it is not a computationally expensive hash function.",/syntactic_permutations_57/code_row_23.py,14,85,14,101,57,CWE-306_MAC-3b,CWE-306
Use of a broken or weak cryptographic hashing algorithm on sensitive data,Using broken or weak cryptographic hashing algorithms can compromise security.,warning,"[[""Sensitive data (password)""|""relative:///syntactic_permutations_96/code_row_23.py:8:24:8:31""]] is used in a hashing algorithm (SHA256) that is insecure for password hashing, since it is not a computationally expensive hash function.",/syntactic_permutations_96/code_row_23.py,10,38,10,45,96,CWE-522_IPC-2c,CWE-522
Use of a broken or weak cryptographic hashing algorithm on sensitive data,Using broken or weak cryptographic hashing algorithms can compromise security.,warning,"[[""Sensitive data (password)""|""relative:///syntactic_permutations_58/code_row_24.py:10:48:10:55""]] is used in a hashing algorithm (SHA256) that is insecure for password hashing, since it is not a computationally expensive hash function.",/syntactic_permutations_58/code_row_24.py,11,23,11,46,58,CWE-306_MAC-3c,CWE-306
Use of a broken or weak cryptographic hashing algorithm on sensitive data,Using broken or weak cryptographic hashing algorithms can compromise security.,warning,"[[""Sensitive data (password)""|""relative:///syntactic_permutations_56/code_row_24.py:4:41:4:48""]] is used in a hashing algorithm (SHA256) that is insecure for password hashing, since it is not a computationally expensive hash function.
[[""Sensitive data (password)""|""relative:///syntactic_permutations_56/code_row_24.py:8:47:8:59""]] is used in a hashing algorithm (SHA256) that is insecure for password hashing, since it is not a computationally expensive hash function.",/syntactic_permutations_56/code_row_24.py,8,47,8,59,56,CWE-306_MAC-3a,CWE-306
Use of a broken or weak cryptographic hashing algorithm on sensitive data,Using broken or weak cryptographic hashing algorithms can compromise security.,warning,"[[""Sensitive data (password)""|""relative:///syntactic_permutations_56/code_row_24.py:14:39:14:54""]] is used in a hashing algorithm (SHA256) that is insecure for password hashing, since it is not a computationally expensive hash function.",/syntactic_permutations_56/code_row_24.py,16,31,16,46,56,CWE-306_MAC-3a,CWE-306
Use of a broken or weak cryptographic hashing algorithm on sensitive data,Using broken or weak cryptographic hashing algorithms can compromise security.,warning,"[[""Sensitive data (password)""|""relative:///syntactic_permutations_97/code_row_25.py:7:12:7:47""]] is used in a hashing algorithm (MD5) that is insecure for password hashing, since it is not a computationally expensive hash function.",/syntactic_permutations_97/code_row_25.py,17,31,17,38,97,CWE-522_IPC-3a,CWE-522
Use of a broken or weak cryptographic hashing algorithm on sensitive data,Using broken or weak cryptographic hashing algorithms can compromise security.,warning,"[[""Sensitive data (password)""|""relative:///syntactic_permutations_56/code_row_26.py:57:20:57:43""]] is used in a hashing algorithm (SHA256) that is insecure for password hashing, since it is not a computationally expensive hash function.",/syntactic_permutations_56/code_row_26.py,73,48,73,64,56,CWE-306_MAC-3a,CWE-306
Use of a broken or weak cryptographic hashing algorithm on sensitive data,Using broken or weak cryptographic hashing algorithms can compromise security.,warning,"[[""Sensitive data (password)""|""relative:///syntactic_permutations_56/code_row_26.py:95:20:95:43""]] is used in a hashing algorithm (SHA256) that is insecure for password hashing, since it is not a computationally expensive hash function.",/syntactic_permutations_56/code_row_26.py,103,29,103,45,56,CWE-306_MAC-3a,CWE-306
Use of a broken or weak cryptographic hashing algorithm on sensitive data,Using broken or weak cryptographic hashing algorithms can compromise security.,warning,"[[""Sensitive data (password)""|""relative:///syntactic_permutations_97/code_row_26.py:5:24:5:31""]] is used in a hashing algorithm (SHA256) that is insecure for password hashing, since it is not a computationally expensive hash function.",/syntactic_permutations_97/code_row_26.py,9,38,9,45,97,CWE-522_IPC-3a,CWE-522
Use of a broken or weak cryptographic hashing algorithm on sensitive data,Using broken or weak cryptographic hashing algorithms can compromise security.,warning,"[[""Sensitive data (password)""|""relative:///syntactic_permutations_136/code_row_26.py:1:25:1:32""]] is used in a hashing algorithm (MD5) that is insecure for password hashing, since it is not a computationally expensive hash function.",/syntactic_permutations_136/code_row_26.py,7,14,7,21,136,CWE-798_UHC-1b,CWE-798
Use of a broken or weak cryptographic hashing algorithm on sensitive data,Using broken or weak cryptographic hashing algorithms can compromise security.,warning,"[[""Sensitive data (password)""|""relative:///syntactic_permutations_96/code_row_26.py:13:27:13:34""]] is used in a hashing algorithm (SHA256) that is insecure for password hashing, since it is not a computationally expensive hash function.",/syntactic_permutations_96/code_row_26.py,17,38,17,52,96,CWE-522_IPC-2c,CWE-522
Use of a broken or weak cryptographic hashing algorithm on sensitive data,Using broken or weak cryptographic hashing algorithms can compromise security.,warning,"[[""Sensitive data (password)""|""relative:///syntactic_permutations_97/code_row_27.py:12:19:12:26""]] is used in a hashing algorithm (SHA256) that is insecure for password hashing, since it is not a computationally expensive hash function.
[[""Sensitive data (password)""|""relative:///syntactic_permutations_97/code_row_27.py:24:27:24:34""]] is used in a hashing algorithm (SHA256) that is insecure for password hashing, since it is not a computationally expensive hash function.
[[""Sensitive data (password)""|""relative:///syntactic_permutations_97/code_row_27.py:35:20:35:46""]] is used in a hashing algorithm (SHA256) that is insecure for password hashing, since it is not a computationally expensive hash function.",/syntactic_permutations_97/code_row_27.py,13,19,13,26,97,CWE-522_IPC-3a,CWE-522
Use of a broken or weak cryptographic hashing algorithm on sensitive data,Using broken or weak cryptographic hashing algorithms can compromise security.,warning,"[[""Sensitive data (password)""|""relative:///syntactic_permutations_57/code_row_28.py:12:20:12:43""]] is used in a hashing algorithm (MD5) that is insecure for password hashing, since it is not a computationally expensive hash function.",/syntactic_permutations_57/code_row_28.py,13,57,13,73,57,CWE-306_MAC-3b,CWE-306
Use of a broken or weak cryptographic hashing algorithm on sensitive data,Using broken or weak cryptographic hashing algorithms can compromise security.,warning,"[[""Sensitive data (password)""|""relative:///syntactic_permutations_96/code_row_28.py:17:30:17:37""]] is used in a hashing algorithm (SHA256) that is insecure for password hashing, since it is not a computationally expensive hash function.",/syntactic_permutations_96/code_row_28.py,20,29,20,53,96,CWE-522_IPC-2c,CWE-522
Use of a broken or weak cryptographic hashing algorithm on sensitive data,Using broken or weak cryptographic hashing algorithms can compromise security.,warning,"[[""Sensitive data (password)""|""relative:///syntactic_permutations_91/code_row_28.py:15:16:15:43""]] is used in a hashing algorithm (SHA256) that is insecure for password hashing, since it is not a computationally expensive hash function.",/syntactic_permutations_91/code_row_28.py,17,38,17,45,91,CWE-522_IPC-1a,CWE-522
Use of a broken or weak cryptographic hashing algorithm on sensitive data,Using broken or weak cryptographic hashing algorithms can compromise security.,warning,"[[""Sensitive data (password)""|""relative:///syntactic_permutations_39/code_row_29.py:10:20:10:43""]] is used in a hashing algorithm (MD5) that is insecure for password hashing, since it is not a computationally expensive hash function.
[[""Sensitive data (password)""|""relative:///syntactic_permutations_39/code_row_29.py:23:36:23:43""]] is used in a hashing algorithm (MD5) that is insecure for password hashing, since it is not a computationally expensive hash function.",/syntactic_permutations_39/code_row_29.py,24,44,24,60,39,CWE-200_ESI-2c,CWE-200
Use of a broken or weak cryptographic hashing algorithm on sensitive data,Using broken or weak cryptographic hashing algorithms can compromise security.,warning,"[[""Sensitive data (password)""|""relative:///syntactic_permutations_135/code_row_29.py:27:20:27:43""]] is used in a hashing algorithm (SHA256) that is insecure for password hashing, since it is not a computationally expensive hash function.",/syntactic_permutations_135/code_row_29.py,29,40,29,56,135,CWE-798_UHC-1a,CWE-798
Use of a broken or weak cryptographic hashing algorithm on sensitive data,Using broken or weak cryptographic hashing algorithms can compromise security.,warning,"[[""Sensitive data (password)""|""relative:///syntactic_permutations_97/code_row_29.py:4:24:4:31""]] is used in a hashing algorithm (SHA256) that is insecure for password hashing, since it is not a computationally expensive hash function.",/syntactic_permutations_97/code_row_29.py,9,32,9,39,97,CWE-522_IPC-3a,CWE-522
Use of a broken or weak cryptographic hashing algorithm on sensitive data,Using broken or weak cryptographic hashing algorithms can compromise security.,warning,"[[""Sensitive data (password)""|""relative:///syntactic_permutations_96/code_row_29.py:9:12:9:36""]] is used in a hashing algorithm (SHA512) that is insecure for password hashing, since it is not a computationally expensive hash function.",/syntactic_permutations_96/code_row_29.py,11,34,11,48,96,CWE-522_IPC-2c,CWE-522
Use of a broken or weak cryptographic hashing algorithm on sensitive data,Using broken or weak cryptographic hashing algorithms can compromise security.,warning,"[[""Sensitive data (password)""|""relative:///syntactic_permutations_91/code_row_3.py:8:20:8:63""]] is used in a hashing algorithm (SHA256) that is insecure for password hashing, since it is not a computationally expensive hash function.",/syntactic_permutations_91/code_row_3.py,9,42,9,58,91,CWE-522_IPC-1a,CWE-522
Use of a broken or weak cryptographic hashing algorithm on sensitive data,Using broken or weak cryptographic hashing algorithms can compromise security.,warning,"[[""Sensitive data (password)""|""relative:///syntactic_permutations_99/code_row_3.py:27:16:27:42""]] is used in a hashing algorithm (SHA256) that is insecure for password hashing, since it is not a computationally expensive hash function.",/syntactic_permutations_99/code_row_3.py,33,38,33,54,99,CWE-522_IPC-3b,CWE-522
Use of a broken or weak cryptographic hashing algorithm on sensitive data,Using broken or weak cryptographic hashing algorithms can compromise security.,warning,"[[""Sensitive data (password)""|""relative:///syntactic_permutations_97/code_row_30.py:35:20:35:43""]] is used in a hashing algorithm (SHA256) that is insecure for password hashing, since it is not a computationally expensive hash function.",/syntactic_permutations_97/code_row_30.py,43,38,43,54,97,CWE-522_IPC-3a,CWE-522
Use of a broken or weak cryptographic hashing algorithm on sensitive data,Using broken or weak cryptographic hashing algorithms can compromise security.,warning,"[[""Sensitive data (password)""|""relative:///syntactic_permutations_95/code_row_30.py:19:20:19:43""]] is used in a hashing algorithm (SHA256) that is insecure for password hashing, since it is not a computationally expensive hash function.",/syntactic_permutations_95/code_row_30.py,21,42,21,58,95,CWE-522_IPC-2b,CWE-522
Use of a broken or weak cryptographic hashing algorithm on sensitive data,Using broken or weak cryptographic hashing algorithms can compromise security.,warning,"[[""Sensitive data (password)""|""relative:///syntactic_permutations_95/code_row_30.py:32:20:32:43""]] is used in a hashing algorithm (SHA256) that is insecure for password hashing, since it is not a computationally expensive hash function.",/syntactic_permutations_95/code_row_30.py,35,42,35,58,95,CWE-522_IPC-2b,CWE-522
Use of a broken or weak cryptographic hashing algorithm on sensitive data,Using broken or weak cryptographic hashing algorithms can compromise security.,warning,"[[""Sensitive data (password)""|""relative:///syntactic_permutations_56/code_row_30.py:15:16:15:39""]] is used in a hashing algorithm (MD5) that is insecure for password hashing, since it is not a computationally expensive hash function.",/syntactic_permutations_56/code_row_30.py,21,24,21,40,56,CWE-306_MAC-3a,CWE-306
Use of a broken or weak cryptographic hashing algorithm on sensitive data,Using broken or weak cryptographic hashing algorithms can compromise security.,warning,"[[""Sensitive data (password)""|""relative:///syntactic_permutations_56/code_row_30.py:15:16:15:39""]] is used in a hashing algorithm (MD5) that is insecure for password hashing, since it is not a computationally expensive hash function.",/syntactic_permutations_56/code_row_30.py,39,125,39,141,56,CWE-306_MAC-3a,CWE-306
Use of a broken or weak cryptographic hashing algorithm on sensitive data,Using broken or weak cryptographic hashing algorithms can compromise security.,warning,"[[""Sensitive data (password)""|""relative:///syntactic_permutations_58/code_row_31.py:9:21:9:28""]] is used in a hashing algorithm (MD5) that is insecure for password hashing, since it is not a computationally expensive hash function.
[[""Sensitive data (password)""|""relative:///syntactic_permutations_58/code_row_31.py:19:20:19:43""]] is used in a hashing algorithm (MD5) that is insecure for password hashing, since it is not a computationally expensive hash function.
[[""Sensitive data (password)""|""relative:///syntactic_permutations_58/code_row_31.py:31:16:31:39""]] is used in a hashing algorithm (MD5) that is insecure for password hashing, since it is not a computationally expensive hash function.",/syntactic_permutations_58/code_row_31.py,10,39,10,55,58,CWE-306_MAC-3c,CWE-306
Use of a broken or weak cryptographic hashing algorithm on sensitive data,Using broken or weak cryptographic hashing algorithms can compromise security.,warning,"[[""Sensitive data (password)""|""relative:///syntactic_permutations_97/code_row_32.py:13:19:13:26""]] is used in a hashing algorithm (SHA256) that is insecure for password hashing, since it is not a computationally expensive hash function.
[[""Sensitive data (password)""|""relative:///syntactic_permutations_97/code_row_32.py:4:12:4:20""]] is used in a hashing algorithm (SHA256) that is insecure for password hashing, since it is not a computationally expensive hash function.",/syntactic_permutations_97/code_row_32.py,15,27,15,43,97,CWE-522_IPC-3a,CWE-522
Use of a broken or weak cryptographic hashing algorithm on sensitive data,Using broken or weak cryptographic hashing algorithms can compromise security.,warning,"[[""Sensitive data (password)""|""relative:///syntactic_permutations_36/code_row_32.py:11:20:11:43""]] is used in a hashing algorithm (SHA256) that is insecure for password hashing, since it is not a computationally expensive hash function.
[[""Sensitive data (password)""|""relative:///syntactic_permutations_36/code_row_32.py:38:42:38:49""]] is used in a hashing algorithm (SHA256) that is insecure for password hashing, since it is not a computationally expensive hash function.",/syntactic_permutations_36/code_row_32.py,40,46,40,62,36,CWE-200_ESI-1c,CWE-200
Use of a broken or weak cryptographic hashing algorithm on sensitive data,Using broken or weak cryptographic hashing algorithms can compromise security.,warning,"[[""Sensitive data (password)""|""relative:///syntactic_permutations_57/code_row_33.py:15:16:15:39""]] is used in a hashing algorithm (SHA256) that is insecure for password hashing, since it is not a computationally expensive hash function.",/syntactic_permutations_57/code_row_33.py,27,27,27,43,57,CWE-306_MAC-3b,CWE-306
Use of a broken or weak cryptographic hashing algorithm on sensitive data,Using broken or weak cryptographic hashing algorithms can compromise security.,warning,"[[""Sensitive data (password)""|""relative:///syntactic_permutations_57/code_row_33.py:36:24:36:55""]] is used in a hashing algorithm (SHA256) that is insecure for password hashing, since it is not a computationally expensive hash function.",/syntactic_permutations_57/code_row_33.py,47,27,47,51,57,CWE-306_MAC-3b,CWE-306
Use of a broken or weak cryptographic hashing algorithm on sensitive data,Using broken or weak cryptographic hashing algorithms can compromise security.,warning,"[[""Sensitive data (password)""|""relative:///syntactic_permutations_97/code_row_33.py:27:29:27:41""]] is used in a hashing algorithm (MD5) that is insecure for password hashing, since it is not a computationally expensive hash function.",/syntactic_permutations_97/code_row_33.py,27,29,27,41,97,CWE-522_IPC-3a,CWE-522
Use of a broken or weak cryptographic hashing algorithm on sensitive data,Using broken or weak cryptographic hashing algorithms can compromise security.,warning,"[[""Sensitive data (password)""|""relative:///syntactic_permutations_97/code_row_34.py:3:24:3:31""]] is used in a hashing algorithm (SHA256) that is insecure for password hashing, since it is not a computationally expensive hash function.",/syntactic_permutations_97/code_row_34.py,13,38,13,54,97,CWE-522_IPC-3a,CWE-522
Use of a broken or weak cryptographic hashing algorithm on sensitive data,Using broken or weak cryptographic hashing algorithms can compromise security.,warning,"[[""Sensitive data (password)""|""relative:///syntactic_permutations_58/code_row_34.py:5:41:5:48""]] is used in a hashing algorithm (SHA256) that is insecure for password hashing, since it is not a computationally expensive hash function.",/syntactic_permutations_58/code_row_34.py,8,40,8,47,58,CWE-306_MAC-3c,CWE-306
Use of a broken or weak cryptographic hashing algorithm on sensitive data,Using broken or weak cryptographic hashing algorithms can compromise security.,warning,"[[""Sensitive data (password)""|""relative:///syntactic_permutations_58/code_row_34.py:10:50:10:57""]] is used in a hashing algorithm (SHA256) that is insecure for password hashing, since it is not a computationally expensive hash function.
[[""Sensitive data (password)""|""relative:///syntactic_permutations_58/code_row_34.py:17:38:17:45""]] is used in a hashing algorithm (SHA256) that is insecure for password hashing, since it is not a computationally expensive hash function.",/syntactic_permutations_58/code_row_34.py,18,35,18,42,58,CWE-306_MAC-3c,CWE-306
Use of a broken or weak cryptographic hashing algorithm on sensitive data,Using broken or weak cryptographic hashing algorithms can compromise security.,warning,"[[""Sensitive data (password)""|""relative:///syntactic_permutations_58/code_row_35.py:7:18:7:25""]] is used in a hashing algorithm (SHA256) that is insecure for password hashing, since it is not a computationally expensive hash function.
[[""Sensitive data (password)""|""relative:///syntactic_permutations_58/code_row_35.py:10:29:10:36""]] is used in a hashing algorithm (SHA256) that is insecure for password hashing, since it is not a computationally expensive hash function.",/syntactic_permutations_58/code_row_35.py,8,47,8,70,58,CWE-306_MAC-3c,CWE-306
Use of a broken or weak cryptographic hashing algorithm on sensitive data,Using broken or weak cryptographic hashing algorithms can compromise security.,warning,"[[""Sensitive data (password)""|""relative:///syntactic_permutations_97/code_row_36.py:38:20:38:43""]] is used in a hashing algorithm (SHA256) that is insecure for password hashing, since it is not a computationally expensive hash function.",/syntactic_permutations_97/code_row_36.py,46,41,46,57,97,CWE-522_IPC-3a,CWE-522
Use of a broken or weak cryptographic hashing algorithm on sensitive data,Using broken or weak cryptographic hashing algorithms can compromise security.,warning,"[[""Sensitive data (password)""|""relative:///syntactic_permutations_36/code_row_36.py:10:18:10:41""]] is used in a hashing algorithm (SHA256) that is insecure for password hashing, since it is not a computationally expensive hash function.",/syntactic_permutations_36/code_row_36.py,16,31,16,38,36,CWE-200_ESI-1c,CWE-200
Use of a broken or weak cryptographic hashing algorithm on sensitive data,Using broken or weak cryptographic hashing algorithms can compromise security.,warning,"[[""Sensitive data (password)""|""relative:///syntactic_permutations_58/code_row_37.py:77:20:77:43""]] is used in a hashing algorithm (MD5) that is insecure for password hashing, since it is not a computationally expensive hash function.",/syntactic_permutations_58/code_row_37.py,79,74,79,97,58,CWE-306_MAC-3c,CWE-306
Use of a broken or weak cryptographic hashing algorithm on sensitive data,Using broken or weak cryptographic hashing algorithms can compromise security.,warning,"[[""Sensitive data (password)""|""relative:///syntactic_permutations_58/code_row_37.py:107:20:107:43""]] is used in a hashing algorithm (MD5) that is insecure for password hashing, since it is not a computationally expensive hash function.",/syntactic_permutations_58/code_row_37.py,111,56,111,79,58,CWE-306_MAC-3c,CWE-306
Use of a broken or weak cryptographic hashing algorithm on sensitive data,Using broken or weak cryptographic hashing algorithms can compromise security.,warning,"[[""Sensitive data (password)""|""relative:///syntactic_permutations_58/code_row_37.py:107:20:107:43""]] is used in a hashing algorithm (MD5) that is insecure for password hashing, since it is not a computationally expensive hash function.",/syntactic_permutations_58/code_row_37.py,125,77,125,100,58,CWE-306_MAC-3c,CWE-306
Use of a broken or weak cryptographic hashing algorithm on sensitive data,Using broken or weak cryptographic hashing algorithms can compromise security.,warning,"[[""Sensitive data (password)""|""relative:///syntactic_permutations_97/code_row_37.py:13:16:13:42""]] is used in a hashing algorithm (SHA256) that is insecure for password hashing, since it is not a computationally expensive hash function.",/syntactic_permutations_97/code_row_37.py,25,38,25,45,97,CWE-522_IPC-3a,CWE-522
Use of a broken or weak cryptographic hashing algorithm on sensitive data,Using broken or weak cryptographic hashing algorithms can compromise security.,warning,"[[""Sensitive data (password)""|""relative:///syntactic_permutations_56/code_row_37.py:35:20:35:47""]] is used in a hashing algorithm (SHA256) that is insecure for password hashing, since it is not a computationally expensive hash function.",/syntactic_permutations_56/code_row_37.py,39,27,39,43,56,CWE-306_MAC-3a,CWE-306
Use of a broken or weak cryptographic hashing algorithm on sensitive data,Using broken or weak cryptographic hashing algorithms can compromise security.,warning,"[[""Sensitive data (password)""|""relative:///syntactic_permutations_56/code_row_37.py:67:32:67:67""]] is used in a hashing algorithm (SHA256) that is insecure for password hashing, since it is not a computationally expensive hash function.",/syntactic_permutations_56/code_row_37.py,83,31,83,55,56,CWE-306_MAC-3a,CWE-306
Use of a broken or weak cryptographic hashing algorithm on sensitive data,Using broken or weak cryptographic hashing algorithms can compromise security.,warning,"[[""Sensitive data (password)""|""relative:///syntactic_permutations_36/code_row_37.py:3:24:3:31""]] is used in a hashing algorithm (SHA256) that is insecure for password hashing, since it is not a computationally expensive hash function.
[[""Sensitive data (password)""|""relative:///syntactic_permutations_36/code_row_37.py:16:16:16:43""]] is used in a hashing algorithm (SHA256) that is insecure for password hashing, since it is not a computationally expensive hash function.",/syntactic_permutations_36/code_row_37.py,10,46,10,53,36,CWE-200_ESI-1c,CWE-200
Use of a broken or weak cryptographic hashing algorithm on sensitive data,Using broken or weak cryptographic hashing algorithms can compromise security.,warning,"[[""Sensitive data (password)""|""relative:///syntactic_permutations_34/code_row_38.py:27:16:27:39""]] is used in a hashing algorithm (SHA256) that is insecure for password hashing, since it is not a computationally expensive hash function.",/syntactic_permutations_34/code_row_38.py,31,46,31,53,34,CWE-200_ESI-1a,CWE-200
Use of a broken or weak cryptographic hashing algorithm on sensitive data,Using broken or weak cryptographic hashing algorithms can compromise security.,warning,"[[""Sensitive data (password)""|""relative:///syntactic_permutations_97/code_row_39.py:12:16:12:34""]] is used in a hashing algorithm (SHA256) that is insecure for password hashing, since it is not a computationally expensive hash function.",/syntactic_permutations_97/code_row_39.py,20,91,20,98,97,CWE-522_IPC-3a,CWE-522
Use of a broken or weak cryptographic hashing algorithm on sensitive data,Using broken or weak cryptographic hashing algorithms can compromise security.,warning,"[[""Sensitive data (password)""|""relative:///syntactic_permutations_34/code_row_39.py:14:20:14:47""]] is used in a hashing algorithm (SHA256) that is insecure for password hashing, since it is not a computationally expensive hash function.",/syntactic_permutations_34/code_row_39.py,16,109,16,125,34,CWE-200_ESI-1a,CWE-200
Use of a broken or weak cryptographic hashing algorithm on sensitive data,Using broken or weak cryptographic hashing algorithms can compromise security.,warning,"[[""Sensitive data (password)""|""relative:///syntactic_permutations_34/code_row_39.py:27:16:27:43""]] is used in a hashing algorithm (SHA256) that is insecure for password hashing, since it is not a computationally expensive hash function.",/syntactic_permutations_34/code_row_39.py,29,105,29,121,34,CWE-200_ESI-1a,CWE-200
Use of a broken or weak cryptographic hashing algorithm on sensitive data,Using broken or weak cryptographic hashing algorithms can compromise security.,warning,"[[""Sensitive data (password)""|""relative:///syntactic_permutations_36/code_row_4.py:3:20:3:27""]] is used in a hashing algorithm (SHA256) that is insecure for password hashing, since it is not a computationally expensive hash function.",/syntactic_permutations_36/code_row_4.py,7,48,7,55,36,CWE-200_ESI-1c,CWE-200
Use of a broken or weak cryptographic hashing algorithm on sensitive data,Using broken or weak cryptographic hashing algorithms can compromise security.,warning,"[[""Sensitive data (password)""|""relative:///syntactic_permutations_34/code_row_4.py:10:35:10:47""]] is used in a hashing algorithm (SHA256) that is insecure for password hashing, since it is not a computationally expensive hash function.",/syntactic_permutations_34/code_row_4.py,10,35,10,47,34,CWE-200_ESI-1a,CWE-200
Use of a broken or weak cryptographic hashing algorithm on sensitive data,Using broken or weak cryptographic hashing algorithms can compromise security.,warning,"[[""Sensitive data (password)""|""relative:///syntactic_permutations_34/code_row_4.py:35:24:35:48""]] is used in a hashing algorithm (SHA256) that is insecure for password hashing, since it is not a computationally expensive hash function.",/syntactic_permutations_34/code_row_4.py,39,65,39,80,34,CWE-200_ESI-1a,CWE-200
Use of a broken or weak cryptographic hashing algorithm on sensitive data,Using broken or weak cryptographic hashing algorithms can compromise security.,warning,"[[""Sensitive data (password)""|""relative:///syntactic_permutations_98/code_row_4.py:11:31:11:54""]] is used in a hashing algorithm (SHA256) that is insecure for password hashing, since it is not a computationally expensive hash function.",/syntactic_permutations_98/code_row_4.py,11,31,11,63,98,CWE-522_IPC-3a,CWE-522
Use of a broken or weak cryptographic hashing algorithm on sensitive data,Using broken or weak cryptographic hashing algorithms can compromise security.,warning,"[[""Sensitive data (password)""|""relative:///syntactic_permutations_99/code_row_4.py:27:16:27:39""]] is used in a hashing algorithm (SHA256) that is insecure for password hashing, since it is not a computationally expensive hash function.",/syntactic_permutations_99/code_row_4.py,33,38,33,54,99,CWE-522_IPC-3b,CWE-522
Use of a broken or weak cryptographic hashing algorithm on sensitive data,Using broken or weak cryptographic hashing algorithms can compromise security.,warning,"[[""Sensitive data (password)""|""relative:///syntactic_permutations_97/code_row_4.py:23:20:23:43""]] is used in a hashing algorithm (SHA512) that is insecure for password hashing, since it is not a computationally expensive hash function.",/syntactic_permutations_97/code_row_4.py,24,41,24,48,97,CWE-522_IPC-3a,CWE-522
Use of a broken or weak cryptographic hashing algorithm on sensitive data,Using broken or weak cryptographic hashing algorithms can compromise security.,warning,"[[""Sensitive data (password)""|""relative:///syntactic_permutations_92/code_row_4.py:23:16:23:43""]] is used in a hashing algorithm (MD5) that is insecure for password hashing, since it is not a computationally expensive hash function.",/syntactic_permutations_92/code_row_4.py,25,35,25,51,92,CWE-522_IPC-1b,CWE-522
Use of a broken or weak cryptographic hashing algorithm on sensitive data,Using broken or weak cryptographic hashing algorithms can compromise security.,warning,"[[""Sensitive data (password)""|""relative:///syntactic_permutations_96/code_row_4.py:9:16:9:45""]] is used in a hashing algorithm (SHA256) that is insecure for password hashing, since it is not a computationally expensive hash function.",/syntactic_permutations_96/code_row_4.py,11,38,11,70,96,CWE-522_IPC-2c,CWE-522
Use of a broken or weak cryptographic hashing algorithm on sensitive data,Using broken or weak cryptographic hashing algorithms can compromise security.,warning,"[[""Sensitive data (password)""|""relative:///syntactic_permutations_58/code_row_40.py:51:20:51:43""]] is used in a hashing algorithm (MD5) that is insecure for password hashing, since it is not a computationally expensive hash function.",/syntactic_permutations_58/code_row_40.py,55,33,55,56,58,CWE-306_MAC-3c,CWE-306
Use of a broken or weak cryptographic hashing algorithm on sensitive data,Using broken or weak cryptographic hashing algorithms can compromise security.,warning,"[[""Sensitive data (password)""|""relative:///syntactic_permutations_58/code_row_40.py:95:20:95:43""]] is used in a hashing algorithm (MD5) that is insecure for password hashing, since it is not a computationally expensive hash function.",/syntactic_permutations_58/code_row_40.py,99,33,99,56,58,CWE-306_MAC-3c,CWE-306
Use of a broken or weak cryptographic hashing algorithm on sensitive data,Using broken or weak cryptographic hashing algorithms can compromise security.,warning,"[[""Sensitive data (password)""|""relative:///syntactic_permutations_97/code_row_41.py:7:24:7:31""]] is used in a hashing algorithm (SHA256) that is insecure for password hashing, since it is not a computationally expensive hash function.",/syntactic_permutations_97/code_row_41.py,12,42,12,58,97,CWE-522_IPC-3a,CWE-522
Use of a broken or weak cryptographic hashing algorithm on sensitive data,Using broken or weak cryptographic hashing algorithms can compromise security.,warning,"[[""Sensitive data (password)""|""relative:///syntactic_permutations_36/code_row_41.py:1:20:1:27""]] is used in a hashing algorithm (SHA256) that is insecure for password hashing, since it is not a computationally expensive hash function.",/syntactic_permutations_36/code_row_41.py,12,46,12,62,36,CWE-200_ESI-1c,CWE-200
Use of a broken or weak cryptographic hashing algorithm on sensitive data,Using broken or weak cryptographic hashing algorithms can compromise security.,warning,"[[""Sensitive data (password)""|""relative:///syntactic_permutations_58/code_row_41.py:15:50:15:57""]] is used in a hashing algorithm (SHA256) that is insecure for password hashing, since it is not a computationally expensive hash function.",/syntactic_permutations_58/code_row_41.py,17,27,17,34,58,CWE-306_MAC-3c,CWE-306
Use of a broken or weak cryptographic hashing algorithm on sensitive data,Using broken or weak cryptographic hashing algorithms can compromise security.,warning,"[[""Sensitive data (password)""|""relative:///syntactic_permutations_97/code_row_42.py:4:24:4:31""]] is used in a hashing algorithm (SHA256) that is insecure for password hashing, since it is not a computationally expensive hash function.",/syntactic_permutations_97/code_row_42.py,12,29,12,45,97,CWE-522_IPC-3a,CWE-522
Use of a broken or weak cryptographic hashing algorithm on sensitive data,Using broken or weak cryptographic hashing algorithms can compromise security.,warning,"[[""Sensitive data (password)""|""relative:///syntactic_permutations_97/code_row_44.py:7:24:7:31""]] is used in a hashing algorithm (SHA256) that is insecure for password hashing, since it is not a computationally expensive hash function.",/syntactic_permutations_97/code_row_44.py,11,38,11,45,97,CWE-522_IPC-3a,CWE-522
Use of a broken or weak cryptographic hashing algorithm on sensitive data,Using broken or weak cryptographic hashing algorithms can compromise security.,warning,"[[""Sensitive data (password)""|""relative:///syntactic_permutations_57/code_row_45.py:3:40:3:55""]] is used in a hashing algorithm (SHA256) that is insecure for password hashing, since it is not a computationally expensive hash function.
[[""Sensitive data (password)""|""relative:///syntactic_permutations_57/code_row_45.py:13:25:13:32""]] is used in a hashing algorithm (SHA256) that is insecure for password hashing, since it is not a computationally expensive hash function.",/syntactic_permutations_57/code_row_45.py,17,27,17,52,57,CWE-306_MAC-3b,CWE-306
Use of a broken or weak cryptographic hashing algorithm on sensitive data,Using broken or weak cryptographic hashing algorithms can compromise security.,warning,"[[""Sensitive data (password)""|""relative:///syntactic_permutations_97/code_row_45.py:33:19:33:26""]] is used in a hashing algorithm (SHA256) that is insecure for password hashing, since it is not a computationally expensive hash function.
[[""Sensitive data (password)""|""relative:///syntactic_permutations_97/code_row_45.py:57:34:57:57""]] is used in a hashing algorithm (SHA256) that is insecure for password hashing, since it is not a computationally expensive hash function.",/syntactic_permutations_97/code_row_45.py,37,26,37,49,97,CWE-522_IPC-3a,CWE-522
Use of a broken or weak cryptographic hashing algorithm on sensitive data,Using broken or weak cryptographic hashing algorithms can compromise security.,warning,"[[""Sensitive data (password)""|""relative:///syntactic_permutations_97/code_row_46.py:8:16:8:43""]] is used in a hashing algorithm (SHA256) that is insecure for password hashing, since it is not a computationally expensive hash function.",/syntactic_permutations_97/code_row_46.py,16,41,16,57,97,CWE-522_IPC-3a,CWE-522
Use of a broken or weak cryptographic hashing algorithm on sensitive data,Using broken or weak cryptographic hashing algorithms can compromise security.,warning,"[[""Sensitive data (password)""|""relative:///syntactic_permutations_97/code_row_47.py:11:27:11:34""]] is used in a hashing algorithm (SHA256) that is insecure for password hashing, since it is not a computationally expensive hash function.
[[""Sensitive data (password)""|""relative:///syntactic_permutations_97/code_row_47.py:43:16:43:39""]] is used in a hashing algorithm (SHA256) that is insecure for password hashing, since it is not a computationally expensive hash function.",/syntactic_permutations_97/code_row_47.py,15,38,15,54,97,CWE-522_IPC-3a,CWE-522
Use of a broken or weak cryptographic hashing algorithm on sensitive data,Using broken or weak cryptographic hashing algorithms can compromise security.,warning,"[[""Sensitive data (password)""|""relative:///syntactic_permutations_97/code_row_49.py:7:12:7:41""]] is used in a hashing algorithm (SHA256) that is insecure for password hashing, since it is not a computationally expensive hash function.",/syntactic_permutations_97/code_row_49.py,17,30,17,46,97,CWE-522_IPC-3a,CWE-522
Use of a broken or weak cryptographic hashing algorithm on sensitive data,Using broken or weak cryptographic hashing algorithms can compromise security.,warning,"[[""Sensitive data (password)""|""relative:///syntactic_permutations_92/code_row_5.py:3:16:3:23""]] is used in a hashing algorithm (MD5) that is insecure for password hashing, since it is not a computationally expensive hash function.
[[""Sensitive data (password)""|""relative:///syntactic_permutations_92/code_row_5.py:9:12:9:40""]] is used in a hashing algorithm (MD5) that is insecure for password hashing, since it is not a computationally expensive hash function.",/syntactic_permutations_92/code_row_5.py,5,21,5,37,92,CWE-522_IPC-1b,CWE-522
Use of a broken or weak cryptographic hashing algorithm on sensitive data,Using broken or weak cryptographic hashing algorithms can compromise security.,warning,"[[""Sensitive data (password)""|""relative:///syntactic_permutations_36/code_row_5.py:11:20:11:43""]] is used in a hashing algorithm (SHA256) that is insecure for password hashing, since it is not a computationally expensive hash function.
[[""Sensitive data (password)""|""relative:///syntactic_permutations_36/code_row_5.py:16:21:16:28""]] is used in a hashing algorithm (SHA256) that is insecure for password hashing, since it is not a computationally expensive hash function.",/syntactic_permutations_36/code_row_5.py,26,46,26,53,36,CWE-200_ESI-1c,CWE-200
Use of a broken or weak cryptographic hashing algorithm on sensitive data,Using broken or weak cryptographic hashing algorithms can compromise security.,warning,"[[""Sensitive data (password)""|""relative:///syntactic_permutations_99/code_row_5.py:13:27:13:34""]] is used in a hashing algorithm (SHA256) that is insecure for password hashing, since it is not a computationally expensive hash function.",/syntactic_permutations_99/code_row_5.py,15,38,15,54,99,CWE-522_IPC-3b,CWE-522
Use of a broken or weak cryptographic hashing algorithm on sensitive data,Using broken or weak cryptographic hashing algorithms can compromise security.,warning,"[[""Sensitive data (password)""|""relative:///syntactic_permutations_94/code_row_5.py:7:12:7:41""]] is used in a hashing algorithm (SHA256) that is insecure for password hashing, since it is not a computationally expensive hash function.",/syntactic_permutations_94/code_row_5.py,9,28,9,42,94,CWE-522_IPC-2a,CWE-522
Use of a broken or weak cryptographic hashing algorithm on sensitive data,Using broken or weak cryptographic hashing algorithms can compromise security.,warning,"[[""Sensitive data (password)""|""relative:///syntactic_permutations_97/code_row_50.py:3:28:3:35""]] is used in a hashing algorithm (SHA256) that is insecure for password hashing, since it is not a computationally expensive hash function.",/syntactic_permutations_97/code_row_50.py,10,42,10,49,97,CWE-522_IPC-3a,CWE-522
Use of a broken or weak cryptographic hashing algorithm on sensitive data,Using broken or weak cryptographic hashing algorithms can compromise security.,warning,"[[""Sensitive data (password)""|""relative:///syntactic_permutations_97/code_row_51.py:25:20:25:43""]] is used in a hashing algorithm (SHA256) that is insecure for password hashing, since it is not a computationally expensive hash function.",/syntactic_permutations_97/code_row_51.py,26,38,26,54,97,CWE-522_IPC-3a,CWE-522
Use of a broken or weak cryptographic hashing algorithm on sensitive data,Using broken or weak cryptographic hashing algorithms can compromise security.,warning,"[[""Sensitive data (password)""|""relative:///syntactic_permutations_97/code_row_54.py:33:31:33:54""]] is used in a hashing algorithm (SHA256) that is insecure for password hashing, since it is not a computationally expensive hash function.",/syntactic_permutations_97/code_row_54.py,33,31,33,63,97,CWE-522_IPC-3a,CWE-522
Use of a broken or weak cryptographic hashing algorithm on sensitive data,Using broken or weak cryptographic hashing algorithms can compromise security.,warning,"[[""Sensitive data (password)""|""relative:///syntactic_permutations_97/code_row_56.py:13:16:13:42""]] is used in a hashing algorithm (SHA256) that is insecure for password hashing, since it is not a computationally expensive hash function.",/syntactic_permutations_97/code_row_56.py,31,27,31,43,97,CWE-522_IPC-3a,CWE-522
Use of a broken or weak cryptographic hashing algorithm on sensitive data,Using broken or weak cryptographic hashing algorithms can compromise security.,warning,"[[""Sensitive data (password)""|""relative:///syntactic_permutations_99/code_row_6.py:9:12:9:28""]] is used in a hashing algorithm (SHA256) that is insecure for password hashing, since it is not a computationally expensive hash function.",/syntactic_permutations_99/code_row_6.py,11,34,11,41,99,CWE-522_IPC-3b,CWE-522
Use of a broken or weak cryptographic hashing algorithm on sensitive data,Using broken or weak cryptographic hashing algorithms can compromise security.,warning,"[[""Sensitive data (password)""|""relative:///syntactic_permutations_93/code_row_6.py:11:12:11:49""]] is used in a hashing algorithm (SHA256) that is insecure for password hashing, since it is not a computationally expensive hash function.",/syntactic_permutations_93/code_row_6.py,17,34,17,50,93,CWE-522_IPC-1c,CWE-522
Use of a broken or weak cryptographic hashing algorithm on sensitive data,Using broken or weak cryptographic hashing algorithms can compromise security.,warning,"[[""Sensitive data (password)""|""relative:///syntactic_permutations_97/code_row_6.py:28:16:28:39""]] is used in a hashing algorithm (SHA256) that is insecure for password hashing, since it is not a computationally expensive hash function.",/syntactic_permutations_97/code_row_6.py,29,36,29,67,97,CWE-522_IPC-3a,CWE-522
Use of a broken or weak cryptographic hashing algorithm on sensitive data,Using broken or weak cryptographic hashing algorithms can compromise security.,warning,"[[""Sensitive data (password)""|""relative:///syntactic_permutations_97/code_row_6.py:9:12:9:32""]] is used in a hashing algorithm (SHA256) that is insecure for password hashing, since it is not a computationally expensive hash function.",/syntactic_permutations_97/code_row_6.py,11,32,11,63,97,CWE-522_IPC-3a,CWE-522
Use of a broken or weak cryptographic hashing algorithm on sensitive data,Using broken or weak cryptographic hashing algorithms can compromise security.,warning,"[[""Sensitive data (password)""|""relative:///syntactic_permutations_96/code_row_6.py:11:28:11:35""]] is used in a hashing algorithm (SHA256) that is insecure for password hashing, since it is not a computationally expensive hash function.",/syntactic_permutations_96/code_row_6.py,15,36,15,59,96,CWE-522_IPC-2c,CWE-522
Use of a broken or weak cryptographic hashing algorithm on sensitive data,Using broken or weak cryptographic hashing algorithms can compromise security.,warning,"[[""Sensitive data (password)""|""relative:///syntactic_permutations_58/code_row_7.py:19:24:19:31""]] is used in a hashing algorithm (MD5) that is insecure for password hashing, since it is not a computationally expensive hash function.",/syntactic_permutations_58/code_row_7.py,21,38,21,54,58,CWE-306_MAC-3c,CWE-306
Use of a broken or weak cryptographic hashing algorithm on sensitive data,Using broken or weak cryptographic hashing algorithms can compromise security.,warning,"[[""Sensitive data (password)""|""relative:///syntactic_permutations_92/code_row_7.py:5:16:5:45""]] is used in a hashing algorithm (SHA256) that is insecure for password hashing, since it is not a computationally expensive hash function.",/syntactic_permutations_92/code_row_7.py,6,38,6,45,92,CWE-522_IPC-1b,CWE-522
Use of a broken or weak cryptographic hashing algorithm on sensitive data,Using broken or weak cryptographic hashing algorithms can compromise security.,warning,"[[""Sensitive data (password)""|""relative:///syntactic_permutations_96/code_row_7.py:6:16:6:40""]] is used in a hashing algorithm (SHA512) that is insecure for password hashing, since it is not a computationally expensive hash function.",/syntactic_permutations_96/code_row_7.py,10,38,10,52,96,CWE-522_IPC-2c,CWE-522
Use of a broken or weak cryptographic hashing algorithm on sensitive data,Using broken or weak cryptographic hashing algorithms can compromise security.,warning,"[[""Sensitive data (password)""|""relative:///syntactic_permutations_93/code_row_7.py:8:16:8:31""]] is used in a hashing algorithm (SHA256) that is insecure for password hashing, since it is not a computationally expensive hash function.",/syntactic_permutations_93/code_row_7.py,9,34,9,50,93,CWE-522_IPC-1c,CWE-522
Use of a broken or weak cryptographic hashing algorithm on sensitive data,Using broken or weak cryptographic hashing algorithms can compromise security.,warning,"[[""Sensitive data (password)""|""relative:///syntactic_permutations_95/code_row_8.py:8:19:8:26""]] is used in a hashing algorithm (SHA256) that is insecure for password hashing, since it is not a computationally expensive hash function.",/syntactic_permutations_95/code_row_8.py,11,34,11,64,95,CWE-522_IPC-2b,CWE-522
Use of a broken or weak cryptographic hashing algorithm on sensitive data,Using broken or weak cryptographic hashing algorithms can compromise security.,warning,"[[""Sensitive data (password)""|""relative:///syntactic_permutations_95/code_row_8.py:14:38:14:45""]] is used in a hashing algorithm (SHA256) that is insecure for password hashing, since it is not a computationally expensive hash function.",/syntactic_permutations_95/code_row_8.py,17,28,17,58,95,CWE-522_IPC-2b,CWE-522
Use of a broken or weak cryptographic hashing algorithm on sensitive data,Using broken or weak cryptographic hashing algorithms can compromise security.,warning,"[[""Sensitive data (password)""|""relative:///syntactic_permutations_92/code_row_8.py:12:31:12:58""]] is used in a hashing algorithm (SHA256) that is insecure for password hashing, since it is not a computationally expensive hash function.",/syntactic_permutations_92/code_row_8.py,12,31,12,58,92,CWE-522_IPC-1b,CWE-522
Use of a broken or weak cryptographic hashing algorithm on sensitive data,Using broken or weak cryptographic hashing algorithms can compromise security.,warning,"[[""Sensitive data (password)""|""relative:///syntactic_permutations_94/code_row_8.py:9:24:9:31""]] is used in a hashing algorithm (SHA256) that is insecure for password hashing, since it is not a computationally expensive hash function.
[[""Sensitive data (password)""|""relative:///syntactic_permutations_94/code_row_8.py:39:12:39:45""]] is used in a hashing algorithm (SHA256) that is insecure for password hashing, since it is not a computationally expensive hash function.",/syntactic_permutations_94/code_row_8.py,17,106,17,113,94,CWE-522_IPC-2a,CWE-522
Use of a broken or weak cryptographic hashing algorithm on sensitive data,Using broken or weak cryptographic hashing algorithms can compromise security.,warning,"[[""Sensitive data (password)""|""relative:///syntactic_permutations_36/code_row_8.py:13:35:13:58""]] is used in a hashing algorithm (SHA256) that is insecure for password hashing, since it is not a computationally expensive hash function.",/syntactic_permutations_36/code_row_8.py,13,35,13,67,36,CWE-200_ESI-1c,CWE-200
Use of a broken or weak cryptographic hashing algorithm on sensitive data,Using broken or weak cryptographic hashing algorithms can compromise security.,warning,"[[""Sensitive data (password)""|""relative:///syntactic_permutations_57/code_row_9.py:13:37:13:44""]] is used in a hashing algorithm (SHA256) that is insecure for password hashing, since it is not a computationally expensive hash function.
[[""Sensitive data (password)""|""relative:///syntactic_permutations_57/code_row_9.py:39:20:39:43""]] is used in a hashing algorithm (SHA256) that is insecure for password hashing, since it is not a computationally expensive hash function.",/syntactic_permutations_57/code_row_9.py,19,40,19,47,57,CWE-306_MAC-3b,CWE-306
Use of a broken or weak cryptographic hashing algorithm on sensitive data,Using broken or weak cryptographic hashing algorithms can compromise security.,warning,"[[""Sensitive data (password)""|""relative:///syntactic_permutations_57/code_row_9.py:53:24:53:55""]] is used in a hashing algorithm (SHA256) that is insecure for password hashing, since it is not a computationally expensive hash function.",/syntactic_permutations_57/code_row_9.py,57,55,57,70,57,CWE-306_MAC-3b,CWE-306
Use of a broken or weak cryptographic hashing algorithm on sensitive data,Using broken or weak cryptographic hashing algorithms can compromise security.,warning,"[[""Sensitive data (password)""|""relative:///syntactic_permutations_58/code_row_9.py:26:60:26:67""]] is used in a hashing algorithm (SHA256) that is insecure for password hashing, since it is not a computationally expensive hash function.",/syntactic_permutations_58/code_row_9.py,27,60,27,67,58,CWE-306_MAC-3c,CWE-306
Use of a broken or weak cryptographic hashing algorithm on sensitive data,Using broken or weak cryptographic hashing algorithms can compromise security.,warning,"[[""Sensitive data (password)""|""relative:///syntactic_permutations_97/code_row_9.py:4:23:4:30""]] is used in a hashing algorithm (SHA256) that is insecure for password hashing, since it is not a computationally expensive hash function.",/syntactic_permutations_97/code_row_9.py,8,31,8,47,97,CWE-522_IPC-3a,CWE-522
Use of a broken or weak cryptographic hashing algorithm on sensitive data,Using broken or weak cryptographic hashing algorithms can compromise security.,warning,"[[""Sensitive data (password)""|""relative:///syntactic_permutations_34/code_row_9.py:12:27:12:34""]] is used in a hashing algorithm (SHA256) that is insecure for password hashing, since it is not a computationally expensive hash function.",/syntactic_permutations_34/code_row_9.py,15,110,15,126,34,CWE-200_ESI-1a,CWE-200
Use of a broken or weak cryptographic hashing algorithm on sensitive data,Using broken or weak cryptographic hashing algorithms can compromise security.,warning,"[[""Sensitive data (password)""|""relative:///syntactic_permutations_34/code_row_9.py:20:26:20:33""]] is used in a hashing algorithm (SHA256) that is insecure for password hashing, since it is not a computationally expensive hash function.",/syntactic_permutations_34/code_row_9.py,23,98,23,114,34,CWE-200_ESI-1a,CWE-200
Failure to use secure cookies,"Insecure cookies may be sent in cleartext, which makes them vulnerable to interception.",warning,Cookie is added without the Secure and HttpOnly attributes properly set.,/syntactic_permutations_42/code_row_33.py,29,5,29,39,42,CWE-200_ESI-3c,CWE-200
SQL query built from user-controlled sources,Building a SQL query from user-controlled sources is vulnerable to insertion of malicious SQL code by the user.,error,"This SQL query depends on a [[""user-provided value""|""relative:///syntactic_permutations_147/code_row_0.py:2:62:2:68""]].",/syntactic_permutations_147/code_row_0.py,18,15,18,76,147,CWE-89_SQI-2c,CWE-89
SQL query built from user-controlled sources,Building a SQL query from user-controlled sources is vulnerable to insertion of malicious SQL code by the user.,error,"This SQL query depends on a [[""user-provided value""|""relative:///syntactic_permutations_143/code_row_10.py:2:26:2:32""]].",/syntactic_permutations_143/code_row_10.py,14,25,14,72,143,CWE-89_SQI-1b,CWE-89
SQL query built from user-controlled sources,Building a SQL query from user-controlled sources is vulnerable to insertion of malicious SQL code by the user.,error,"This SQL query depends on a [[""user-provided value""|""relative:///syntactic_permutations_138/code_row_11.py:3:43:3:49""]].",/syntactic_permutations_138/code_row_11.py,27,24,27,28,138,CWE-798_UHC-2a,CWE-798
SQL query built from user-controlled sources,Building a SQL query from user-controlled sources is vulnerable to insertion of malicious SQL code by the user.,error,"This SQL query depends on a [[""user-provided value""|""relative:///syntactic_permutations_97/code_row_12.py:2:60:2:66""]].",/syntactic_permutations_97/code_row_12.py,19,23,19,79,97,CWE-522_IPC-3a,CWE-522
SQL query built from user-controlled sources,Building a SQL query from user-controlled sources is vulnerable to insertion of malicious SQL code by the user.,error,"This SQL query depends on a [[""user-provided value""|""relative:///syntactic_permutations_97/code_row_12.py:2:60:2:66""]].",/syntactic_permutations_97/code_row_12.py,30,23,30,150,97,CWE-522_IPC-3a,CWE-522
SQL query built from user-controlled sources,Building a SQL query from user-controlled sources is vulnerable to insertion of malicious SQL code by the user.,error,"This SQL query depends on a [[""user-provided value""|""relative:///syntactic_permutations_64/code_row_12.py:21:16:21:28""]].",/syntactic_permutations_64/code_row_12.py,35,20,35,22,64,CWE-434_UUF-1a,CWE-434
SQL query built from user-controlled sources,Building a SQL query from user-controlled sources is vulnerable to insertion of malicious SQL code by the user.,error,"This SQL query depends on a [[""user-provided value""|""relative:///syntactic_permutations_36/code_row_13.py:2:43:2:49""]].",/syntactic_permutations_36/code_row_13.py,14,33,14,37,36,CWE-200_ESI-1c,CWE-200
SQL query built from user-controlled sources,Building a SQL query from user-controlled sources is vulnerable to insertion of malicious SQL code by the user.,error,"This SQL query depends on a [[""user-provided value""|""relative:///syntactic_permutations_147/code_row_14.py:2:30:2:36""]].",/syntactic_permutations_147/code_row_14.py,20,28,20,32,147,CWE-89_SQI-2c,CWE-89
SQL query built from user-controlled sources,Building a SQL query from user-controlled sources is vulnerable to insertion of malicious SQL code by the user.,error,"This SQL query depends on a [[""user-provided value""|""relative:///syntactic_permutations_138/code_row_15.py:1:26:1:32""]].",/syntactic_permutations_138/code_row_15.py,18,20,18,22,138,CWE-798_UHC-2a,CWE-798
SQL query built from user-controlled sources,Building a SQL query from user-controlled sources is vulnerable to insertion of malicious SQL code by the user.,error,"This SQL query depends on a [[""user-provided value""|""relative:///syntactic_permutations_86/code_row_17.py:1:26:1:32""]].",/syntactic_permutations_86/code_row_17.py,37,20,37,24,86,CWE-502_DUD-2b,CWE-502
SQL query built from user-controlled sources,Building a SQL query from user-controlled sources is vulnerable to insertion of malicious SQL code by the user.,error,"This SQL query depends on a [[""user-provided value""|""relative:///syntactic_permutations_147/code_row_18.py:1:45:1:51""]].",/syntactic_permutations_147/code_row_18.py,29,28,29,32,147,CWE-89_SQI-2c,CWE-89
SQL query built from user-controlled sources,Building a SQL query from user-controlled sources is vulnerable to insertion of malicious SQL code by the user.,error,"This SQL query depends on a [[""user-provided value""|""relative:///syntactic_permutations_38/code_row_18.py:1:43:1:49""]].",/syntactic_permutations_38/code_row_18.py,15,15,15,19,38,CWE-200_ESI-2b,CWE-200
SQL query built from user-controlled sources,Building a SQL query from user-controlled sources is vulnerable to insertion of malicious SQL code by the user.,error,"This SQL query depends on a [[""user-provided value""|""relative:///syntactic_permutations_37/code_row_19.py:2:43:2:49""]].",/syntactic_permutations_37/code_row_19.py,27,24,27,28,37,CWE-200_ESI-2a,CWE-200
SQL query built from user-controlled sources,Building a SQL query from user-controlled sources is vulnerable to insertion of malicious SQL code by the user.,error,"This SQL query depends on a [[""user-provided value""|""relative:///syntactic_permutations_143/code_row_19.py:2:26:2:32""]].",/syntactic_permutations_143/code_row_19.py,10,17,10,60,143,CWE-89_SQI-1b,CWE-89
SQL query built from user-controlled sources,Building a SQL query from user-controlled sources is vulnerable to insertion of malicious SQL code by the user.,error,"This SQL query depends on a [[""user-provided value""|""relative:///syntactic_permutations_143/code_row_19.py:2:26:2:32""]].",/syntactic_permutations_143/code_row_19.py,15,21,15,62,143,CWE-89_SQI-1b,CWE-89
SQL query built from user-controlled sources,Building a SQL query from user-controlled sources is vulnerable to insertion of malicious SQL code by the user.,error,"This SQL query depends on a [[""user-provided value""|""relative:///syntactic_permutations_34/code_row_2.py:2:43:2:49""]].",/syntactic_permutations_34/code_row_2.py,14,24,14,105,34,CWE-200_ESI-1a,CWE-200
SQL query built from user-controlled sources,Building a SQL query from user-controlled sources is vulnerable to insertion of malicious SQL code by the user.,error,"This SQL query depends on a [[""user-provided value""|""relative:///syntactic_permutations_38/code_row_2.py:2:43:2:49""]].",/syntactic_permutations_38/code_row_2.py,12,28,12,103,38,CWE-200_ESI-2b,CWE-200
SQL query built from user-controlled sources,Building a SQL query from user-controlled sources is vulnerable to insertion of malicious SQL code by the user.,error,"This SQL query depends on a [[""user-provided value""|""relative:///syntactic_permutations_86/code_row_23.py:3:35:3:41""]].",/syntactic_permutations_86/code_row_23.py,33,20,33,24,86,CWE-502_DUD-2b,CWE-502
SQL query built from user-controlled sources,Building a SQL query from user-controlled sources is vulnerable to insertion of malicious SQL code by the user.,error,"This SQL query depends on a [[""user-provided value""|""relative:///syntactic_permutations_86/code_row_24.py:5:26:5:32""]].",/syntactic_permutations_86/code_row_24.py,57,20,57,174,86,CWE-502_DUD-2b,CWE-502
SQL query built from user-controlled sources,Building a SQL query from user-controlled sources is vulnerable to insertion of malicious SQL code by the user.,error,"This SQL query depends on a [[""user-provided value""|""relative:///syntactic_permutations_36/code_row_25.py:2:53:2:59""]].",/syntactic_permutations_36/code_row_25.py,11,17,11,66,36,CWE-200_ESI-1c,CWE-200
SQL query built from user-controlled sources,Building a SQL query from user-controlled sources is vulnerable to insertion of malicious SQL code by the user.,error,"This SQL query depends on a [[""user-provided value""|""relative:///syntactic_permutations_85/code_row_25.py:1:26:1:32""]].",/syntactic_permutations_85/code_row_25.py,23,24,23,46,85,CWE-502_DUD-2a,CWE-502
SQL query built from user-controlled sources,Building a SQL query from user-controlled sources is vulnerable to insertion of malicious SQL code by the user.,error,"This SQL query depends on a [[""user-provided value""|""relative:///syntactic_permutations_87/code_row_25.py:2:25:2:31""]].",/syntactic_permutations_87/code_row_25.py,12,20,12,24,87,CWE-502_DUD-2c,CWE-502
SQL query built from user-controlled sources,Building a SQL query from user-controlled sources is vulnerable to insertion of malicious SQL code by the user.,error,"This SQL query depends on a [[""user-provided value""|""relative:///syntactic_permutations_86/code_row_26.py:1:26:1:32""]].",/syntactic_permutations_86/code_row_26.py,19,20,19,24,86,CWE-502_DUD-2b,CWE-502
SQL query built from user-controlled sources,Building a SQL query from user-controlled sources is vulnerable to insertion of malicious SQL code by the user.,error,"This SQL query depends on a [[""user-provided value""|""relative:///syntactic_permutations_86/code_row_27.py:2:39:2:45""]].",/syntactic_permutations_86/code_row_27.py,22,24,22,28,86,CWE-502_DUD-2b,CWE-502
SQL query built from user-controlled sources,Building a SQL query from user-controlled sources is vulnerable to insertion of malicious SQL code by the user.,error,"This SQL query depends on a [[""user-provided value""|""relative:///syntactic_permutations_138/code_row_27.py:2:26:2:32""]].",/syntactic_permutations_138/code_row_27.py,11,15,11,89,138,CWE-798_UHC-2a,CWE-798
SQL query built from user-controlled sources,Building a SQL query from user-controlled sources is vulnerable to insertion of malicious SQL code by the user.,error,"This SQL query depends on a [[""user-provided value""|""relative:///syntactic_permutations_38/code_row_29.py:2:43:2:49""]].",/syntactic_permutations_38/code_row_29.py,20,24,20,99,38,CWE-200_ESI-2b,CWE-200
SQL query built from user-controlled sources,Building a SQL query from user-controlled sources is vulnerable to insertion of malicious SQL code by the user.,error,"This SQL query depends on a [[""user-provided value""|""relative:///syntactic_permutations_86/code_row_3.py:2:35:2:41""]].",/syntactic_permutations_86/code_row_3.py,25,30,25,34,86,CWE-502_DUD-2b,CWE-502
SQL query built from user-controlled sources,Building a SQL query from user-controlled sources is vulnerable to insertion of malicious SQL code by the user.,error,"This SQL query depends on a [[""user-provided value""|""relative:///syntactic_permutations_86/code_row_30.py:3:35:3:41""]].",/syntactic_permutations_86/code_row_30.py,18,20,18,28,86,CWE-502_DUD-2b,CWE-502
SQL query built from user-controlled sources,Building a SQL query from user-controlled sources is vulnerable to insertion of malicious SQL code by the user.,error,"This SQL query depends on a [[""user-provided value""|""relative:///syntactic_permutations_143/code_row_30.py:1:26:1:32""]].",/syntactic_permutations_143/code_row_30.py,16,31,16,81,143,CWE-89_SQI-1b,CWE-89
SQL query built from user-controlled sources,Building a SQL query from user-controlled sources is vulnerable to insertion of malicious SQL code by the user.,error,"This SQL query depends on a [[""user-provided value""|""relative:///syntactic_permutations_143/code_row_30.py:1:26:1:32""]].",/syntactic_permutations_143/code_row_30.py,19,26,19,74,143,CWE-89_SQI-1b,CWE-89
SQL query built from user-controlled sources,Building a SQL query from user-controlled sources is vulnerable to insertion of malicious SQL code by the user.,error,"This SQL query depends on a [[""user-provided value""|""relative:///syntactic_permutations_35/code_row_34.py:1:45:1:51""]].",/syntactic_permutations_35/code_row_34.py,14,17,14,96,35,CWE-200_ESI-1b,CWE-200
SQL query built from user-controlled sources,Building a SQL query from user-controlled sources is vulnerable to insertion of malicious SQL code by the user.,error,"This SQL query depends on a [[""user-provided value""|""relative:///syntactic_permutations_143/code_row_34.py:2:19:2:25""]].",/syntactic_permutations_143/code_row_34.py,18,20,18,24,143,CWE-89_SQI-1b,CWE-89
SQL query built from user-controlled sources,Building a SQL query from user-controlled sources is vulnerable to insertion of malicious SQL code by the user.,error,"This SQL query depends on a [[""user-provided value""|""relative:///syntactic_permutations_143/code_row_36.py:1:26:1:32""]].",/syntactic_permutations_143/code_row_36.py,16,17,16,21,143,CWE-89_SQI-1b,CWE-89
SQL query built from user-controlled sources,Building a SQL query from user-controlled sources is vulnerable to insertion of malicious SQL code by the user.,error,"This SQL query depends on a [[""user-provided value""|""relative:///syntactic_permutations_143/code_row_36.py:1:26:1:32""]].",/syntactic_permutations_143/code_row_36.py,21,21,21,25,143,CWE-89_SQI-1b,CWE-89
SQL query built from user-controlled sources,Building a SQL query from user-controlled sources is vulnerable to insertion of malicious SQL code by the user.,error,"This SQL query depends on a [[""user-provided value""|""relative:///syntactic_permutations_34/code_row_44.py:1:45:1:51""]].",/syntactic_permutations_34/code_row_44.py,18,20,18,95,34,CWE-200_ESI-1a,CWE-200
SQL query built from user-controlled sources,Building a SQL query from user-controlled sources is vulnerable to insertion of malicious SQL code by the user.,error,"This SQL query depends on a [[""user-provided value""|""relative:///syntactic_permutations_97/code_row_48.py:3:43:3:49""]].",/syntactic_permutations_97/code_row_48.py,20,24,20,73,97,CWE-522_IPC-3a,CWE-522
SQL query built from user-controlled sources,Building a SQL query from user-controlled sources is vulnerable to insertion of malicious SQL code by the user.,error,"This SQL query depends on a [[""user-provided value""|""relative:///syntactic_permutations_36/code_row_5.py:2:43:2:49""]].",/syntactic_permutations_36/code_row_5.py,22,24,22,28,36,CWE-200_ESI-1c,CWE-200
SQL query built from user-controlled sources,Building a SQL query from user-controlled sources is vulnerable to insertion of malicious SQL code by the user.,error,"This SQL query depends on a [[""user-provided value""|""relative:///syntactic_permutations_138/code_row_5.py:9:21:9:28""]].",/syntactic_permutations_138/code_row_5.py,11,20,11,24,138,CWE-798_UHC-2a,CWE-798
SQL query built from user-controlled sources,Building a SQL query from user-controlled sources is vulnerable to insertion of malicious SQL code by the user.,error,"This SQL query depends on a [[""user-provided value""|""relative:///syntactic_permutations_86/code_row_5.py:2:35:2:41""]].",/syntactic_permutations_86/code_row_5.py,18,20,18,191,86,CWE-502_DUD-2b,CWE-502
SQL query built from user-controlled sources,Building a SQL query from user-controlled sources is vulnerable to insertion of malicious SQL code by the user.,error,"This SQL query depends on a [[""user-provided value""|""relative:///syntactic_permutations_97/code_row_54.py:3:26:3:32""]].",/syntactic_permutations_97/code_row_54.py,40,25,40,78,97,CWE-522_IPC-3a,CWE-522
SQL query built from user-controlled sources,Building a SQL query from user-controlled sources is vulnerable to insertion of malicious SQL code by the user.,error,"This SQL query depends on a [[""user-provided value""|""relative:///syntactic_permutations_97/code_row_54.py:3:26:3:32""]].",/syntactic_permutations_97/code_row_54.py,42,17,43,68,97,CWE-522_IPC-3a,CWE-522
Incomplete regular expression for hostnames,Matching a URL or hostname against a regular expression that contains an unescaped dot as part of the hostname might match more hostnames than expected.,warning,"This string, which is used as a regular expression [[""here""|""relative:///syntactic_permutations_29/code_row_0.py:8:17:8:28""]], has an unrestricted wildcard '.*' which may cause 'example\.com/' to be matched anywhere in the URL, outside the hostname.",/syntactic_permutations_29/code_row_0.py,4,18,4,42,29,CWE-20_IIV-1b,CWE-20
Incomplete regular expression for hostnames,Matching a URL or hostname against a regular expression that contains an unescaped dot as part of the hostname might match more hostnames than expected.,warning,"This regular expression has an unescaped '.' before 'example.com/', so it might match more hosts than expected.",/syntactic_permutations_28/code_row_29.py,4,25,4,48,28,CWE-20_IIV-1a,CWE-20
Incomplete URL substring sanitization,Security checks on the substrings of an unparsed URL are often vulnerable to bypassing.,warning,"The string [[""example.com""|""relative:///syntactic_permutations_33/code_row_0.py:4:8:4:20""]] may be at an arbitrary position in the sanitized URL.",/syntactic_permutations_33/code_row_0.py,4,8,4,27,33,CWE-20_IIV-2b,CWE-20
Incomplete URL substring sanitization,Security checks on the substrings of an unparsed URL are often vulnerable to bypassing.,warning,"The string [[""example.com""|""relative:///syntactic_permutations_32/code_row_1.py:5:8:5:20""]] may be at an arbitrary position in the sanitized URL.",/syntactic_permutations_32/code_row_1.py,5,8,5,27,32,CWE-20_IIV-2b,CWE-20
Incomplete URL substring sanitization,Security checks on the substrings of an unparsed URL are often vulnerable to bypassing.,warning,"The string [[""example.com""|""relative:///syntactic_permutations_33/code_row_1.py:7:8:7:20""]] may be at an arbitrary position in the sanitized URL.",/syntactic_permutations_33/code_row_1.py,7,8,7,27,33,CWE-20_IIV-2b,CWE-20
Incomplete URL substring sanitization,Security checks on the substrings of an unparsed URL are often vulnerable to bypassing.,warning,"The string [[""example.com""|""relative:///syntactic_permutations_32/code_row_10.py:7:8:7:20""]] may be at an arbitrary position in the sanitized URL.",/syntactic_permutations_32/code_row_10.py,7,8,7,27,32,CWE-20_IIV-2b,CWE-20
Incomplete URL substring sanitization,Security checks on the substrings of an unparsed URL are often vulnerable to bypassing.,warning,"The string [[""example.com""|""relative:///syntactic_permutations_33/code_row_11.py:15:12:15:24""]] may be at an arbitrary position in the sanitized URL.",/syntactic_permutations_33/code_row_11.py,15,12,15,31,33,CWE-20_IIV-2b,CWE-20
Incomplete URL substring sanitization,Security checks on the substrings of an unparsed URL are often vulnerable to bypassing.,warning,"The string [[""example.com""|""relative:///syntactic_permutations_32/code_row_12.py:6:8:6:20""]] may be at an arbitrary position in the sanitized URL.",/syntactic_permutations_32/code_row_12.py,6,8,6,27,32,CWE-20_IIV-2b,CWE-20
Incomplete URL substring sanitization,Security checks on the substrings of an unparsed URL are often vulnerable to bypassing.,warning,"The string [[""example.com""|""relative:///syntactic_permutations_33/code_row_14.py:6:4:6:16""]] may be at an arbitrary position in the sanitized URL.",/syntactic_permutations_33/code_row_14.py,6,4,6,23,33,CWE-20_IIV-2b,CWE-20
Incomplete URL substring sanitization,Security checks on the substrings of an unparsed URL are often vulnerable to bypassing.,warning,"The string [[""example.com""|""relative:///syntactic_permutations_32/code_row_17.py:7:8:7:20""]] may be at an arbitrary position in the sanitized URL.",/syntactic_permutations_32/code_row_17.py,7,8,7,27,32,CWE-20_IIV-2b,CWE-20
Incomplete URL substring sanitization,Security checks on the substrings of an unparsed URL are often vulnerable to bypassing.,warning,"The string [[""example.com""|""relative:///syntactic_permutations_33/code_row_18.py:8:12:8:24""]] may be at an arbitrary position in the sanitized URL.",/syntactic_permutations_33/code_row_18.py,8,12,8,31,33,CWE-20_IIV-2b,CWE-20
Incomplete URL substring sanitization,Security checks on the substrings of an unparsed URL are often vulnerable to bypassing.,warning,"The string [[""example.com""|""relative:///syntactic_permutations_32/code_row_19.py:5:8:5:20""]] may be at an arbitrary position in the sanitized URL.",/syntactic_permutations_32/code_row_19.py,5,8,5,27,32,CWE-20_IIV-2b,CWE-20
Incomplete URL substring sanitization,Security checks on the substrings of an unparsed URL are often vulnerable to bypassing.,warning,"The string [[""example.com""|""relative:///syntactic_permutations_32/code_row_2.py:17:12:17:24""]] may be at an arbitrary position in the sanitized URL.",/syntactic_permutations_32/code_row_2.py,17,12,17,31,32,CWE-20_IIV-2b,CWE-20
Incomplete URL substring sanitization,Security checks on the substrings of an unparsed URL are often vulnerable to bypassing.,warning,"The string [[""example.com""|""relative:///syntactic_permutations_33/code_row_2.py:14:8:14:20""]] may be at an arbitrary position in the sanitized URL.",/syntactic_permutations_33/code_row_2.py,14,8,14,27,33,CWE-20_IIV-2b,CWE-20
Incomplete URL substring sanitization,Security checks on the substrings of an unparsed URL are often vulnerable to bypassing.,warning,"The string [[""example.com""|""relative:///syntactic_permutations_33/code_row_20.py:6:12:6:24""]] may be at an arbitrary position in the sanitized URL.",/syntactic_permutations_33/code_row_20.py,6,12,6,31,33,CWE-20_IIV-2b,CWE-20
Incomplete URL substring sanitization,Security checks on the substrings of an unparsed URL are often vulnerable to bypassing.,warning,"The string [[""example.com""|""relative:///syntactic_permutations_32/code_row_20.py:6:8:6:20""]] may be at an arbitrary position in the sanitized URL.",/syntactic_permutations_32/code_row_20.py,6,8,6,27,32,CWE-20_IIV-2b,CWE-20
Incomplete URL substring sanitization,Security checks on the substrings of an unparsed URL are often vulnerable to bypassing.,warning,"The string [[""example.com""|""relative:///syntactic_permutations_33/code_row_22.py:7:12:7:24""]] may be at an arbitrary position in the sanitized URL.",/syntactic_permutations_33/code_row_22.py,7,12,7,31,33,CWE-20_IIV-2b,CWE-20
Incomplete URL substring sanitization,Security checks on the substrings of an unparsed URL are often vulnerable to bypassing.,warning,"The string [[""example.com""|""relative:///syntactic_permutations_33/code_row_23.py:6:8:6:20""]] may be at an arbitrary position in the sanitized URL.",/syntactic_permutations_33/code_row_23.py,6,8,6,27,33,CWE-20_IIV-2b,CWE-20
Incomplete URL substring sanitization,Security checks on the substrings of an unparsed URL are often vulnerable to bypassing.,warning,"The string [[""example.com""|""relative:///syntactic_permutations_33/code_row_24.py:6:12:6:24""]] may be at an arbitrary position in the sanitized URL.",/syntactic_permutations_33/code_row_24.py,6,12,6,31,33,CWE-20_IIV-2b,CWE-20
Incomplete URL substring sanitization,Security checks on the substrings of an unparsed URL are often vulnerable to bypassing.,warning,"The string [[""example.com""|""relative:///syntactic_permutations_33/code_row_25.py:6:8:6:20""]] may be at an arbitrary position in the sanitized URL.",/syntactic_permutations_33/code_row_25.py,6,8,6,27,33,CWE-20_IIV-2b,CWE-20
Incomplete URL substring sanitization,Security checks on the substrings of an unparsed URL are often vulnerable to bypassing.,warning,"The string [[""example.com""|""relative:///syntactic_permutations_32/code_row_25.py:6:12:6:24""]] may be at an arbitrary position in the sanitized URL.",/syntactic_permutations_32/code_row_25.py,6,12,6,31,32,CWE-20_IIV-2b,CWE-20
Incomplete URL substring sanitization,Security checks on the substrings of an unparsed URL are often vulnerable to bypassing.,warning,"The string [[""example.com""|""relative:///syntactic_permutations_32/code_row_26.py:7:12:7:24""]] may be at an arbitrary position in the sanitized URL.",/syntactic_permutations_32/code_row_26.py,7,12,7,31,32,CWE-20_IIV-2b,CWE-20
Incomplete URL substring sanitization,Security checks on the substrings of an unparsed URL are often vulnerable to bypassing.,warning,"The string [[""example.com""|""relative:///syntactic_permutations_33/code_row_26.py:6:12:6:24""]] may be at an arbitrary position in the sanitized URL.",/syntactic_permutations_33/code_row_26.py,6,12,6,31,33,CWE-20_IIV-2b,CWE-20
Incomplete URL substring sanitization,Security checks on the substrings of an unparsed URL are often vulnerable to bypassing.,warning,"The string [[""example.com""|""relative:///syntactic_permutations_32/code_row_3.py:6:12:6:24""]] may be at an arbitrary position in the sanitized URL.",/syntactic_permutations_32/code_row_3.py,6,12,6,31,32,CWE-20_IIV-2b,CWE-20
Incomplete URL substring sanitization,Security checks on the substrings of an unparsed URL are often vulnerable to bypassing.,warning,"The string [[""example.com""|""relative:///syntactic_permutations_33/code_row_3.py:5:27:5:39""]] may be at an arbitrary position in the sanitized URL.",/syntactic_permutations_33/code_row_3.py,5,8,5,40,33,CWE-20_IIV-2b,CWE-20
Incomplete URL substring sanitization,Security checks on the substrings of an unparsed URL are often vulnerable to bypassing.,warning,"The string [[""example.com""|""relative:///syntactic_permutations_144/code_row_4.py:3:16:3:28""]] may be at an arbitrary position in the sanitized URL.",/syntactic_permutations_144/code_row_4.py,3,16,3,37,144,CWE-89_SQI-1c,CWE-89
Incomplete URL substring sanitization,Security checks on the substrings of an unparsed URL are often vulnerable to bypassing.,warning,"The string [[""example.com""|""relative:///syntactic_permutations_32/code_row_4.py:7:8:7:20""]] may be at an arbitrary position in the sanitized URL.",/syntactic_permutations_32/code_row_4.py,7,8,7,27,32,CWE-20_IIV-2b,CWE-20
Incomplete URL substring sanitization,Security checks on the substrings of an unparsed URL are often vulnerable to bypassing.,warning,"The string [[""example.com""|""relative:///syntactic_permutations_33/code_row_5.py:10:8:10:20""]] may be at an arbitrary position in the sanitized URL.",/syntactic_permutations_33/code_row_5.py,10,8,10,27,33,CWE-20_IIV-2b,CWE-20
Incomplete URL substring sanitization,Security checks on the substrings of an unparsed URL are often vulnerable to bypassing.,warning,"The string [[""example.com""|""relative:///syntactic_permutations_32/code_row_6.py:7:6:7:18""]] may be at an arbitrary position in the sanitized URL.",/syntactic_permutations_32/code_row_6.py,7,6,7,25,32,CWE-20_IIV-2b,CWE-20
Incomplete URL substring sanitization,Security checks on the substrings of an unparsed URL are often vulnerable to bypassing.,warning,"The string [[""example.com""|""relative:///syntactic_permutations_33/code_row_6.py:5:12:5:24""]] may be at an arbitrary position in the sanitized URL.",/syntactic_permutations_33/code_row_6.py,5,12,5,47,33,CWE-20_IIV-2b,CWE-20
Incomplete URL substring sanitization,Security checks on the substrings of an unparsed URL are often vulnerable to bypassing.,warning,"The string [[""example.com""|""relative:///syntactic_permutations_32/code_row_7.py:6:12:6:24""]] may be at an arbitrary position in the sanitized URL.",/syntactic_permutations_32/code_row_7.py,6,12,6,31,32,CWE-20_IIV-2b,CWE-20
Incomplete URL substring sanitization,Security checks on the substrings of an unparsed URL are often vulnerable to bypassing.,warning,"The string [[""example.com""|""relative:///syntactic_permutations_33/code_row_8.py:8:12:8:24""]] may be at an arbitrary position in the sanitized URL.",/syntactic_permutations_33/code_row_8.py,8,12,8,31,33,CWE-20_IIV-2b,CWE-20
Incomplete URL substring sanitization,Security checks on the substrings of an unparsed URL are often vulnerable to bypassing.,warning,"The string [[""example.com""|""relative:///syntactic_permutations_32/code_row_8.py:8:8:8:20""]] may be at an arbitrary position in the sanitized URL.",/syntactic_permutations_32/code_row_8.py,8,8,8,27,32,CWE-20_IIV-2b,CWE-20
Incomplete URL substring sanitization,Security checks on the substrings of an unparsed URL are often vulnerable to bypassing.,warning,"The string [[""example.com""|""relative:///syntactic_permutations_33/code_row_9.py:8:8:8:20""]] may be at an arbitrary position in the sanitized URL.",/syntactic_permutations_33/code_row_9.py,8,8,8,27,33,CWE-20_IIV-2b,CWE-20
Incomplete URL substring sanitization,Security checks on the substrings of an unparsed URL are often vulnerable to bypassing.,warning,"The string [[""http://example.com""|""relative:///syntactic_permutations_32/code_row_9.py:8:31:8:50""]] may be at an arbitrary position in the sanitized URL.",/syntactic_permutations_32/code_row_9.py,8,16,8,51,32,CWE-20_IIV-2b,CWE-20
Overly permissive regular expression range,Overly permissive regular expression ranges match a wider range of characters than intended. This may allow an attacker to bypass a filter or sanitizer.,warning,"Suspicious character range that is equivalent to [$%&'()*+,\-.\/0-9:;<=>?@A-Z\[\\\]^_].",/syntactic_permutations_29/code_row_3.py,7,49,7,51,29,CWE-20_IIV-1b,CWE-20
Overly permissive regular expression range,Overly permissive regular expression ranges match a wider range of characters than intended. This may allow an attacker to bypass a filter or sanitizer.,warning,"Suspicious character range that is equivalent to [$%&'()*+,\-.\/0-9:;<=>?@A-Z\[\\\]^_].",/syntactic_permutations_29/code_row_8.py,7,50,7,52,29,CWE-20_IIV-1b,CWE-20
Flask app is run in debug mode,Running a Flask app in debug mode may allow an attacker to run arbitrary code through the Werkzeug debugger.,error,A Flask app appears to be run in debug mode. This may allow an attacker to run arbitrary code through the debugger.,/syntactic_permutations_64/code_row_0.py,50,5,50,23,64,CWE-434_UUF-1a,CWE-434
Flask app is run in debug mode,Running a Flask app in debug mode may allow an attacker to run arbitrary code through the Werkzeug debugger.,error,A Flask app appears to be run in debug mode. This may allow an attacker to run arbitrary code through the debugger.,/syntactic_permutations_138/code_row_0.py,13,5,13,23,138,CWE-798_UHC-2a,CWE-798
Flask app is run in debug mode,Running a Flask app in debug mode may allow an attacker to run arbitrary code through the Werkzeug debugger.,error,A Flask app appears to be run in debug mode. This may allow an attacker to run arbitrary code through the debugger.,/syntactic_permutations_149/code_row_0.py,21,5,21,23,149,CWE-89_SQI-3b,CWE-89
Flask app is run in debug mode,Running a Flask app in debug mode may allow an attacker to run arbitrary code through the Werkzeug debugger.,error,A Flask app appears to be run in debug mode. This may allow an attacker to run arbitrary code through the debugger.,/syntactic_permutations_34/code_row_0.py,32,5,32,23,34,CWE-200_ESI-1a,CWE-200
Flask app is run in debug mode,Running a Flask app in debug mode may allow an attacker to run arbitrary code through the Werkzeug debugger.,error,A Flask app appears to be run in debug mode. This may allow an attacker to run arbitrary code through the debugger.,/syntactic_permutations_64/code_row_1.py,66,5,66,34,64,CWE-434_UUF-1a,CWE-434
Flask app is run in debug mode,Running a Flask app in debug mode may allow an attacker to run arbitrary code through the Werkzeug debugger.,error,A Flask app appears to be run in debug mode. This may allow an attacker to run arbitrary code through the debugger.,/syntactic_permutations_138/code_row_1.py,39,5,39,23,138,CWE-798_UHC-2a,CWE-798
Flask app is run in debug mode,Running a Flask app in debug mode may allow an attacker to run arbitrary code through the Werkzeug debugger.,error,A Flask app appears to be run in debug mode. This may allow an attacker to run arbitrary code through the debugger.,/syntactic_permutations_89/code_row_1.py,17,5,17,34,89,CWE-502_DUD-3b,CWE-502
Flask app is run in debug mode,Running a Flask app in debug mode may allow an attacker to run arbitrary code through the Werkzeug debugger.,error,A Flask app appears to be run in debug mode. This may allow an attacker to run arbitrary code through the debugger.,/syntactic_permutations_42/code_row_1.py,8,5,8,32,42,CWE-200_ESI-3c,CWE-200
Flask app is run in debug mode,Running a Flask app in debug mode may allow an attacker to run arbitrary code through the Werkzeug debugger.,error,A Flask app appears to be run in debug mode. This may allow an attacker to run arbitrary code through the debugger.,/syntactic_permutations_37/code_row_1.py,45,5,45,23,37,CWE-200_ESI-2a,CWE-200
Flask app is run in debug mode,Running a Flask app in debug mode may allow an attacker to run arbitrary code through the Werkzeug debugger.,error,A Flask app appears to be run in debug mode. This may allow an attacker to run arbitrary code through the debugger.,/syntactic_permutations_38/code_row_1.py,22,5,22,23,38,CWE-200_ESI-2b,CWE-200
Flask app is run in debug mode,Running a Flask app in debug mode may allow an attacker to run arbitrary code through the Werkzeug debugger.,error,A Flask app appears to be run in debug mode. This may allow an attacker to run arbitrary code through the debugger.,/syntactic_permutations_95/code_row_1.py,19,9,19,27,95,CWE-522_IPC-2b,CWE-522
Flask app is run in debug mode,Running a Flask app in debug mode may allow an attacker to run arbitrary code through the Werkzeug debugger.,error,A Flask app appears to be run in debug mode. This may allow an attacker to run arbitrary code through the debugger.,/syntactic_permutations_58/code_row_1.py,55,5,55,23,58,CWE-306_MAC-3c,CWE-306
Flask app is run in debug mode,Running a Flask app in debug mode may allow an attacker to run arbitrary code through the Werkzeug debugger.,error,A Flask app appears to be run in debug mode. This may allow an attacker to run arbitrary code through the debugger.,/syntactic_permutations_132/code_row_1.py,9,9,9,27,132,CWE-79_INI-3a,CWE-79
Flask app is run in debug mode,Running a Flask app in debug mode may allow an attacker to run arbitrary code through the Werkzeug debugger.,error,A Flask app appears to be run in debug mode. This may allow an attacker to run arbitrary code through the debugger.,/syntactic_permutations_38/code_row_10.py,51,5,51,23,38,CWE-200_ESI-2b,CWE-200
Flask app is run in debug mode,Running a Flask app in debug mode may allow an attacker to run arbitrary code through the Werkzeug debugger.,error,A Flask app appears to be run in debug mode. This may allow an attacker to run arbitrary code through the debugger.,/syntactic_permutations_95/code_row_10.py,22,5,22,23,95,CWE-522_IPC-2b,CWE-522
Flask app is run in debug mode,Running a Flask app in debug mode may allow an attacker to run arbitrary code through the Werkzeug debugger.,error,A Flask app appears to be run in debug mode. This may allow an attacker to run arbitrary code through the debugger.,/syntactic_permutations_35/code_row_10.py,26,5,26,23,35,CWE-200_ESI-1b,CWE-200
Flask app is run in debug mode,Running a Flask app in debug mode may allow an attacker to run arbitrary code through the Werkzeug debugger.,error,A Flask app appears to be run in debug mode. This may allow an attacker to run arbitrary code through the debugger.,/syntactic_permutations_34/code_row_10.py,17,5,17,23,34,CWE-200_ESI-1a,CWE-200
Flask app is run in debug mode,Running a Flask app in debug mode may allow an attacker to run arbitrary code through the Werkzeug debugger.,error,A Flask app appears to be run in debug mode. This may allow an attacker to run arbitrary code through the debugger.,/syntactic_permutations_37/code_row_10.py,31,3,31,32,37,CWE-200_ESI-2a,CWE-200
Flask app is run in debug mode,Running a Flask app in debug mode may allow an attacker to run arbitrary code through the Werkzeug debugger.,error,A Flask app appears to be run in debug mode. This may allow an attacker to run arbitrary code through the debugger.,/syntactic_permutations_84/code_row_10.py,27,5,27,34,84,CWE-502_DUD-1c,CWE-502
Flask app is run in debug mode,Running a Flask app in debug mode may allow an attacker to run arbitrary code through the Werkzeug debugger.,error,A Flask app appears to be run in debug mode. This may allow an attacker to run arbitrary code through the debugger.,/syntactic_permutations_91/code_row_10.py,53,5,53,23,91,CWE-522_IPC-1a,CWE-522
Flask app is run in debug mode,Running a Flask app in debug mode may allow an attacker to run arbitrary code through the Werkzeug debugger.,error,A Flask app appears to be run in debug mode. This may allow an attacker to run arbitrary code through the debugger.,/syntactic_permutations_39/code_row_10.py,29,5,29,23,39,CWE-200_ESI-2c,CWE-200
Flask app is run in debug mode,Running a Flask app in debug mode may allow an attacker to run arbitrary code through the Werkzeug debugger.,error,A Flask app appears to be run in debug mode. This may allow an attacker to run arbitrary code through the debugger.,/syntactic_permutations_47/code_row_11.py,10,5,10,23,47,CWE-22_ILP-2b,CWE-22
Flask app is run in debug mode,Running a Flask app in debug mode may allow an attacker to run arbitrary code through the Werkzeug debugger.,error,A Flask app appears to be run in debug mode. This may allow an attacker to run arbitrary code through the debugger.,/syntactic_permutations_54/code_row_11.py,83,5,83,23,54,CWE-306_MAC-2b,CWE-306
Flask app is run in debug mode,Running a Flask app in debug mode may allow an attacker to run arbitrary code through the Werkzeug debugger.,error,A Flask app appears to be run in debug mode. This may allow an attacker to run arbitrary code through the debugger.,/syntactic_permutations_97/code_row_11.py,44,3,44,21,97,CWE-522_IPC-3a,CWE-522
Flask app is run in debug mode,Running a Flask app in debug mode may allow an attacker to run arbitrary code through the Werkzeug debugger.,error,A Flask app appears to be run in debug mode. This may allow an attacker to run arbitrary code through the debugger.,/syntactic_permutations_146/code_row_11.py,14,5,14,23,146,CWE-89_SQI-2b,CWE-89
Flask app is run in debug mode,Running a Flask app in debug mode may allow an attacker to run arbitrary code through the Werkzeug debugger.,error,A Flask app appears to be run in debug mode. This may allow an attacker to run arbitrary code through the debugger.,/syntactic_permutations_113/code_row_11.py,24,5,24,23,113,CWE-78_INS-2c,CWE-78
Flask app is run in debug mode,Running a Flask app in debug mode may allow an attacker to run arbitrary code through the Werkzeug debugger.,error,A Flask app appears to be run in debug mode. This may allow an attacker to run arbitrary code through the debugger.,/syntactic_permutations_132/code_row_11.py,19,5,19,23,132,CWE-79_INI-3a,CWE-79
Flask app is run in debug mode,Running a Flask app in debug mode may allow an attacker to run arbitrary code through the Werkzeug debugger.,error,A Flask app appears to be run in debug mode. This may allow an attacker to run arbitrary code through the debugger.,/syntactic_permutations_57/code_row_11.py,111,5,111,23,57,CWE-306_MAC-3b,CWE-306
Flask app is run in debug mode,Running a Flask app in debug mode may allow an attacker to run arbitrary code through the Werkzeug debugger.,error,A Flask app appears to be run in debug mode. This may allow an attacker to run arbitrary code through the debugger.,/syntactic_permutations_86/code_row_11.py,27,9,27,27,86,CWE-502_DUD-2b,CWE-502
Flask app is run in debug mode,Running a Flask app in debug mode may allow an attacker to run arbitrary code through the Werkzeug debugger.,error,A Flask app appears to be run in debug mode. This may allow an attacker to run arbitrary code through the debugger.,/syntactic_permutations_149/code_row_11.py,19,5,19,23,149,CWE-89_SQI-3b,CWE-89
Flask app is run in debug mode,Running a Flask app in debug mode may allow an attacker to run arbitrary code through the Werkzeug debugger.,error,A Flask app appears to be run in debug mode. This may allow an attacker to run arbitrary code through the debugger.,/syntactic_permutations_56/code_row_11.py,35,5,35,23,56,CWE-306_MAC-3a,CWE-306
Flask app is run in debug mode,Running a Flask app in debug mode may allow an attacker to run arbitrary code through the Werkzeug debugger.,error,A Flask app appears to be run in debug mode. This may allow an attacker to run arbitrary code through the debugger.,/syntactic_permutations_138/code_row_11.py,53,5,53,23,138,CWE-798_UHC-2a,CWE-798
Flask app is run in debug mode,Running a Flask app in debug mode may allow an attacker to run arbitrary code through the Werkzeug debugger.,error,A Flask app appears to be run in debug mode. This may allow an attacker to run arbitrary code through the debugger.,/syntactic_permutations_99/code_row_11.py,70,5,70,23,99,CWE-522_IPC-3b,CWE-522
Flask app is run in debug mode,Running a Flask app in debug mode may allow an attacker to run arbitrary code through the Werkzeug debugger.,error,A Flask app appears to be run in debug mode. This may allow an attacker to run arbitrary code through the debugger.,/syntactic_permutations_72/code_row_11.py,40,5,40,23,72,CWE-434_UUF-3c,CWE-434
Flask app is run in debug mode,Running a Flask app in debug mode may allow an attacker to run arbitrary code through the Werkzeug debugger.,error,A Flask app appears to be run in debug mode. This may allow an attacker to run arbitrary code through the debugger.,/syntactic_permutations_42/code_row_11.py,25,5,25,39,42,CWE-200_ESI-3c,CWE-200
Flask app is run in debug mode,Running a Flask app in debug mode may allow an attacker to run arbitrary code through the Werkzeug debugger.,error,A Flask app appears to be run in debug mode. This may allow an attacker to run arbitrary code through the debugger.,/syntactic_permutations_36/code_row_11.py,30,4,30,22,36,CWE-200_ESI-1c,CWE-200
Flask app is run in debug mode,Running a Flask app in debug mode may allow an attacker to run arbitrary code through the Werkzeug debugger.,error,A Flask app appears to be run in debug mode. This may allow an attacker to run arbitrary code through the debugger.,/syntactic_permutations_142/code_row_12.py,12,5,12,23,142,CWE-89_SQI-1a,CWE-89
Flask app is run in debug mode,Running a Flask app in debug mode may allow an attacker to run arbitrary code through the Werkzeug debugger.,error,A Flask app appears to be run in debug mode. This may allow an attacker to run arbitrary code through the debugger.,/syntactic_permutations_66/code_row_12.py,57,9,57,27,66,CWE-434_UUF-1c,CWE-434
Flask app is run in debug mode,Running a Flask app in debug mode may allow an attacker to run arbitrary code through the Werkzeug debugger.,error,A Flask app appears to be run in debug mode. This may allow an attacker to run arbitrary code through the debugger.,/syntactic_permutations_57/code_row_12.py,66,5,66,23,57,CWE-306_MAC-3b,CWE-306
Flask app is run in debug mode,Running a Flask app in debug mode may allow an attacker to run arbitrary code through the Werkzeug debugger.,error,A Flask app appears to be run in debug mode. This may allow an attacker to run arbitrary code through the debugger.,/syntactic_permutations_92/code_row_12.py,21,4,21,22,92,CWE-522_IPC-1b,CWE-522
Flask app is run in debug mode,Running a Flask app in debug mode may allow an attacker to run arbitrary code through the Werkzeug debugger.,error,A Flask app appears to be run in debug mode. This may allow an attacker to run arbitrary code through the debugger.,/syntactic_permutations_39/code_row_12.py,23,5,23,23,39,CWE-200_ESI-2c,CWE-200
Flask app is run in debug mode,Running a Flask app in debug mode may allow an attacker to run arbitrary code through the Werkzeug debugger.,error,A Flask app appears to be run in debug mode. This may allow an attacker to run arbitrary code through the debugger.,/syntactic_permutations_71/code_row_12.py,31,5,31,23,71,CWE-434_UUF-3b,CWE-434
Flask app is run in debug mode,Running a Flask app in debug mode may allow an attacker to run arbitrary code through the Werkzeug debugger.,error,A Flask app appears to be run in debug mode. This may allow an attacker to run arbitrary code through the debugger.,/syntactic_permutations_90/code_row_12.py,27,5,27,34,90,CWE-502_DUD-3c,CWE-502
Flask app is run in debug mode,Running a Flask app in debug mode may allow an attacker to run arbitrary code through the Werkzeug debugger.,error,A Flask app appears to be run in debug mode. This may allow an attacker to run arbitrary code through the debugger.,/syntactic_permutations_57/code_row_13.py,44,5,44,23,57,CWE-306_MAC-3b,CWE-306
Flask app is run in debug mode,Running a Flask app in debug mode may allow an attacker to run arbitrary code through the Werkzeug debugger.,error,A Flask app appears to be run in debug mode. This may allow an attacker to run arbitrary code through the debugger.,/syntactic_permutations_39/code_row_13.py,17,5,17,25,39,CWE-200_ESI-2c,CWE-200
Flask app is run in debug mode,Running a Flask app in debug mode may allow an attacker to run arbitrary code through the Werkzeug debugger.,error,A Flask app appears to be run in debug mode. This may allow an attacker to run arbitrary code through the debugger.,/syntactic_permutations_112/code_row_13.py,21,4,21,35,112,CWE-78_INS-2b,CWE-78
Flask app is run in debug mode,Running a Flask app in debug mode may allow an attacker to run arbitrary code through the Werkzeug debugger.,error,A Flask app appears to be run in debug mode. This may allow an attacker to run arbitrary code through the debugger.,/syntactic_permutations_97/code_row_13.py,89,5,89,23,97,CWE-522_IPC-3a,CWE-522
Flask app is run in debug mode,Running a Flask app in debug mode may allow an attacker to run arbitrary code through the Werkzeug debugger.,error,A Flask app appears to be run in debug mode. This may allow an attacker to run arbitrary code through the debugger.,/syntactic_permutations_98/code_row_13.py,45,5,45,23,98,CWE-522_IPC-3a,CWE-522
Flask app is run in debug mode,Running a Flask app in debug mode may allow an attacker to run arbitrary code through the Werkzeug debugger.,error,A Flask app appears to be run in debug mode. This may allow an attacker to run arbitrary code through the debugger.,/syntactic_permutations_34/code_row_13.py,28,5,28,23,34,CWE-200_ESI-1a,CWE-200
Flask app is run in debug mode,Running a Flask app in debug mode may allow an attacker to run arbitrary code through the Werkzeug debugger.,error,A Flask app appears to be run in debug mode. This may allow an attacker to run arbitrary code through the debugger.,/syntactic_permutations_134/code_row_14.py,15,5,15,23,134,CWE-79_INI-3c,CWE-79
Flask app is run in debug mode,Running a Flask app in debug mode may allow an attacker to run arbitrary code through the Werkzeug debugger.,error,A Flask app appears to be run in debug mode. This may allow an attacker to run arbitrary code through the debugger.,/syntactic_permutations_34/code_row_14.py,43,5,43,23,34,CWE-200_ESI-1a,CWE-200
Flask app is run in debug mode,Running a Flask app in debug mode may allow an attacker to run arbitrary code through the Werkzeug debugger.,error,A Flask app appears to be run in debug mode. This may allow an attacker to run arbitrary code through the debugger.,/syntactic_permutations_46/code_row_14.py,8,3,8,21,46,CWE-22_ILP-2a,CWE-22
Flask app is run in debug mode,Running a Flask app in debug mode may allow an attacker to run arbitrary code through the Werkzeug debugger.,error,A Flask app appears to be run in debug mode. This may allow an attacker to run arbitrary code through the debugger.,/syntactic_permutations_41/code_row_14.py,23,5,23,23,41,CWE-200_ESI-3b,CWE-200
Flask app is run in debug mode,Running a Flask app in debug mode may allow an attacker to run arbitrary code through the Werkzeug debugger.,error,A Flask app appears to be run in debug mode. This may allow an attacker to run arbitrary code through the debugger.,/syntactic_permutations_89/code_row_14.py,8,5,8,34,89,CWE-502_DUD-3b,CWE-502
Flask app is run in debug mode,Running a Flask app in debug mode may allow an attacker to run arbitrary code through the Werkzeug debugger.,error,A Flask app appears to be run in debug mode. This may allow an attacker to run arbitrary code through the debugger.,/syntactic_permutations_85/code_row_14.py,51,5,51,23,85,CWE-502_DUD-2a,CWE-502
Flask app is run in debug mode,Running a Flask app in debug mode may allow an attacker to run arbitrary code through the Werkzeug debugger.,error,A Flask app appears to be run in debug mode. This may allow an attacker to run arbitrary code through the debugger.,/syntactic_permutations_95/code_row_14.py,44,5,44,23,95,CWE-522_IPC-2b,CWE-522
Flask app is run in debug mode,Running a Flask app in debug mode may allow an attacker to run arbitrary code through the Werkzeug debugger.,error,A Flask app appears to be run in debug mode. This may allow an attacker to run arbitrary code through the debugger.,/syntactic_permutations_111/code_row_14.py,11,5,11,23,111,CWE-78_INS-2a,CWE-78
Flask app is run in debug mode,Running a Flask app in debug mode may allow an attacker to run arbitrary code through the Werkzeug debugger.,error,A Flask app appears to be run in debug mode. This may allow an attacker to run arbitrary code through the debugger.,/syntactic_permutations_35/code_row_14.py,22,5,22,23,35,CWE-200_ESI-1b,CWE-200
Flask app is run in debug mode,Running a Flask app in debug mode may allow an attacker to run arbitrary code through the Werkzeug debugger.,error,A Flask app appears to be run in debug mode. This may allow an attacker to run arbitrary code through the debugger.,/syntactic_permutations_65/code_row_14.py,24,5,24,23,65,CWE-434_UUF-1b,CWE-434
Flask app is run in debug mode,Running a Flask app in debug mode may allow an attacker to run arbitrary code through the Werkzeug debugger.,error,A Flask app appears to be run in debug mode. This may allow an attacker to run arbitrary code through the debugger.,/syntactic_permutations_46/code_row_15.py,13,5,13,23,46,CWE-22_ILP-2a,CWE-22
Flask app is run in debug mode,Running a Flask app in debug mode may allow an attacker to run arbitrary code through the Werkzeug debugger.,error,A Flask app appears to be run in debug mode. This may allow an attacker to run arbitrary code through the debugger.,/syntactic_permutations_42/code_row_15.py,11,3,11,46,42,CWE-200_ESI-3c,CWE-200
Flask app is run in debug mode,Running a Flask app in debug mode may allow an attacker to run arbitrary code through the Werkzeug debugger.,error,A Flask app appears to be run in debug mode. This may allow an attacker to run arbitrary code through the debugger.,/syntactic_permutations_147/code_row_15.py,53,5,53,23,147,CWE-89_SQI-2c,CWE-89
Flask app is run in debug mode,Running a Flask app in debug mode may allow an attacker to run arbitrary code through the Werkzeug debugger.,error,A Flask app appears to be run in debug mode. This may allow an attacker to run arbitrary code through the debugger.,/syntactic_permutations_64/code_row_15.py,21,5,21,23,64,CWE-434_UUF-1a,CWE-434
Flask app is run in debug mode,Running a Flask app in debug mode may allow an attacker to run arbitrary code through the Werkzeug debugger.,error,A Flask app appears to be run in debug mode. This may allow an attacker to run arbitrary code through the debugger.,/syntactic_permutations_34/code_row_15.py,34,5,34,41,34,CWE-200_ESI-1a,CWE-200
Flask app is run in debug mode,Running a Flask app in debug mode may allow an attacker to run arbitrary code through the Werkzeug debugger.,error,A Flask app appears to be run in debug mode. This may allow an attacker to run arbitrary code through the debugger.,/syntactic_permutations_87/code_row_15.py,14,5,14,23,87,CWE-502_DUD-2c,CWE-502
Flask app is run in debug mode,Running a Flask app in debug mode may allow an attacker to run arbitrary code through the Werkzeug debugger.,error,A Flask app appears to be run in debug mode. This may allow an attacker to run arbitrary code through the debugger.,/syntactic_permutations_138/code_row_15.py,26,5,26,34,138,CWE-798_UHC-2a,CWE-798
Flask app is run in debug mode,Running a Flask app in debug mode may allow an attacker to run arbitrary code through the Werkzeug debugger.,error,A Flask app appears to be run in debug mode. This may allow an attacker to run arbitrary code through the debugger.,/syntactic_permutations_89/code_row_15.py,15,5,15,34,89,CWE-502_DUD-3b,CWE-502
Flask app is run in debug mode,Running a Flask app in debug mode may allow an attacker to run arbitrary code through the Werkzeug debugger.,error,A Flask app appears to be run in debug mode. This may allow an attacker to run arbitrary code through the debugger.,/syntactic_permutations_66/code_row_15.py,47,5,47,23,66,CWE-434_UUF-1c,CWE-434
Flask app is run in debug mode,Running a Flask app in debug mode may allow an attacker to run arbitrary code through the Werkzeug debugger.,error,A Flask app appears to be run in debug mode. This may allow an attacker to run arbitrary code through the debugger.,/syntactic_permutations_47/code_row_15.py,14,5,14,23,47,CWE-22_ILP-2b,CWE-22
Flask app is run in debug mode,Running a Flask app in debug mode may allow an attacker to run arbitrary code through the Werkzeug debugger.,error,A Flask app appears to be run in debug mode. This may allow an attacker to run arbitrary code through the debugger.,/syntactic_permutations_38/code_row_16.py,23,5,23,23,38,CWE-200_ESI-2b,CWE-200
Flask app is run in debug mode,Running a Flask app in debug mode may allow an attacker to run arbitrary code through the Werkzeug debugger.,error,A Flask app appears to be run in debug mode. This may allow an attacker to run arbitrary code through the debugger.,/syntactic_permutations_34/code_row_16.py,46,5,46,23,34,CWE-200_ESI-1a,CWE-200
Flask app is run in debug mode,Running a Flask app in debug mode may allow an attacker to run arbitrary code through the Werkzeug debugger.,error,A Flask app appears to be run in debug mode. This may allow an attacker to run arbitrary code through the debugger.,/syntactic_permutations_56/code_row_16.py,102,5,102,23,56,CWE-306_MAC-3a,CWE-306
Flask app is run in debug mode,Running a Flask app in debug mode may allow an attacker to run arbitrary code through the Werkzeug debugger.,error,A Flask app appears to be run in debug mode. This may allow an attacker to run arbitrary code through the debugger.,/syntactic_permutations_41/code_row_16.py,15,3,15,21,41,CWE-200_ESI-3b,CWE-200
Flask app is run in debug mode,Running a Flask app in debug mode may allow an attacker to run arbitrary code through the Werkzeug debugger.,error,A Flask app appears to be run in debug mode. This may allow an attacker to run arbitrary code through the debugger.,/syntactic_permutations_52/code_row_16.py,29,5,29,23,52,CWE-306_MAC-1a,CWE-306
Flask app is run in debug mode,Running a Flask app in debug mode may allow an attacker to run arbitrary code through the Werkzeug debugger.,error,A Flask app appears to be run in debug mode. This may allow an attacker to run arbitrary code through the debugger.,/syntactic_permutations_54/code_row_16.py,22,5,22,23,54,CWE-306_MAC-2b,CWE-306
Flask app is run in debug mode,Running a Flask app in debug mode may allow an attacker to run arbitrary code through the Werkzeug debugger.,error,A Flask app appears to be run in debug mode. This may allow an attacker to run arbitrary code through the debugger.,/syntactic_permutations_147/code_row_16.py,25,9,25,27,147,CWE-89_SQI-2c,CWE-89
Flask app is run in debug mode,Running a Flask app in debug mode may allow an attacker to run arbitrary code through the Werkzeug debugger.,error,A Flask app appears to be run in debug mode. This may allow an attacker to run arbitrary code through the debugger.,/syntactic_permutations_40/code_row_16.py,29,5,29,23,40,CWE-200_ESI-3a,CWE-200
Flask app is run in debug mode,Running a Flask app in debug mode may allow an attacker to run arbitrary code through the Werkzeug debugger.,error,A Flask app appears to be run in debug mode. This may allow an attacker to run arbitrary code through the debugger.,/syntactic_permutations_48/code_row_17.py,8,1,8,19,48,CWE-22_ILP-2c,CWE-22
Flask app is run in debug mode,Running a Flask app in debug mode may allow an attacker to run arbitrary code through the Werkzeug debugger.,error,A Flask app appears to be run in debug mode. This may allow an attacker to run arbitrary code through the debugger.,/syntactic_permutations_143/code_row_17.py,75,5,75,23,143,CWE-89_SQI-1b,CWE-89
Flask app is run in debug mode,Running a Flask app in debug mode may allow an attacker to run arbitrary code through the Werkzeug debugger.,error,A Flask app appears to be run in debug mode. This may allow an attacker to run arbitrary code through the debugger.,/syntactic_permutations_54/code_row_17.py,113,5,113,23,54,CWE-306_MAC-2b,CWE-306
Flask app is run in debug mode,Running a Flask app in debug mode may allow an attacker to run arbitrary code through the Werkzeug debugger.,error,A Flask app appears to be run in debug mode. This may allow an attacker to run arbitrary code through the debugger.,/syntactic_permutations_134/code_row_17.py,9,5,9,23,134,CWE-79_INI-3c,CWE-79
Flask app is run in debug mode,Running a Flask app in debug mode may allow an attacker to run arbitrary code through the Werkzeug debugger.,error,A Flask app appears to be run in debug mode. This may allow an attacker to run arbitrary code through the debugger.,/syntactic_permutations_34/code_row_17.py,10,5,10,23,34,CWE-200_ESI-1a,CWE-200
Flask app is run in debug mode,Running a Flask app in debug mode may allow an attacker to run arbitrary code through the Werkzeug debugger.,error,A Flask app appears to be run in debug mode. This may allow an attacker to run arbitrary code through the debugger.,/syntactic_permutations_64/code_row_17.py,30,5,30,23,64,CWE-434_UUF-1a,CWE-434
Flask app is run in debug mode,Running a Flask app in debug mode may allow an attacker to run arbitrary code through the Werkzeug debugger.,error,A Flask app appears to be run in debug mode. This may allow an attacker to run arbitrary code through the debugger.,/syntactic_permutations_56/code_row_17.py,147,5,147,23,56,CWE-306_MAC-3a,CWE-306
Flask app is run in debug mode,Running a Flask app in debug mode may allow an attacker to run arbitrary code through the Werkzeug debugger.,error,A Flask app appears to be run in debug mode. This may allow an attacker to run arbitrary code through the debugger.,/syntactic_permutations_37/code_row_17.py,43,9,43,27,37,CWE-200_ESI-2a,CWE-200
Flask app is run in debug mode,Running a Flask app in debug mode may allow an attacker to run arbitrary code through the Werkzeug debugger.,error,A Flask app appears to be run in debug mode. This may allow an attacker to run arbitrary code through the debugger.,/syntactic_permutations_113/code_row_17.py,16,5,16,23,113,CWE-78_INS-2c,CWE-78
Flask app is run in debug mode,Running a Flask app in debug mode may allow an attacker to run arbitrary code through the Werkzeug debugger.,error,A Flask app appears to be run in debug mode. This may allow an attacker to run arbitrary code through the debugger.,/syntactic_permutations_146/code_row_17.py,31,3,31,21,146,CWE-89_SQI-2b,CWE-89
Flask app is run in debug mode,Running a Flask app in debug mode may allow an attacker to run arbitrary code through the Werkzeug debugger.,error,A Flask app appears to be run in debug mode. This may allow an attacker to run arbitrary code through the debugger.,/syntactic_permutations_148/code_row_17.py,34,5,34,23,148,CWE-89_SQI-3a,CWE-89
Flask app is run in debug mode,Running a Flask app in debug mode may allow an attacker to run arbitrary code through the Werkzeug debugger.,error,A Flask app appears to be run in debug mode. This may allow an attacker to run arbitrary code through the debugger.,/syntactic_permutations_86/code_row_17.py,57,5,57,23,86,CWE-502_DUD-2b,CWE-502
Flask app is run in debug mode,Running a Flask app in debug mode may allow an attacker to run arbitrary code through the Werkzeug debugger.,error,A Flask app appears to be run in debug mode. This may allow an attacker to run arbitrary code through the debugger.,/syntactic_permutations_91/code_row_17.py,45,3,45,21,91,CWE-522_IPC-1a,CWE-522
Flask app is run in debug mode,Running a Flask app in debug mode may allow an attacker to run arbitrary code through the Werkzeug debugger.,error,A Flask app appears to be run in debug mode. This may allow an attacker to run arbitrary code through the debugger.,/syntactic_permutations_34/code_row_18.py,35,9,35,43,34,CWE-200_ESI-1a,CWE-200
Flask app is run in debug mode,Running a Flask app in debug mode may allow an attacker to run arbitrary code through the Werkzeug debugger.,error,A Flask app appears to be run in debug mode. This may allow an attacker to run arbitrary code through the debugger.,/syntactic_permutations_97/code_row_18.py,53,5,53,23,97,CWE-522_IPC-3a,CWE-522
Flask app is run in debug mode,Running a Flask app in debug mode may allow an attacker to run arbitrary code through the Werkzeug debugger.,error,A Flask app appears to be run in debug mode. This may allow an attacker to run arbitrary code through the debugger.,/syntactic_permutations_147/code_row_18.py,49,5,49,23,147,CWE-89_SQI-2c,CWE-89
Flask app is run in debug mode,Running a Flask app in debug mode may allow an attacker to run arbitrary code through the Werkzeug debugger.,error,A Flask app appears to be run in debug mode. This may allow an attacker to run arbitrary code through the debugger.,/syntactic_permutations_40/code_row_18.py,7,5,7,23,40,CWE-200_ESI-3a,CWE-200
Flask app is run in debug mode,Running a Flask app in debug mode may allow an attacker to run arbitrary code through the Werkzeug debugger.,error,A Flask app appears to be run in debug mode. This may allow an attacker to run arbitrary code through the debugger.,/syntactic_permutations_38/code_row_18.py,28,5,28,23,38,CWE-200_ESI-2b,CWE-200
Flask app is run in debug mode,Running a Flask app in debug mode may allow an attacker to run arbitrary code through the Werkzeug debugger.,error,A Flask app appears to be run in debug mode. This may allow an attacker to run arbitrary code through the debugger.,/syntactic_permutations_33/code_row_18.py,14,9,14,27,33,CWE-20_IIV-2b,CWE-20
Flask app is run in debug mode,Running a Flask app in debug mode may allow an attacker to run arbitrary code through the Werkzeug debugger.,error,A Flask app appears to be run in debug mode. This may allow an attacker to run arbitrary code through the debugger.,/syntactic_permutations_89/code_row_18.py,35,5,35,34,89,CWE-502_DUD-3b,CWE-502
Flask app is run in debug mode,Running a Flask app in debug mode may allow an attacker to run arbitrary code through the Werkzeug debugger.,error,A Flask app appears to be run in debug mode. This may allow an attacker to run arbitrary code through the debugger.,/syntactic_permutations_55/code_row_19.py,25,5,25,32,55,CWE-306_MAC-2c,CWE-306
Flask app is run in debug mode,Running a Flask app in debug mode may allow an attacker to run arbitrary code through the Werkzeug debugger.,error,A Flask app appears to be run in debug mode. This may allow an attacker to run arbitrary code through the debugger.,/syntactic_permutations_41/code_row_19.py,16,5,16,34,41,CWE-200_ESI-3b,CWE-200
Flask app is run in debug mode,Running a Flask app in debug mode may allow an attacker to run arbitrary code through the Werkzeug debugger.,error,A Flask app appears to be run in debug mode. This may allow an attacker to run arbitrary code through the debugger.,/syntactic_permutations_37/code_row_19.py,52,5,52,23,37,CWE-200_ESI-2a,CWE-200
Flask app is run in debug mode,Running a Flask app in debug mode may allow an attacker to run arbitrary code through the Werkzeug debugger.,error,A Flask app appears to be run in debug mode. This may allow an attacker to run arbitrary code through the debugger.,/syntactic_permutations_56/code_row_19.py,111,5,111,23,56,CWE-306_MAC-3a,CWE-306
Flask app is run in debug mode,Running a Flask app in debug mode may allow an attacker to run arbitrary code through the Werkzeug debugger.,error,A Flask app appears to be run in debug mode. This may allow an attacker to run arbitrary code through the debugger.,/syntactic_permutations_86/code_row_19.py,33,5,33,23,86,CWE-502_DUD-2b,CWE-502
Flask app is run in debug mode,Running a Flask app in debug mode may allow an attacker to run arbitrary code through the Werkzeug debugger.,error,A Flask app appears to be run in debug mode. This may allow an attacker to run arbitrary code through the debugger.,/syntactic_permutations_34/code_row_19.py,42,9,42,27,34,CWE-200_ESI-1a,CWE-200
Flask app is run in debug mode,Running a Flask app in debug mode may allow an attacker to run arbitrary code through the Werkzeug debugger.,error,A Flask app appears to be run in debug mode. This may allow an attacker to run arbitrary code through the debugger.,/syntactic_permutations_133/code_row_19.py,13,5,13,23,133,CWE-79_INI-3b,CWE-79
Flask app is run in debug mode,Running a Flask app in debug mode may allow an attacker to run arbitrary code through the Werkzeug debugger.,error,A Flask app appears to be run in debug mode. This may allow an attacker to run arbitrary code through the debugger.,/syntactic_permutations_42/code_row_2.py,13,5,13,23,42,CWE-200_ESI-3c,CWE-200
Flask app is run in debug mode,Running a Flask app in debug mode may allow an attacker to run arbitrary code through the Werkzeug debugger.,error,A Flask app appears to be run in debug mode. This may allow an attacker to run arbitrary code through the debugger.,/syntactic_permutations_147/code_row_2.py,55,5,55,23,147,CWE-89_SQI-2c,CWE-89
Flask app is run in debug mode,Running a Flask app in debug mode may allow an attacker to run arbitrary code through the Werkzeug debugger.,error,A Flask app appears to be run in debug mode. This may allow an attacker to run arbitrary code through the debugger.,/syntactic_permutations_38/code_row_2.py,25,5,25,23,38,CWE-200_ESI-2b,CWE-200
Flask app is run in debug mode,Running a Flask app in debug mode may allow an attacker to run arbitrary code through the Werkzeug debugger.,error,A Flask app appears to be run in debug mode. This may allow an attacker to run arbitrary code through the debugger.,/syntactic_permutations_89/code_row_2.py,25,5,25,50,89,CWE-502_DUD-3b,CWE-502
Flask app is run in debug mode,Running a Flask app in debug mode may allow an attacker to run arbitrary code through the Werkzeug debugger.,error,A Flask app appears to be run in debug mode. This may allow an attacker to run arbitrary code through the debugger.,/syntactic_permutations_64/code_row_2.py,33,5,33,23,64,CWE-434_UUF-1a,CWE-434
Flask app is run in debug mode,Running a Flask app in debug mode may allow an attacker to run arbitrary code through the Werkzeug debugger.,error,A Flask app appears to be run in debug mode. This may allow an attacker to run arbitrary code through the debugger.,/syntactic_permutations_91/code_row_20.py,32,5,32,43,91,CWE-522_IPC-1a,CWE-522
Flask app is run in debug mode,Running a Flask app in debug mode may allow an attacker to run arbitrary code through the Werkzeug debugger.,error,A Flask app appears to be run in debug mode. This may allow an attacker to run arbitrary code through the debugger.,/syntactic_permutations_88/code_row_20.py,16,5,16,23,88,CWE-502_DUD-3a,CWE-502
Flask app is run in debug mode,Running a Flask app in debug mode may allow an attacker to run arbitrary code through the Werkzeug debugger.,error,A Flask app appears to be run in debug mode. This may allow an attacker to run arbitrary code through the debugger.,/syntactic_permutations_138/code_row_20.py,41,5,41,23,138,CWE-798_UHC-2a,CWE-798
Flask app is run in debug mode,Running a Flask app in debug mode may allow an attacker to run arbitrary code through the Werkzeug debugger.,error,A Flask app appears to be run in debug mode. This may allow an attacker to run arbitrary code through the debugger.,/syntactic_permutations_40/code_row_20.py,51,5,51,23,40,CWE-200_ESI-3a,CWE-200
Flask app is run in debug mode,Running a Flask app in debug mode may allow an attacker to run arbitrary code through the Werkzeug debugger.,error,A Flask app appears to be run in debug mode. This may allow an attacker to run arbitrary code through the debugger.,/syntactic_permutations_89/code_row_20.py,33,5,33,34,89,CWE-502_DUD-3b,CWE-502
Flask app is run in debug mode,Running a Flask app in debug mode may allow an attacker to run arbitrary code through the Werkzeug debugger.,error,A Flask app appears to be run in debug mode. This may allow an attacker to run arbitrary code through the debugger.,/syntactic_permutations_65/code_row_20.py,19,9,19,27,65,CWE-434_UUF-1b,CWE-434
Flask app is run in debug mode,Running a Flask app in debug mode may allow an attacker to run arbitrary code through the Werkzeug debugger.,error,A Flask app appears to be run in debug mode. This may allow an attacker to run arbitrary code through the debugger.,/syntactic_permutations_56/code_row_20.py,34,5,34,23,56,CWE-306_MAC-3a,CWE-306
Flask app is run in debug mode,Running a Flask app in debug mode may allow an attacker to run arbitrary code through the Werkzeug debugger.,error,A Flask app appears to be run in debug mode. This may allow an attacker to run arbitrary code through the debugger.,/syntactic_permutations_134/code_row_21.py,14,5,14,23,134,CWE-79_INI-3c,CWE-79
Flask app is run in debug mode,Running a Flask app in debug mode may allow an attacker to run arbitrary code through the Werkzeug debugger.,error,A Flask app appears to be run in debug mode. This may allow an attacker to run arbitrary code through the debugger.,/syntactic_permutations_138/code_row_21.py,51,5,51,23,138,CWE-798_UHC-2a,CWE-798
Flask app is run in debug mode,Running a Flask app in debug mode may allow an attacker to run arbitrary code through the Werkzeug debugger.,error,A Flask app appears to be run in debug mode. This may allow an attacker to run arbitrary code through the debugger.,/syntactic_permutations_82/code_row_21.py,17,5,17,34,82,CWE-502_DUD-1a,CWE-502
Flask app is run in debug mode,Running a Flask app in debug mode may allow an attacker to run arbitrary code through the Werkzeug debugger.,error,A Flask app appears to be run in debug mode. This may allow an attacker to run arbitrary code through the debugger.,/syntactic_permutations_53/code_row_21.py,85,5,85,23,53,CWE-306_MAC-2a,CWE-306
Flask app is run in debug mode,Running a Flask app in debug mode may allow an attacker to run arbitrary code through the Werkzeug debugger.,error,A Flask app appears to be run in debug mode. This may allow an attacker to run arbitrary code through the debugger.,/syntactic_permutations_58/code_row_21.py,151,5,151,23,58,CWE-306_MAC-3c,CWE-306
Flask app is run in debug mode,Running a Flask app in debug mode may allow an attacker to run arbitrary code through the Werkzeug debugger.,error,A Flask app appears to be run in debug mode. This may allow an attacker to run arbitrary code through the debugger.,/syntactic_permutations_34/code_row_21.py,27,5,27,23,34,CWE-200_ESI-1a,CWE-200
Flask app is run in debug mode,Running a Flask app in debug mode may allow an attacker to run arbitrary code through the Werkzeug debugger.,error,A Flask app appears to be run in debug mode. This may allow an attacker to run arbitrary code through the debugger.,/syntactic_permutations_132/code_row_21.py,13,5,13,23,132,CWE-79_INI-3a,CWE-79
Flask app is run in debug mode,Running a Flask app in debug mode may allow an attacker to run arbitrary code through the Werkzeug debugger.,error,A Flask app appears to be run in debug mode. This may allow an attacker to run arbitrary code through the debugger.,/syntactic_permutations_57/code_row_21.py,67,5,67,23,57,CWE-306_MAC-3b,CWE-306
Flask app is run in debug mode,Running a Flask app in debug mode may allow an attacker to run arbitrary code through the Werkzeug debugger.,error,A Flask app appears to be run in debug mode. This may allow an attacker to run arbitrary code through the debugger.,/syntactic_permutations_147/code_row_21.py,19,3,19,21,147,CWE-89_SQI-2c,CWE-89
Flask app is run in debug mode,Running a Flask app in debug mode may allow an attacker to run arbitrary code through the Werkzeug debugger.,error,A Flask app appears to be run in debug mode. This may allow an attacker to run arbitrary code through the debugger.,/syntactic_permutations_96/code_row_21.py,67,5,67,23,96,CWE-522_IPC-2c,CWE-522
Flask app is run in debug mode,Running a Flask app in debug mode may allow an attacker to run arbitrary code through the Werkzeug debugger.,error,A Flask app appears to be run in debug mode. This may allow an attacker to run arbitrary code through the debugger.,/syntactic_permutations_56/code_row_21.py,35,5,35,23,56,CWE-306_MAC-3a,CWE-306
Flask app is run in debug mode,Running a Flask app in debug mode may allow an attacker to run arbitrary code through the Werkzeug debugger.,error,A Flask app appears to be run in debug mode. This may allow an attacker to run arbitrary code through the debugger.,/syntactic_permutations_141/code_row_21.py,49,5,49,23,141,CWE-798_UHC-3a,CWE-798
Flask app is run in debug mode,Running a Flask app in debug mode may allow an attacker to run arbitrary code through the Werkzeug debugger.,error,A Flask app appears to be run in debug mode. This may allow an attacker to run arbitrary code through the debugger.,/syntactic_permutations_82/code_row_22.py,18,5,18,23,82,CWE-502_DUD-1a,CWE-502
Flask app is run in debug mode,Running a Flask app in debug mode may allow an attacker to run arbitrary code through the Werkzeug debugger.,error,A Flask app appears to be run in debug mode. This may allow an attacker to run arbitrary code through the debugger.,/syntactic_permutations_90/code_row_22.py,30,5,30,34,90,CWE-502_DUD-3c,CWE-502
Flask app is run in debug mode,Running a Flask app in debug mode may allow an attacker to run arbitrary code through the Werkzeug debugger.,error,A Flask app appears to be run in debug mode. This may allow an attacker to run arbitrary code through the debugger.,/syntactic_permutations_147/code_row_22.py,45,5,45,34,147,CWE-89_SQI-2c,CWE-89
Flask app is run in debug mode,Running a Flask app in debug mode may allow an attacker to run arbitrary code through the Werkzeug debugger.,error,A Flask app appears to be run in debug mode. This may allow an attacker to run arbitrary code through the debugger.,/syntactic_permutations_86/code_row_22.py,26,5,26,23,86,CWE-502_DUD-2b,CWE-502
Flask app is run in debug mode,Running a Flask app in debug mode may allow an attacker to run arbitrary code through the Werkzeug debugger.,error,A Flask app appears to be run in debug mode. This may allow an attacker to run arbitrary code through the debugger.,/syntactic_permutations_54/code_row_22.py,67,5,67,23,54,CWE-306_MAC-2b,CWE-306
Flask app is run in debug mode,Running a Flask app in debug mode may allow an attacker to run arbitrary code through the Werkzeug debugger.,error,A Flask app appears to be run in debug mode. This may allow an attacker to run arbitrary code through the debugger.,/syntactic_permutations_64/code_row_22.py,47,5,47,23,64,CWE-434_UUF-1a,CWE-434
Flask app is run in debug mode,Running a Flask app in debug mode may allow an attacker to run arbitrary code through the Werkzeug debugger.,error,A Flask app appears to be run in debug mode. This may allow an attacker to run arbitrary code through the debugger.,/syntactic_permutations_135/code_row_22.py,16,5,16,25,135,CWE-798_UHC-1a,CWE-798
Flask app is run in debug mode,Running a Flask app in debug mode may allow an attacker to run arbitrary code through the Werkzeug debugger.,error,A Flask app appears to be run in debug mode. This may allow an attacker to run arbitrary code through the debugger.,/syntactic_permutations_36/code_row_22.py,27,9,27,27,36,CWE-200_ESI-1c,CWE-200
Flask app is run in debug mode,Running a Flask app in debug mode may allow an attacker to run arbitrary code through the Werkzeug debugger.,error,A Flask app appears to be run in debug mode. This may allow an attacker to run arbitrary code through the debugger.,/syntactic_permutations_42/code_row_22.py,23,5,23,25,42,CWE-200_ESI-3c,CWE-200
Flask app is run in debug mode,Running a Flask app in debug mode may allow an attacker to run arbitrary code through the Werkzeug debugger.,error,A Flask app appears to be run in debug mode. This may allow an attacker to run arbitrary code through the debugger.,/syntactic_permutations_37/code_row_22.py,53,9,53,27,37,CWE-200_ESI-2a,CWE-200
Flask app is run in debug mode,Running a Flask app in debug mode may allow an attacker to run arbitrary code through the Werkzeug debugger.,error,A Flask app appears to be run in debug mode. This may allow an attacker to run arbitrary code through the debugger.,/syntactic_permutations_138/code_row_23.py,8,5,8,23,138,CWE-798_UHC-2a,CWE-798
Flask app is run in debug mode,Running a Flask app in debug mode may allow an attacker to run arbitrary code through the Werkzeug debugger.,error,A Flask app appears to be run in debug mode. This may allow an attacker to run arbitrary code through the debugger.,/syntactic_permutations_147/code_row_23.py,53,5,53,34,147,CWE-89_SQI-2c,CWE-89
Flask app is run in debug mode,Running a Flask app in debug mode may allow an attacker to run arbitrary code through the Werkzeug debugger.,error,A Flask app appears to be run in debug mode. This may allow an attacker to run arbitrary code through the debugger.,/syntactic_permutations_42/code_row_23.py,23,5,23,23,42,CWE-200_ESI-3c,CWE-200
Flask app is run in debug mode,Running a Flask app in debug mode may allow an attacker to run arbitrary code through the Werkzeug debugger.,error,A Flask app appears to be run in debug mode. This may allow an attacker to run arbitrary code through the debugger.,/syntactic_permutations_97/code_row_23.py,111,5,111,23,97,CWE-522_IPC-3a,CWE-522
Flask app is run in debug mode,Running a Flask app in debug mode may allow an attacker to run arbitrary code through the Werkzeug debugger.,error,A Flask app appears to be run in debug mode. This may allow an attacker to run arbitrary code through the debugger.,/syntactic_permutations_91/code_row_23.py,133,5,133,23,91,CWE-522_IPC-1a,CWE-522
Flask app is run in debug mode,Running a Flask app in debug mode may allow an attacker to run arbitrary code through the Werkzeug debugger.,error,A Flask app appears to be run in debug mode. This may allow an attacker to run arbitrary code through the debugger.,/syntactic_permutations_113/code_row_23.py,24,5,24,34,113,CWE-78_INS-2c,CWE-78
Flask app is run in debug mode,Running a Flask app in debug mode may allow an attacker to run arbitrary code through the Werkzeug debugger.,error,A Flask app appears to be run in debug mode. This may allow an attacker to run arbitrary code through the debugger.,/syntactic_permutations_57/code_row_24.py,85,5,85,23,57,CWE-306_MAC-3b,CWE-306
Flask app is run in debug mode,Running a Flask app in debug mode may allow an attacker to run arbitrary code through the Werkzeug debugger.,error,A Flask app appears to be run in debug mode. This may allow an attacker to run arbitrary code through the debugger.,/syntactic_permutations_111/code_row_24.py,10,5,10,23,111,CWE-78_INS-2a,CWE-78
Flask app is run in debug mode,Running a Flask app in debug mode may allow an attacker to run arbitrary code through the Werkzeug debugger.,error,A Flask app appears to be run in debug mode. This may allow an attacker to run arbitrary code through the debugger.,/syntactic_permutations_149/code_row_24.py,51,1,51,19,149,CWE-89_SQI-3b,CWE-89
Flask app is run in debug mode,Running a Flask app in debug mode may allow an attacker to run arbitrary code through the Werkzeug debugger.,error,A Flask app appears to be run in debug mode. This may allow an attacker to run arbitrary code through the debugger.,/syntactic_permutations_37/code_row_24.py,31,3,31,32,37,CWE-200_ESI-2a,CWE-200
Flask app is run in debug mode,Running a Flask app in debug mode may allow an attacker to run arbitrary code through the Werkzeug debugger.,error,A Flask app appears to be run in debug mode. This may allow an attacker to run arbitrary code through the debugger.,/syntactic_permutations_42/code_row_24.py,7,5,7,23,42,CWE-200_ESI-3c,CWE-200
Flask app is run in debug mode,Running a Flask app in debug mode may allow an attacker to run arbitrary code through the Werkzeug debugger.,error,A Flask app appears to be run in debug mode. This may allow an attacker to run arbitrary code through the debugger.,/syntactic_permutations_148/code_row_24.py,51,3,51,21,148,CWE-89_SQI-3a,CWE-89
Flask app is run in debug mode,Running a Flask app in debug mode may allow an attacker to run arbitrary code through the Werkzeug debugger.,error,A Flask app appears to be run in debug mode. This may allow an attacker to run arbitrary code through the debugger.,/syntactic_permutations_30/code_row_24.py,12,5,12,23,30,CWE-20_IIV-1c,CWE-20
Flask app is run in debug mode,Running a Flask app in debug mode may allow an attacker to run arbitrary code through the Werkzeug debugger.,error,A Flask app appears to be run in debug mode. This may allow an attacker to run arbitrary code through the debugger.,/syntactic_permutations_85/code_row_24.py,36,5,36,23,85,CWE-502_DUD-2a,CWE-502
Flask app is run in debug mode,Running a Flask app in debug mode may allow an attacker to run arbitrary code through the Werkzeug debugger.,error,A Flask app appears to be run in debug mode. This may allow an attacker to run arbitrary code through the debugger.,/syntactic_permutations_54/code_row_24.py,49,3,49,21,54,CWE-306_MAC-2b,CWE-306
Flask app is run in debug mode,Running a Flask app in debug mode may allow an attacker to run arbitrary code through the Werkzeug debugger.,error,A Flask app appears to be run in debug mode. This may allow an attacker to run arbitrary code through the debugger.,/syntactic_permutations_91/code_row_24.py,63,5,63,23,91,CWE-522_IPC-1a,CWE-522
Flask app is run in debug mode,Running a Flask app in debug mode may allow an attacker to run arbitrary code through the Werkzeug debugger.,error,A Flask app appears to be run in debug mode. This may allow an attacker to run arbitrary code through the debugger.,/syntactic_permutations_35/code_row_24.py,17,5,17,23,35,CWE-200_ESI-1b,CWE-200
Flask app is run in debug mode,Running a Flask app in debug mode may allow an attacker to run arbitrary code through the Werkzeug debugger.,error,A Flask app appears to be run in debug mode. This may allow an attacker to run arbitrary code through the debugger.,/syntactic_permutations_141/code_row_24.py,35,5,35,23,141,CWE-798_UHC-3a,CWE-798
Flask app is run in debug mode,Running a Flask app in debug mode may allow an attacker to run arbitrary code through the Werkzeug debugger.,error,A Flask app appears to be run in debug mode. This may allow an attacker to run arbitrary code through the debugger.,/syntactic_permutations_40/code_row_24.py,12,5,12,23,40,CWE-200_ESI-3a,CWE-200
Flask app is run in debug mode,Running a Flask app in debug mode may allow an attacker to run arbitrary code through the Werkzeug debugger.,error,A Flask app appears to be run in debug mode. This may allow an attacker to run arbitrary code through the debugger.,/syntactic_permutations_86/code_row_24.py,71,5,71,23,86,CWE-502_DUD-2b,CWE-502
Flask app is run in debug mode,Running a Flask app in debug mode may allow an attacker to run arbitrary code through the Werkzeug debugger.,error,A Flask app appears to be run in debug mode. This may allow an attacker to run arbitrary code through the debugger.,/syntactic_permutations_65/code_row_24.py,43,5,43,23,65,CWE-434_UUF-1b,CWE-434
Flask app is run in debug mode,Running a Flask app in debug mode may allow an attacker to run arbitrary code through the Werkzeug debugger.,error,A Flask app appears to be run in debug mode. This may allow an attacker to run arbitrary code through the debugger.,/syntactic_permutations_38/code_row_24.py,28,5,28,23,38,CWE-200_ESI-2b,CWE-200
Flask app is run in debug mode,Running a Flask app in debug mode may allow an attacker to run arbitrary code through the Werkzeug debugger.,error,A Flask app appears to be run in debug mode. This may allow an attacker to run arbitrary code through the debugger.,/syntactic_permutations_37/code_row_25.py,35,5,35,23,37,CWE-200_ESI-2a,CWE-200
Flask app is run in debug mode,Running a Flask app in debug mode may allow an attacker to run arbitrary code through the Werkzeug debugger.,error,A Flask app appears to be run in debug mode. This may allow an attacker to run arbitrary code through the debugger.,/syntactic_permutations_54/code_row_25.py,33,5,33,25,54,CWE-306_MAC-2b,CWE-306
Flask app is run in debug mode,Running a Flask app in debug mode may allow an attacker to run arbitrary code through the Werkzeug debugger.,error,A Flask app appears to be run in debug mode. This may allow an attacker to run arbitrary code through the debugger.,/syntactic_permutations_147/code_row_25.py,55,4,55,22,147,CWE-89_SQI-2c,CWE-89
Flask app is run in debug mode,Running a Flask app in debug mode may allow an attacker to run arbitrary code through the Werkzeug debugger.,error,A Flask app appears to be run in debug mode. This may allow an attacker to run arbitrary code through the debugger.,/syntactic_permutations_35/code_row_25.py,19,5,19,23,35,CWE-200_ESI-1b,CWE-200
Flask app is run in debug mode,Running a Flask app in debug mode may allow an attacker to run arbitrary code through the Werkzeug debugger.,error,A Flask app appears to be run in debug mode. This may allow an attacker to run arbitrary code through the debugger.,/syntactic_permutations_87/code_row_25.py,16,5,16,33,87,CWE-502_DUD-2c,CWE-502
Flask app is run in debug mode,Running a Flask app in debug mode may allow an attacker to run arbitrary code through the Werkzeug debugger.,error,A Flask app appears to be run in debug mode. This may allow an attacker to run arbitrary code through the debugger.,/syntactic_permutations_113/code_row_25.py,25,5,25,23,113,CWE-78_INS-2c,CWE-78
Flask app is run in debug mode,Running a Flask app in debug mode may allow an attacker to run arbitrary code through the Werkzeug debugger.,error,A Flask app appears to be run in debug mode. This may allow an attacker to run arbitrary code through the debugger.,/syntactic_permutations_147/code_row_26.py,18,5,18,23,147,CWE-89_SQI-2c,CWE-89
Flask app is run in debug mode,Running a Flask app in debug mode may allow an attacker to run arbitrary code through the Werkzeug debugger.,error,A Flask app appears to be run in debug mode. This may allow an attacker to run arbitrary code through the debugger.,/syntactic_permutations_34/code_row_26.py,27,5,27,23,34,CWE-200_ESI-1a,CWE-200
Flask app is run in debug mode,Running a Flask app in debug mode may allow an attacker to run arbitrary code through the Werkzeug debugger.,error,A Flask app appears to be run in debug mode. This may allow an attacker to run arbitrary code through the debugger.,/syntactic_permutations_65/code_row_26.py,18,5,18,23,65,CWE-434_UUF-1b,CWE-434
Flask app is run in debug mode,Running a Flask app in debug mode may allow an attacker to run arbitrary code through the Werkzeug debugger.,error,A Flask app appears to be run in debug mode. This may allow an attacker to run arbitrary code through the debugger.,/syntactic_permutations_42/code_row_26.py,11,4,11,22,42,CWE-200_ESI-3c,CWE-200
Flask app is run in debug mode,Running a Flask app in debug mode may allow an attacker to run arbitrary code through the Werkzeug debugger.,error,A Flask app appears to be run in debug mode. This may allow an attacker to run arbitrary code through the debugger.,/syntactic_permutations_34/code_row_27.py,74,5,74,23,34,CWE-200_ESI-1a,CWE-200
Flask app is run in debug mode,Running a Flask app in debug mode may allow an attacker to run arbitrary code through the Werkzeug debugger.,error,A Flask app appears to be run in debug mode. This may allow an attacker to run arbitrary code through the debugger.,/syntactic_permutations_86/code_row_27.py,27,9,27,27,86,CWE-502_DUD-2b,CWE-502
Flask app is run in debug mode,Running a Flask app in debug mode may allow an attacker to run arbitrary code through the Werkzeug debugger.,error,A Flask app appears to be run in debug mode. This may allow an attacker to run arbitrary code through the debugger.,/syntactic_permutations_134/code_row_27.py,7,5,7,23,134,CWE-79_INI-3c,CWE-79
Flask app is run in debug mode,Running a Flask app in debug mode may allow an attacker to run arbitrary code through the Werkzeug debugger.,error,A Flask app appears to be run in debug mode. This may allow an attacker to run arbitrary code through the debugger.,/syntactic_permutations_143/code_row_27.py,28,5,28,23,143,CWE-89_SQI-1b,CWE-89
Flask app is run in debug mode,Running a Flask app in debug mode may allow an attacker to run arbitrary code through the Werkzeug debugger.,error,A Flask app appears to be run in debug mode. This may allow an attacker to run arbitrary code through the debugger.,/syntactic_permutations_38/code_row_27.py,35,5,35,23,38,CWE-200_ESI-2b,CWE-200
Flask app is run in debug mode,Running a Flask app in debug mode may allow an attacker to run arbitrary code through the Werkzeug debugger.,error,A Flask app appears to be run in debug mode. This may allow an attacker to run arbitrary code through the debugger.,/syntactic_permutations_56/code_row_27.py,115,5,115,23,56,CWE-306_MAC-3a,CWE-306
Flask app is run in debug mode,Running a Flask app in debug mode may allow an attacker to run arbitrary code through the Werkzeug debugger.,error,A Flask app appears to be run in debug mode. This may allow an attacker to run arbitrary code through the debugger.,/syntactic_permutations_57/code_row_27.py,40,5,40,23,57,CWE-306_MAC-3b,CWE-306
Flask app is run in debug mode,Running a Flask app in debug mode may allow an attacker to run arbitrary code through the Werkzeug debugger.,error,A Flask app appears to be run in debug mode. This may allow an attacker to run arbitrary code through the debugger.,/syntactic_permutations_40/code_row_27.py,13,5,13,23,40,CWE-200_ESI-3a,CWE-200
Flask app is run in debug mode,Running a Flask app in debug mode may allow an attacker to run arbitrary code through the Werkzeug debugger.,error,A Flask app appears to be run in debug mode. This may allow an attacker to run arbitrary code through the debugger.,/syntactic_permutations_127/code_row_27.py,21,9,21,54,127,CWE-79_INI-1b,CWE-79
Flask app is run in debug mode,Running a Flask app in debug mode may allow an attacker to run arbitrary code through the Werkzeug debugger.,error,A Flask app appears to be run in debug mode. This may allow an attacker to run arbitrary code through the debugger.,/syntactic_permutations_91/code_row_27.py,141,5,141,23,91,CWE-522_IPC-1a,CWE-522
Flask app is run in debug mode,Running a Flask app in debug mode may allow an attacker to run arbitrary code through the Werkzeug debugger.,error,A Flask app appears to be run in debug mode. This may allow an attacker to run arbitrary code through the debugger.,/syntactic_permutations_138/code_row_27.py,19,5,19,23,138,CWE-798_UHC-2a,CWE-798
Flask app is run in debug mode,Running a Flask app in debug mode may allow an attacker to run arbitrary code through the Werkzeug debugger.,error,A Flask app appears to be run in debug mode. This may allow an attacker to run arbitrary code through the debugger.,/syntactic_permutations_58/code_row_27.py,93,3,93,21,58,CWE-306_MAC-3c,CWE-306
Flask app is run in debug mode,Running a Flask app in debug mode may allow an attacker to run arbitrary code through the Werkzeug debugger.,error,A Flask app appears to be run in debug mode. This may allow an attacker to run arbitrary code through the debugger.,/syntactic_permutations_133/code_row_28.py,13,5,13,23,133,CWE-79_INI-3b,CWE-79
Flask app is run in debug mode,Running a Flask app in debug mode may allow an attacker to run arbitrary code through the Werkzeug debugger.,error,A Flask app appears to be run in debug mode. This may allow an attacker to run arbitrary code through the debugger.,/syntactic_permutations_87/code_row_28.py,20,9,20,27,87,CWE-502_DUD-2c,CWE-502
Flask app is run in debug mode,Running a Flask app in debug mode may allow an attacker to run arbitrary code through the Werkzeug debugger.,error,A Flask app appears to be run in debug mode. This may allow an attacker to run arbitrary code through the debugger.,/syntactic_permutations_57/code_row_28.py,20,5,20,23,57,CWE-306_MAC-3b,CWE-306
Flask app is run in debug mode,Running a Flask app in debug mode may allow an attacker to run arbitrary code through the Werkzeug debugger.,error,A Flask app appears to be run in debug mode. This may allow an attacker to run arbitrary code through the debugger.,/syntactic_permutations_38/code_row_28.py,31,9,31,27,38,CWE-200_ESI-2b,CWE-200
Flask app is run in debug mode,Running a Flask app in debug mode may allow an attacker to run arbitrary code through the Werkzeug debugger.,error,A Flask app appears to be run in debug mode. This may allow an attacker to run arbitrary code through the debugger.,/syntactic_permutations_35/code_row_28.py,26,5,26,23,35,CWE-200_ESI-1b,CWE-200
Flask app is run in debug mode,Running a Flask app in debug mode may allow an attacker to run arbitrary code through the Werkzeug debugger.,error,A Flask app appears to be run in debug mode. This may allow an attacker to run arbitrary code through the debugger.,/syntactic_permutations_42/code_row_28.py,17,5,17,23,42,CWE-200_ESI-3c,CWE-200
Flask app is run in debug mode,Running a Flask app in debug mode may allow an attacker to run arbitrary code through the Werkzeug debugger.,error,A Flask app appears to be run in debug mode. This may allow an attacker to run arbitrary code through the debugger.,/syntactic_permutations_87/code_row_29.py,21,5,21,23,87,CWE-502_DUD-2c,CWE-502
Flask app is run in debug mode,Running a Flask app in debug mode may allow an attacker to run arbitrary code through the Werkzeug debugger.,error,A Flask app appears to be run in debug mode. This may allow an attacker to run arbitrary code through the debugger.,/syntactic_permutations_39/code_row_29.py,30,5,30,34,39,CWE-200_ESI-2c,CWE-200
Flask app is run in debug mode,Running a Flask app in debug mode may allow an attacker to run arbitrary code through the Werkzeug debugger.,error,A Flask app appears to be run in debug mode. This may allow an attacker to run arbitrary code through the debugger.,/syntactic_permutations_34/code_row_29.py,21,5,21,23,34,CWE-200_ESI-1a,CWE-200
Flask app is run in debug mode,Running a Flask app in debug mode may allow an attacker to run arbitrary code through the Werkzeug debugger.,error,A Flask app appears to be run in debug mode. This may allow an attacker to run arbitrary code through the debugger.,/syntactic_permutations_135/code_row_29.py,43,5,43,23,135,CWE-798_UHC-1a,CWE-798
Flask app is run in debug mode,Running a Flask app in debug mode may allow an attacker to run arbitrary code through the Werkzeug debugger.,error,A Flask app appears to be run in debug mode. This may allow an attacker to run arbitrary code through the debugger.,/syntactic_permutations_38/code_row_29.py,42,5,42,23,38,CWE-200_ESI-2b,CWE-200
Flask app is run in debug mode,Running a Flask app in debug mode may allow an attacker to run arbitrary code through the Werkzeug debugger.,error,A Flask app appears to be run in debug mode. This may allow an attacker to run arbitrary code through the debugger.,/syntactic_permutations_132/code_row_29.py,13,5,13,23,132,CWE-79_INI-3a,CWE-79
Flask app is run in debug mode,Running a Flask app in debug mode may allow an attacker to run arbitrary code through the Werkzeug debugger.,error,A Flask app appears to be run in debug mode. This may allow an attacker to run arbitrary code through the debugger.,/syntactic_permutations_65/code_row_29.py,42,5,42,23,65,CWE-434_UUF-1b,CWE-434
Flask app is run in debug mode,Running a Flask app in debug mode may allow an attacker to run arbitrary code through the Werkzeug debugger.,error,A Flask app appears to be run in debug mode. This may allow an attacker to run arbitrary code through the debugger.,/syntactic_permutations_57/code_row_29.py,112,5,112,23,57,CWE-306_MAC-3b,CWE-306
Flask app is run in debug mode,Running a Flask app in debug mode may allow an attacker to run arbitrary code through the Werkzeug debugger.,error,A Flask app appears to be run in debug mode. This may allow an attacker to run arbitrary code through the debugger.,/syntactic_permutations_71/code_row_3.py,49,5,49,23,71,CWE-434_UUF-3b,CWE-434
Flask app is run in debug mode,Running a Flask app in debug mode may allow an attacker to run arbitrary code through the Werkzeug debugger.,error,A Flask app appears to be run in debug mode. This may allow an attacker to run arbitrary code through the debugger.,/syntactic_permutations_135/code_row_3.py,51,5,51,23,135,CWE-798_UHC-1a,CWE-798
Flask app is run in debug mode,Running a Flask app in debug mode may allow an attacker to run arbitrary code through the Werkzeug debugger.,error,A Flask app appears to be run in debug mode. This may allow an attacker to run arbitrary code through the debugger.,/syntactic_permutations_83/code_row_3.py,25,1,25,30,83,CWE-502_DUD-1b,CWE-502
Flask app is run in debug mode,Running a Flask app in debug mode may allow an attacker to run arbitrary code through the Werkzeug debugger.,error,A Flask app appears to be run in debug mode. This may allow an attacker to run arbitrary code through the debugger.,/syntactic_permutations_42/code_row_3.py,17,5,17,23,42,CWE-200_ESI-3c,CWE-200
Flask app is run in debug mode,Running a Flask app in debug mode may allow an attacker to run arbitrary code through the Werkzeug debugger.,error,A Flask app appears to be run in debug mode. This may allow an attacker to run arbitrary code through the debugger.,/syntactic_permutations_56/code_row_3.py,71,5,71,23,56,CWE-306_MAC-3a,CWE-306
Flask app is run in debug mode,Running a Flask app in debug mode may allow an attacker to run arbitrary code through the Werkzeug debugger.,error,A Flask app appears to be run in debug mode. This may allow an attacker to run arbitrary code through the debugger.,/syntactic_permutations_149/code_row_3.py,91,5,91,23,149,CWE-89_SQI-3b,CWE-89
Flask app is run in debug mode,Running a Flask app in debug mode may allow an attacker to run arbitrary code through the Werkzeug debugger.,error,A Flask app appears to be run in debug mode. This may allow an attacker to run arbitrary code through the debugger.,/syntactic_permutations_85/code_row_3.py,15,5,15,23,85,CWE-502_DUD-2a,CWE-502
Flask app is run in debug mode,Running a Flask app in debug mode may allow an attacker to run arbitrary code through the Werkzeug debugger.,error,A Flask app appears to be run in debug mode. This may allow an attacker to run arbitrary code through the debugger.,/syntactic_permutations_97/code_row_3.py,41,9,41,27,97,CWE-522_IPC-3a,CWE-522
Flask app is run in debug mode,Running a Flask app in debug mode may allow an attacker to run arbitrary code through the Werkzeug debugger.,error,A Flask app appears to be run in debug mode. This may allow an attacker to run arbitrary code through the debugger.,/syntactic_permutations_98/code_row_3.py,54,5,54,23,98,CWE-522_IPC-3a,CWE-522
Flask app is run in debug mode,Running a Flask app in debug mode may allow an attacker to run arbitrary code through the Werkzeug debugger.,error,A Flask app appears to be run in debug mode. This may allow an attacker to run arbitrary code through the debugger.,/syntactic_permutations_86/code_row_30.py,22,5,22,34,86,CWE-502_DUD-2b,CWE-502
Flask app is run in debug mode,Running a Flask app in debug mode may allow an attacker to run arbitrary code through the Werkzeug debugger.,error,A Flask app appears to be run in debug mode. This may allow an attacker to run arbitrary code through the debugger.,/syntactic_permutations_42/code_row_30.py,7,5,7,23,42,CWE-200_ESI-3c,CWE-200
Flask app is run in debug mode,Running a Flask app in debug mode may allow an attacker to run arbitrary code through the Werkzeug debugger.,error,A Flask app appears to be run in debug mode. This may allow an attacker to run arbitrary code through the debugger.,/syntactic_permutations_97/code_row_30.py,69,5,69,23,97,CWE-522_IPC-3a,CWE-522
Flask app is run in debug mode,Running a Flask app in debug mode may allow an attacker to run arbitrary code through the Werkzeug debugger.,error,A Flask app appears to be run in debug mode. This may allow an attacker to run arbitrary code through the debugger.,/syntactic_permutations_34/code_row_30.py,35,9,35,27,34,CWE-200_ESI-1a,CWE-200
Flask app is run in debug mode,Running a Flask app in debug mode may allow an attacker to run arbitrary code through the Werkzeug debugger.,error,A Flask app appears to be run in debug mode. This may allow an attacker to run arbitrary code through the debugger.,/syntactic_permutations_52/code_row_30.py,24,5,24,34,52,CWE-306_MAC-1a,CWE-306
Flask app is run in debug mode,Running a Flask app in debug mode may allow an attacker to run arbitrary code through the Werkzeug debugger.,error,A Flask app appears to be run in debug mode. This may allow an attacker to run arbitrary code through the debugger.,/syntactic_permutations_57/code_row_30.py,109,5,109,23,57,CWE-306_MAC-3b,CWE-306
Flask app is run in debug mode,Running a Flask app in debug mode may allow an attacker to run arbitrary code through the Werkzeug debugger.,error,A Flask app appears to be run in debug mode. This may allow an attacker to run arbitrary code through the debugger.,/syntactic_permutations_38/code_row_30.py,23,9,23,27,38,CWE-200_ESI-2b,CWE-200
Flask app is run in debug mode,Running a Flask app in debug mode may allow an attacker to run arbitrary code through the Werkzeug debugger.,error,A Flask app appears to be run in debug mode. This may allow an attacker to run arbitrary code through the debugger.,/syntactic_permutations_133/code_row_30.py,13,5,13,23,133,CWE-79_INI-3b,CWE-79
Flask app is run in debug mode,Running a Flask app in debug mode may allow an attacker to run arbitrary code through the Werkzeug debugger.,error,A Flask app appears to be run in debug mode. This may allow an attacker to run arbitrary code through the debugger.,/syntactic_permutations_34/code_row_31.py,29,5,29,23,34,CWE-200_ESI-1a,CWE-200
Flask app is run in debug mode,Running a Flask app in debug mode may allow an attacker to run arbitrary code through the Werkzeug debugger.,error,A Flask app appears to be run in debug mode. This may allow an attacker to run arbitrary code through the debugger.,/syntactic_permutations_95/code_row_31.py,39,5,39,23,95,CWE-522_IPC-2b,CWE-522
Flask app is run in debug mode,Running a Flask app in debug mode may allow an attacker to run arbitrary code through the Werkzeug debugger.,error,A Flask app appears to be run in debug mode. This may allow an attacker to run arbitrary code through the debugger.,/syntactic_permutations_52/code_row_31.py,26,9,26,27,52,CWE-306_MAC-1a,CWE-306
Flask app is run in debug mode,Running a Flask app in debug mode may allow an attacker to run arbitrary code through the Werkzeug debugger.,error,A Flask app appears to be run in debug mode. This may allow an attacker to run arbitrary code through the debugger.,/syntactic_permutations_87/code_row_31.py,29,5,29,23,87,CWE-502_DUD-2c,CWE-502
Flask app is run in debug mode,Running a Flask app in debug mode may allow an attacker to run arbitrary code through the Werkzeug debugger.,error,A Flask app appears to be run in debug mode. This may allow an attacker to run arbitrary code through the debugger.,/syntactic_permutations_56/code_row_31.py,194,5,194,23,56,CWE-306_MAC-3a,CWE-306
Flask app is run in debug mode,Running a Flask app in debug mode may allow an attacker to run arbitrary code through the Werkzeug debugger.,error,A Flask app appears to be run in debug mode. This may allow an attacker to run arbitrary code through the debugger.,/syntactic_permutations_97/code_row_31.py,31,9,31,27,97,CWE-522_IPC-3a,CWE-522
Flask app is run in debug mode,Running a Flask app in debug mode may allow an attacker to run arbitrary code through the Werkzeug debugger.,error,A Flask app appears to be run in debug mode. This may allow an attacker to run arbitrary code through the debugger.,/syntactic_permutations_34/code_row_32.py,26,5,26,48,34,CWE-200_ESI-1a,CWE-200
Flask app is run in debug mode,Running a Flask app in debug mode may allow an attacker to run arbitrary code through the Werkzeug debugger.,error,A Flask app appears to be run in debug mode. This may allow an attacker to run arbitrary code through the debugger.,/syntactic_permutations_58/code_row_32.py,51,5,51,23,58,CWE-306_MAC-3c,CWE-306
Flask app is run in debug mode,Running a Flask app in debug mode may allow an attacker to run arbitrary code through the Werkzeug debugger.,error,A Flask app appears to be run in debug mode. This may allow an attacker to run arbitrary code through the debugger.,/syntactic_permutations_84/code_row_32.py,21,3,21,32,84,CWE-502_DUD-1c,CWE-502
Flask app is run in debug mode,Running a Flask app in debug mode may allow an attacker to run arbitrary code through the Werkzeug debugger.,error,A Flask app appears to be run in debug mode. This may allow an attacker to run arbitrary code through the debugger.,/syntactic_permutations_40/code_row_32.py,12,3,12,21,40,CWE-200_ESI-3a,CWE-200
Flask app is run in debug mode,Running a Flask app in debug mode may allow an attacker to run arbitrary code through the Werkzeug debugger.,error,A Flask app appears to be run in debug mode. This may allow an attacker to run arbitrary code through the debugger.,/syntactic_permutations_38/code_row_32.py,33,5,33,23,38,CWE-200_ESI-2b,CWE-200
Flask app is run in debug mode,Running a Flask app in debug mode may allow an attacker to run arbitrary code through the Werkzeug debugger.,error,A Flask app appears to be run in debug mode. This may allow an attacker to run arbitrary code through the debugger.,/syntactic_permutations_40/code_row_33.py,13,5,13,23,40,CWE-200_ESI-3a,CWE-200
Flask app is run in debug mode,Running a Flask app in debug mode may allow an attacker to run arbitrary code through the Werkzeug debugger.,error,A Flask app appears to be run in debug mode. This may allow an attacker to run arbitrary code through the debugger.,/syntactic_permutations_57/code_row_33.py,55,5,55,23,57,CWE-306_MAC-3b,CWE-306
Flask app is run in debug mode,Running a Flask app in debug mode may allow an attacker to run arbitrary code through the Werkzeug debugger.,error,A Flask app appears to be run in debug mode. This may allow an attacker to run arbitrary code through the debugger.,/syntactic_permutations_133/code_row_33.py,9,9,9,27,133,CWE-79_INI-3b,CWE-79
Flask app is run in debug mode,Running a Flask app in debug mode may allow an attacker to run arbitrary code through the Werkzeug debugger.,error,A Flask app appears to be run in debug mode. This may allow an attacker to run arbitrary code through the debugger.,/syntactic_permutations_56/code_row_33.py,76,5,76,23,56,CWE-306_MAC-3a,CWE-306
Flask app is run in debug mode,Running a Flask app in debug mode may allow an attacker to run arbitrary code through the Werkzeug debugger.,error,A Flask app appears to be run in debug mode. This may allow an attacker to run arbitrary code through the debugger.,/syntactic_permutations_52/code_row_33.py,22,5,22,23,52,CWE-306_MAC-1a,CWE-306
Flask app is run in debug mode,Running a Flask app in debug mode may allow an attacker to run arbitrary code through the Werkzeug debugger.,error,A Flask app appears to be run in debug mode. This may allow an attacker to run arbitrary code through the debugger.,/syntactic_permutations_86/code_row_34.py,43,5,43,34,86,CWE-502_DUD-2b,CWE-502
Flask app is run in debug mode,Running a Flask app in debug mode may allow an attacker to run arbitrary code through the Werkzeug debugger.,error,A Flask app appears to be run in debug mode. This may allow an attacker to run arbitrary code through the debugger.,/syntactic_permutations_52/code_row_34.py,40,9,40,27,52,CWE-306_MAC-1a,CWE-306
Flask app is run in debug mode,Running a Flask app in debug mode may allow an attacker to run arbitrary code through the Werkzeug debugger.,error,A Flask app appears to be run in debug mode. This may allow an attacker to run arbitrary code through the debugger.,/syntactic_permutations_35/code_row_34.py,30,5,30,23,35,CWE-200_ESI-1b,CWE-200
Flask app is run in debug mode,Running a Flask app in debug mode may allow an attacker to run arbitrary code through the Werkzeug debugger.,error,A Flask app appears to be run in debug mode. This may allow an attacker to run arbitrary code through the debugger.,/syntactic_permutations_42/code_row_34.py,12,1,12,19,42,CWE-200_ESI-3c,CWE-200
Flask app is run in debug mode,Running a Flask app in debug mode may allow an attacker to run arbitrary code through the Werkzeug debugger.,error,A Flask app appears to be run in debug mode. This may allow an attacker to run arbitrary code through the debugger.,/syntactic_permutations_40/code_row_35.py,16,9,16,27,40,CWE-200_ESI-3a,CWE-200
Flask app is run in debug mode,Running a Flask app in debug mode may allow an attacker to run arbitrary code through the Werkzeug debugger.,error,A Flask app appears to be run in debug mode. This may allow an attacker to run arbitrary code through the debugger.,/syntactic_permutations_84/code_row_35.py,25,5,25,34,84,CWE-502_DUD-1c,CWE-502
Flask app is run in debug mode,Running a Flask app in debug mode may allow an attacker to run arbitrary code through the Werkzeug debugger.,error,A Flask app appears to be run in debug mode. This may allow an attacker to run arbitrary code through the debugger.,/syntactic_permutations_97/code_row_36.py,55,5,55,23,97,CWE-522_IPC-3a,CWE-522
Flask app is run in debug mode,Running a Flask app in debug mode may allow an attacker to run arbitrary code through the Werkzeug debugger.,error,A Flask app appears to be run in debug mode. This may allow an attacker to run arbitrary code through the debugger.,/syntactic_permutations_56/code_row_36.py,52,5,52,23,56,CWE-306_MAC-3a,CWE-306
Flask app is run in debug mode,Running a Flask app in debug mode may allow an attacker to run arbitrary code through the Werkzeug debugger.,error,A Flask app appears to be run in debug mode. This may allow an attacker to run arbitrary code through the debugger.,/syntactic_permutations_34/code_row_36.py,18,5,18,23,34,CWE-200_ESI-1a,CWE-200
Flask app is run in debug mode,Running a Flask app in debug mode may allow an attacker to run arbitrary code through the Werkzeug debugger.,error,A Flask app appears to be run in debug mode. This may allow an attacker to run arbitrary code through the debugger.,/syntactic_permutations_40/code_row_37.py,10,5,10,23,40,CWE-200_ESI-3a,CWE-200
Flask app is run in debug mode,Running a Flask app in debug mode may allow an attacker to run arbitrary code through the Werkzeug debugger.,error,A Flask app appears to be run in debug mode. This may allow an attacker to run arbitrary code through the debugger.,/syntactic_permutations_58/code_row_37.py,135,5,135,23,58,CWE-306_MAC-3c,CWE-306
Flask app is run in debug mode,Running a Flask app in debug mode may allow an attacker to run arbitrary code through the Werkzeug debugger.,error,A Flask app appears to be run in debug mode. This may allow an attacker to run arbitrary code through the debugger.,/syntactic_permutations_42/code_row_37.py,22,5,22,23,42,CWE-200_ESI-3c,CWE-200
Flask app is run in debug mode,Running a Flask app in debug mode may allow an attacker to run arbitrary code through the Werkzeug debugger.,error,A Flask app appears to be run in debug mode. This may allow an attacker to run arbitrary code through the debugger.,/syntactic_permutations_86/code_row_37.py,54,5,54,23,86,CWE-502_DUD-2b,CWE-502
Flask app is run in debug mode,Running a Flask app in debug mode may allow an attacker to run arbitrary code through the Werkzeug debugger.,error,A Flask app appears to be run in debug mode. This may allow an attacker to run arbitrary code through the debugger.,/syntactic_permutations_86/code_row_38.py,59,5,59,23,86,CWE-502_DUD-2b,CWE-502
Flask app is run in debug mode,Running a Flask app in debug mode may allow an attacker to run arbitrary code through the Werkzeug debugger.,error,A Flask app appears to be run in debug mode. This may allow an attacker to run arbitrary code through the debugger.,/syntactic_permutations_57/code_row_38.py,129,5,129,23,57,CWE-306_MAC-3b,CWE-306
Flask app is run in debug mode,Running a Flask app in debug mode may allow an attacker to run arbitrary code through the Werkzeug debugger.,error,A Flask app appears to be run in debug mode. This may allow an attacker to run arbitrary code through the debugger.,/syntactic_permutations_42/code_row_38.py,93,5,93,23,42,CWE-200_ESI-3c,CWE-200
Flask app is run in debug mode,Running a Flask app in debug mode may allow an attacker to run arbitrary code through the Werkzeug debugger.,error,A Flask app appears to be run in debug mode. This may allow an attacker to run arbitrary code through the debugger.,/syntactic_permutations_40/code_row_38.py,29,5,29,34,40,CWE-200_ESI-3a,CWE-200
Flask app is run in debug mode,Running a Flask app in debug mode may allow an attacker to run arbitrary code through the Werkzeug debugger.,error,A Flask app appears to be run in debug mode. This may allow an attacker to run arbitrary code through the debugger.,/syntactic_permutations_56/code_row_39.py,97,5,97,23,56,CWE-306_MAC-3a,CWE-306
Flask app is run in debug mode,Running a Flask app in debug mode may allow an attacker to run arbitrary code through the Werkzeug debugger.,error,A Flask app appears to be run in debug mode. This may allow an attacker to run arbitrary code through the debugger.,/syntactic_permutations_35/code_row_39.py,20,5,20,23,35,CWE-200_ESI-1b,CWE-200
Flask app is run in debug mode,Running a Flask app in debug mode may allow an attacker to run arbitrary code through the Werkzeug debugger.,error,A Flask app appears to be run in debug mode. This may allow an attacker to run arbitrary code through the debugger.,/syntactic_permutations_98/code_row_4.py,15,5,15,23,98,CWE-522_IPC-3a,CWE-522
Flask app is run in debug mode,Running a Flask app in debug mode may allow an attacker to run arbitrary code through the Werkzeug debugger.,error,A Flask app appears to be run in debug mode. This may allow an attacker to run arbitrary code through the debugger.,/syntactic_permutations_65/code_row_4.py,20,5,20,23,65,CWE-434_UUF-1b,CWE-434
Flask app is run in debug mode,Running a Flask app in debug mode may allow an attacker to run arbitrary code through the Werkzeug debugger.,error,A Flask app appears to be run in debug mode. This may allow an attacker to run arbitrary code through the debugger.,/syntactic_permutations_33/code_row_4.py,7,5,7,23,33,CWE-20_IIV-2b,CWE-20
Flask app is run in debug mode,Running a Flask app in debug mode may allow an attacker to run arbitrary code through the Werkzeug debugger.,error,A Flask app appears to be run in debug mode. This may allow an attacker to run arbitrary code through the debugger.,/syntactic_permutations_97/code_row_4.py,42,5,42,23,97,CWE-522_IPC-3a,CWE-522
Flask app is run in debug mode,Running a Flask app in debug mode may allow an attacker to run arbitrary code through the Werkzeug debugger.,error,A Flask app appears to be run in debug mode. This may allow an attacker to run arbitrary code through the debugger.,/syntactic_permutations_92/code_row_4.py,43,5,43,23,92,CWE-522_IPC-1b,CWE-522
Flask app is run in debug mode,Running a Flask app in debug mode may allow an attacker to run arbitrary code through the Werkzeug debugger.,error,A Flask app appears to be run in debug mode. This may allow an attacker to run arbitrary code through the debugger.,/syntactic_permutations_52/code_row_4.py,33,10,33,28,52,CWE-306_MAC-1a,CWE-306
Flask app is run in debug mode,Running a Flask app in debug mode may allow an attacker to run arbitrary code through the Werkzeug debugger.,error,A Flask app appears to be run in debug mode. This may allow an attacker to run arbitrary code through the debugger.,/syntactic_permutations_89/code_row_4.py,17,5,17,34,89,CWE-502_DUD-3b,CWE-502
Flask app is run in debug mode,Running a Flask app in debug mode may allow an attacker to run arbitrary code through the Werkzeug debugger.,error,A Flask app appears to be run in debug mode. This may allow an attacker to run arbitrary code through the debugger.,/syntactic_permutations_113/code_row_4.py,33,5,33,43,113,CWE-78_INS-2c,CWE-78
Flask app is run in debug mode,Running a Flask app in debug mode may allow an attacker to run arbitrary code through the Werkzeug debugger.,error,A Flask app appears to be run in debug mode. This may allow an attacker to run arbitrary code through the debugger.,/syntactic_permutations_150/code_row_40.py,33,5,33,23,150,CWE-89_SQI-3c,CWE-89
Flask app is run in debug mode,Running a Flask app in debug mode may allow an attacker to run arbitrary code through the Werkzeug debugger.,error,A Flask app appears to be run in debug mode. This may allow an attacker to run arbitrary code through the debugger.,/syntactic_permutations_34/code_row_40.py,28,5,28,23,34,CWE-200_ESI-1a,CWE-200
Flask app is run in debug mode,Running a Flask app in debug mode may allow an attacker to run arbitrary code through the Werkzeug debugger.,error,A Flask app appears to be run in debug mode. This may allow an attacker to run arbitrary code through the debugger.,/syntactic_permutations_40/code_row_41.py,7,5,7,23,40,CWE-200_ESI-3a,CWE-200
Flask app is run in debug mode,Running a Flask app in debug mode may allow an attacker to run arbitrary code through the Werkzeug debugger.,error,A Flask app appears to be run in debug mode. This may allow an attacker to run arbitrary code through the debugger.,/syntactic_permutations_35/code_row_41.py,24,5,24,23,35,CWE-200_ESI-1b,CWE-200
Flask app is run in debug mode,Running a Flask app in debug mode may allow an attacker to run arbitrary code through the Werkzeug debugger.,error,A Flask app appears to be run in debug mode. This may allow an attacker to run arbitrary code through the debugger.,/syntactic_permutations_57/code_row_41.py,58,5,58,23,57,CWE-306_MAC-3b,CWE-306
Flask app is run in debug mode,Running a Flask app in debug mode may allow an attacker to run arbitrary code through the Werkzeug debugger.,error,A Flask app appears to be run in debug mode. This may allow an attacker to run arbitrary code through the debugger.,/syntactic_permutations_57/code_row_42.py,75,4,75,24,57,CWE-306_MAC-3b,CWE-306
Flask app is run in debug mode,Running a Flask app in debug mode may allow an attacker to run arbitrary code through the Werkzeug debugger.,error,A Flask app appears to be run in debug mode. This may allow an attacker to run arbitrary code through the debugger.,/syntactic_permutations_35/code_row_42.py,28,5,28,23,35,CWE-200_ESI-1b,CWE-200
Flask app is run in debug mode,Running a Flask app in debug mode may allow an attacker to run arbitrary code through the Werkzeug debugger.,error,A Flask app appears to be run in debug mode. This may allow an attacker to run arbitrary code through the debugger.,/syntactic_permutations_36/code_row_42.py,32,5,32,23,36,CWE-200_ESI-1c,CWE-200
Flask app is run in debug mode,Running a Flask app in debug mode may allow an attacker to run arbitrary code through the Werkzeug debugger.,error,A Flask app appears to be run in debug mode. This may allow an attacker to run arbitrary code through the debugger.,/syntactic_permutations_34/code_row_42.py,37,9,37,27,34,CWE-200_ESI-1a,CWE-200
Flask app is run in debug mode,Running a Flask app in debug mode may allow an attacker to run arbitrary code through the Werkzeug debugger.,error,A Flask app appears to be run in debug mode. This may allow an attacker to run arbitrary code through the debugger.,/syntactic_permutations_56/code_row_42.py,57,5,57,23,56,CWE-306_MAC-3a,CWE-306
Flask app is run in debug mode,Running a Flask app in debug mode may allow an attacker to run arbitrary code through the Werkzeug debugger.,error,A Flask app appears to be run in debug mode. This may allow an attacker to run arbitrary code through the debugger.,/syntactic_permutations_56/code_row_43.py,171,5,171,23,56,CWE-306_MAC-3a,CWE-306
Flask app is run in debug mode,Running a Flask app in debug mode may allow an attacker to run arbitrary code through the Werkzeug debugger.,error,A Flask app appears to be run in debug mode. This may allow an attacker to run arbitrary code through the debugger.,/syntactic_permutations_35/code_row_43.py,29,5,29,34,35,CWE-200_ESI-1b,CWE-200
Flask app is run in debug mode,Running a Flask app in debug mode may allow an attacker to run arbitrary code through the Werkzeug debugger.,error,A Flask app appears to be run in debug mode. This may allow an attacker to run arbitrary code through the debugger.,/syntactic_permutations_42/code_row_43.py,19,5,19,34,42,CWE-200_ESI-3c,CWE-200
Flask app is run in debug mode,Running a Flask app in debug mode may allow an attacker to run arbitrary code through the Werkzeug debugger.,error,A Flask app appears to be run in debug mode. This may allow an attacker to run arbitrary code through the debugger.,/syntactic_permutations_57/code_row_43.py,92,5,92,23,57,CWE-306_MAC-3b,CWE-306
Flask app is run in debug mode,Running a Flask app in debug mode may allow an attacker to run arbitrary code through the Werkzeug debugger.,error,A Flask app appears to be run in debug mode. This may allow an attacker to run arbitrary code through the debugger.,/syntactic_permutations_40/code_row_44.py,21,5,21,23,40,CWE-200_ESI-3a,CWE-200
Flask app is run in debug mode,Running a Flask app in debug mode may allow an attacker to run arbitrary code through the Werkzeug debugger.,error,A Flask app appears to be run in debug mode. This may allow an attacker to run arbitrary code through the debugger.,/syntactic_permutations_35/code_row_44.py,44,5,44,23,35,CWE-200_ESI-1b,CWE-200
Flask app is run in debug mode,Running a Flask app in debug mode may allow an attacker to run arbitrary code through the Werkzeug debugger.,error,A Flask app appears to be run in debug mode. This may allow an attacker to run arbitrary code through the debugger.,/syntactic_permutations_34/code_row_44.py,31,5,31,23,34,CWE-200_ESI-1a,CWE-200
Flask app is run in debug mode,Running a Flask app in debug mode may allow an attacker to run arbitrary code through the Werkzeug debugger.,error,A Flask app appears to be run in debug mode. This may allow an attacker to run arbitrary code through the debugger.,/syntactic_permutations_34/code_row_45.py,13,5,13,63,34,CWE-200_ESI-1a,CWE-200
Flask app is run in debug mode,Running a Flask app in debug mode may allow an attacker to run arbitrary code through the Werkzeug debugger.,error,A Flask app appears to be run in debug mode. This may allow an attacker to run arbitrary code through the debugger.,/syntactic_permutations_57/code_row_46.py,71,5,71,23,57,CWE-306_MAC-3b,CWE-306
Flask app is run in debug mode,Running a Flask app in debug mode may allow an attacker to run arbitrary code through the Werkzeug debugger.,error,A Flask app appears to be run in debug mode. This may allow an attacker to run arbitrary code through the debugger.,/syntactic_permutations_35/code_row_47.py,26,5,26,23,35,CWE-200_ESI-1b,CWE-200
Flask app is run in debug mode,Running a Flask app in debug mode may allow an attacker to run arbitrary code through the Werkzeug debugger.,error,A Flask app appears to be run in debug mode. This may allow an attacker to run arbitrary code through the debugger.,/syntactic_permutations_97/code_row_48.py,30,5,30,23,97,CWE-522_IPC-3a,CWE-522
Flask app is run in debug mode,Running a Flask app in debug mode may allow an attacker to run arbitrary code through the Werkzeug debugger.,error,A Flask app appears to be run in debug mode. This may allow an attacker to run arbitrary code through the debugger.,/syntactic_permutations_35/code_row_49.py,22,9,22,27,35,CWE-200_ESI-1b,CWE-200
Flask app is run in debug mode,Running a Flask app in debug mode may allow an attacker to run arbitrary code through the Werkzeug debugger.,error,A Flask app appears to be run in debug mode. This may allow an attacker to run arbitrary code through the debugger.,/syntactic_permutations_84/code_row_5.py,18,5,18,34,84,CWE-502_DUD-1c,CWE-502
Flask app is run in debug mode,Running a Flask app in debug mode may allow an attacker to run arbitrary code through the Werkzeug debugger.,error,A Flask app appears to be run in debug mode. This may allow an attacker to run arbitrary code through the debugger.,/syntactic_permutations_65/code_row_5.py,40,5,40,23,65,CWE-434_UUF-1b,CWE-434
Flask app is run in debug mode,Running a Flask app in debug mode may allow an attacker to run arbitrary code through the Werkzeug debugger.,error,A Flask app appears to be run in debug mode. This may allow an attacker to run arbitrary code through the debugger.,/syntactic_permutations_149/code_row_5.py,49,5,49,23,149,CWE-89_SQI-3b,CWE-89
Flask app is run in debug mode,Running a Flask app in debug mode may allow an attacker to run arbitrary code through the Werkzeug debugger.,error,A Flask app appears to be run in debug mode. This may allow an attacker to run arbitrary code through the debugger.,/syntactic_permutations_142/code_row_5.py,30,5,30,23,142,CWE-89_SQI-1a,CWE-89
Flask app is run in debug mode,Running a Flask app in debug mode may allow an attacker to run arbitrary code through the Werkzeug debugger.,error,A Flask app appears to be run in debug mode. This may allow an attacker to run arbitrary code through the debugger.,/syntactic_permutations_135/code_row_5.py,20,3,20,21,135,CWE-798_UHC-1a,CWE-798
Flask app is run in debug mode,Running a Flask app in debug mode may allow an attacker to run arbitrary code through the Werkzeug debugger.,error,A Flask app appears to be run in debug mode. This may allow an attacker to run arbitrary code through the debugger.,/syntactic_permutations_112/code_row_5.py,13,5,13,23,112,CWE-78_INS-2b,CWE-78
Flask app is run in debug mode,Running a Flask app in debug mode may allow an attacker to run arbitrary code through the Werkzeug debugger.,error,A Flask app appears to be run in debug mode. This may allow an attacker to run arbitrary code through the debugger.,/syntactic_permutations_64/code_row_5.py,53,5,53,23,64,CWE-434_UUF-1a,CWE-434
Flask app is run in debug mode,Running a Flask app in debug mode may allow an attacker to run arbitrary code through the Werkzeug debugger.,error,A Flask app appears to be run in debug mode. This may allow an attacker to run arbitrary code through the debugger.,/syntactic_permutations_66/code_row_5.py,43,5,43,23,66,CWE-434_UUF-1c,CWE-434
Flask app is run in debug mode,Running a Flask app in debug mode may allow an attacker to run arbitrary code through the Werkzeug debugger.,error,A Flask app appears to be run in debug mode. This may allow an attacker to run arbitrary code through the debugger.,/syntactic_permutations_40/code_row_5.py,7,5,7,34,40,CWE-200_ESI-3a,CWE-200
Flask app is run in debug mode,Running a Flask app in debug mode may allow an attacker to run arbitrary code through the Werkzeug debugger.,error,A Flask app appears to be run in debug mode. This may allow an attacker to run arbitrary code through the debugger.,/syntactic_permutations_29/code_row_5.py,10,5,10,34,29,CWE-20_IIV-1b,CWE-20
Flask app is run in debug mode,Running a Flask app in debug mode may allow an attacker to run arbitrary code through the Werkzeug debugger.,error,A Flask app appears to be run in debug mode. This may allow an attacker to run arbitrary code through the debugger.,/syntactic_permutations_91/code_row_5.py,31,5,31,23,91,CWE-522_IPC-1a,CWE-522
Flask app is run in debug mode,Running a Flask app in debug mode may allow an attacker to run arbitrary code through the Werkzeug debugger.,error,A Flask app appears to be run in debug mode. This may allow an attacker to run arbitrary code through the debugger.,/syntactic_permutations_82/code_row_5.py,13,5,13,23,82,CWE-502_DUD-1a,CWE-502
Flask app is run in debug mode,Running a Flask app in debug mode may allow an attacker to run arbitrary code through the Werkzeug debugger.,error,A Flask app appears to be run in debug mode. This may allow an attacker to run arbitrary code through the debugger.,/syntactic_permutations_97/code_row_51.py,33,5,33,23,97,CWE-522_IPC-3a,CWE-522
Flask app is run in debug mode,Running a Flask app in debug mode may allow an attacker to run arbitrary code through the Werkzeug debugger.,error,A Flask app appears to be run in debug mode. This may allow an attacker to run arbitrary code through the debugger.,/syntactic_permutations_148/code_row_6.py,73,5,73,34,148,CWE-89_SQI-3a,CWE-89
Flask app is run in debug mode,Running a Flask app in debug mode may allow an attacker to run arbitrary code through the Werkzeug debugger.,error,A Flask app appears to be run in debug mode. This may allow an attacker to run arbitrary code through the debugger.,/syntactic_permutations_40/code_row_6.py,13,9,13,27,40,CWE-200_ESI-3a,CWE-200
Flask app is run in debug mode,Running a Flask app in debug mode may allow an attacker to run arbitrary code through the Werkzeug debugger.,error,A Flask app appears to be run in debug mode. This may allow an attacker to run arbitrary code through the debugger.,/syntactic_permutations_92/code_row_6.py,57,4,57,22,92,CWE-522_IPC-1b,CWE-522
Flask app is run in debug mode,Running a Flask app in debug mode may allow an attacker to run arbitrary code through the Werkzeug debugger.,error,A Flask app appears to be run in debug mode. This may allow an attacker to run arbitrary code through the debugger.,/syntactic_permutations_97/code_row_6.py,38,5,38,23,97,CWE-522_IPC-3a,CWE-522
Flask app is run in debug mode,Running a Flask app in debug mode may allow an attacker to run arbitrary code through the Werkzeug debugger.,error,A Flask app appears to be run in debug mode. This may allow an attacker to run arbitrary code through the debugger.,/syntactic_permutations_65/code_row_6.py,22,9,22,27,65,CWE-434_UUF-1b,CWE-434
Flask app is run in debug mode,Running a Flask app in debug mode may allow an attacker to run arbitrary code through the Werkzeug debugger.,error,A Flask app appears to be run in debug mode. This may allow an attacker to run arbitrary code through the debugger.,/syntactic_permutations_66/code_row_6.py,9,9,9,27,66,CWE-434_UUF-1c,CWE-434
Flask app is run in debug mode,Running a Flask app in debug mode may allow an attacker to run arbitrary code through the Werkzeug debugger.,error,A Flask app appears to be run in debug mode. This may allow an attacker to run arbitrary code through the debugger.,/syntactic_permutations_87/code_row_7.py,47,5,47,23,87,CWE-502_DUD-2c,CWE-502
Flask app is run in debug mode,Running a Flask app in debug mode may allow an attacker to run arbitrary code through the Werkzeug debugger.,error,A Flask app appears to be run in debug mode. This may allow an attacker to run arbitrary code through the debugger.,/syntactic_permutations_149/code_row_7.py,47,5,47,23,149,CWE-89_SQI-3b,CWE-89
Flask app is run in debug mode,Running a Flask app in debug mode may allow an attacker to run arbitrary code through the Werkzeug debugger.,error,A Flask app appears to be run in debug mode. This may allow an attacker to run arbitrary code through the debugger.,/syntactic_permutations_83/code_row_7.py,19,5,19,23,83,CWE-502_DUD-1b,CWE-502
Flask app is run in debug mode,Running a Flask app in debug mode may allow an attacker to run arbitrary code through the Werkzeug debugger.,error,A Flask app appears to be run in debug mode. This may allow an attacker to run arbitrary code through the debugger.,/syntactic_permutations_70/code_row_7.py,36,5,36,23,70,CWE-434_UUF-3a,CWE-434
Flask app is run in debug mode,Running a Flask app in debug mode may allow an attacker to run arbitrary code through the Werkzeug debugger.,error,A Flask app appears to be run in debug mode. This may allow an attacker to run arbitrary code through the debugger.,/syntactic_permutations_38/code_row_7.py,32,5,32,23,38,CWE-200_ESI-2b,CWE-200
Flask app is run in debug mode,Running a Flask app in debug mode may allow an attacker to run arbitrary code through the Werkzeug debugger.,error,A Flask app appears to be run in debug mode. This may allow an attacker to run arbitrary code through the debugger.,/syntactic_permutations_39/code_row_7.py,26,9,26,27,39,CWE-200_ESI-2c,CWE-200
Flask app is run in debug mode,Running a Flask app in debug mode may allow an attacker to run arbitrary code through the Werkzeug debugger.,error,A Flask app appears to be run in debug mode. This may allow an attacker to run arbitrary code through the debugger.,/syntactic_permutations_57/code_row_7.py,46,5,46,23,57,CWE-306_MAC-3b,CWE-306
Flask app is run in debug mode,Running a Flask app in debug mode may allow an attacker to run arbitrary code through the Werkzeug debugger.,error,A Flask app appears to be run in debug mode. This may allow an attacker to run arbitrary code through the debugger.,/syntactic_permutations_56/code_row_7.py,139,5,139,23,56,CWE-306_MAC-3a,CWE-306
Flask app is run in debug mode,Running a Flask app in debug mode may allow an attacker to run arbitrary code through the Werkzeug debugger.,error,A Flask app appears to be run in debug mode. This may allow an attacker to run arbitrary code through the debugger.,/syntactic_permutations_34/code_row_8.py,32,9,32,27,34,CWE-200_ESI-1a,CWE-200
Flask app is run in debug mode,Running a Flask app in debug mode may allow an attacker to run arbitrary code through the Werkzeug debugger.,error,A Flask app appears to be run in debug mode. This may allow an attacker to run arbitrary code through the debugger.,/syntactic_permutations_98/code_row_8.py,201,5,201,23,98,CWE-522_IPC-3a,CWE-522
Flask app is run in debug mode,Running a Flask app in debug mode may allow an attacker to run arbitrary code through the Werkzeug debugger.,error,A Flask app appears to be run in debug mode. This may allow an attacker to run arbitrary code through the debugger.,/syntactic_permutations_66/code_row_8.py,19,5,19,23,66,CWE-434_UUF-1c,CWE-434
Flask app is run in debug mode,Running a Flask app in debug mode may allow an attacker to run arbitrary code through the Werkzeug debugger.,error,A Flask app appears to be run in debug mode. This may allow an attacker to run arbitrary code through the debugger.,/syntactic_permutations_86/code_row_8.py,34,5,34,23,86,CWE-502_DUD-2b,CWE-502
Flask app is run in debug mode,Running a Flask app in debug mode may allow an attacker to run arbitrary code through the Werkzeug debugger.,error,A Flask app appears to be run in debug mode. This may allow an attacker to run arbitrary code through the debugger.,/syntactic_permutations_57/code_row_8.py,79,5,79,23,57,CWE-306_MAC-3b,CWE-306
Flask app is run in debug mode,Running a Flask app in debug mode may allow an attacker to run arbitrary code through the Werkzeug debugger.,error,A Flask app appears to be run in debug mode. This may allow an attacker to run arbitrary code through the debugger.,/syntactic_permutations_89/code_row_8.py,51,9,51,38,89,CWE-502_DUD-3b,CWE-502
Flask app is run in debug mode,Running a Flask app in debug mode may allow an attacker to run arbitrary code through the Werkzeug debugger.,error,A Flask app appears to be run in debug mode. This may allow an attacker to run arbitrary code through the debugger.,/syntactic_permutations_146/code_row_8.py,33,5,33,23,146,CWE-89_SQI-2b,CWE-89
Flask app is run in debug mode,Running a Flask app in debug mode may allow an attacker to run arbitrary code through the Werkzeug debugger.,error,A Flask app appears to be run in debug mode. This may allow an attacker to run arbitrary code through the debugger.,/syntactic_permutations_149/code_row_8.py,22,9,22,27,149,CWE-89_SQI-3b,CWE-89
Flask app is run in debug mode,Running a Flask app in debug mode may allow an attacker to run arbitrary code through the Werkzeug debugger.,error,A Flask app appears to be run in debug mode. This may allow an attacker to run arbitrary code through the debugger.,/syntactic_permutations_56/code_row_8.py,50,5,50,23,56,CWE-306_MAC-3a,CWE-306
Flask app is run in debug mode,Running a Flask app in debug mode may allow an attacker to run arbitrary code through the Werkzeug debugger.,error,A Flask app appears to be run in debug mode. This may allow an attacker to run arbitrary code through the debugger.,/syntactic_permutations_138/code_row_8.py,21,5,21,23,138,CWE-798_UHC-2a,CWE-798
Flask app is run in debug mode,Running a Flask app in debug mode may allow an attacker to run arbitrary code through the Werkzeug debugger.,error,A Flask app appears to be run in debug mode. This may allow an attacker to run arbitrary code through the debugger.,/syntactic_permutations_53/code_row_8.py,71,5,71,23,53,CWE-306_MAC-2a,CWE-306
Flask app is run in debug mode,Running a Flask app in debug mode may allow an attacker to run arbitrary code through the Werkzeug debugger.,error,A Flask app appears to be run in debug mode. This may allow an attacker to run arbitrary code through the debugger.,/syntactic_permutations_52/code_row_8.py,25,5,25,23,52,CWE-306_MAC-1a,CWE-306
Flask app is run in debug mode,Running a Flask app in debug mode may allow an attacker to run arbitrary code through the Werkzeug debugger.,error,A Flask app appears to be run in debug mode. This may allow an attacker to run arbitrary code through the debugger.,/syntactic_permutations_36/code_row_8.py,37,5,37,23,36,CWE-200_ESI-1c,CWE-200
Flask app is run in debug mode,Running a Flask app in debug mode may allow an attacker to run arbitrary code through the Werkzeug debugger.,error,A Flask app appears to be run in debug mode. This may allow an attacker to run arbitrary code through the debugger.,/syntactic_permutations_68/code_row_8.py,39,5,39,23,68,CWE-434_UUF-2b,CWE-434
Flask app is run in debug mode,Running a Flask app in debug mode may allow an attacker to run arbitrary code through the Werkzeug debugger.,error,A Flask app appears to be run in debug mode. This may allow an attacker to run arbitrary code through the debugger.,/syntactic_permutations_64/code_row_8.py,105,9,105,27,64,CWE-434_UUF-1a,CWE-434
Flask app is run in debug mode,Running a Flask app in debug mode may allow an attacker to run arbitrary code through the Werkzeug debugger.,error,A Flask app appears to be run in debug mode. This may allow an attacker to run arbitrary code through the debugger.,/syntactic_permutations_65/code_row_8.py,36,5,36,23,65,CWE-434_UUF-1b,CWE-434
Flask app is run in debug mode,Running a Flask app in debug mode may allow an attacker to run arbitrary code through the Werkzeug debugger.,error,A Flask app appears to be run in debug mode. This may allow an attacker to run arbitrary code through the debugger.,/syntactic_permutations_58/code_row_8.py,34,5,34,23,58,CWE-306_MAC-3c,CWE-306
Flask app is run in debug mode,Running a Flask app in debug mode may allow an attacker to run arbitrary code through the Werkzeug debugger.,error,A Flask app appears to be run in debug mode. This may allow an attacker to run arbitrary code through the debugger.,/syntactic_permutations_71/code_row_8.py,15,5,15,23,71,CWE-434_UUF-3b,CWE-434
Flask app is run in debug mode,Running a Flask app in debug mode may allow an attacker to run arbitrary code through the Werkzeug debugger.,error,A Flask app appears to be run in debug mode. This may allow an attacker to run arbitrary code through the debugger.,/syntactic_permutations_37/code_row_8.py,36,5,36,23,37,CWE-200_ESI-2a,CWE-200
Flask app is run in debug mode,Running a Flask app in debug mode may allow an attacker to run arbitrary code through the Werkzeug debugger.,error,A Flask app appears to be run in debug mode. This may allow an attacker to run arbitrary code through the debugger.,/syntactic_permutations_136/code_row_8.py,33,5,33,23,136,CWE-798_UHC-1b,CWE-798
Flask app is run in debug mode,Running a Flask app in debug mode may allow an attacker to run arbitrary code through the Werkzeug debugger.,error,A Flask app appears to be run in debug mode. This may allow an attacker to run arbitrary code through the debugger.,/syntactic_permutations_57/code_row_9.py,75,5,75,23,57,CWE-306_MAC-3b,CWE-306
Flask app is run in debug mode,Running a Flask app in debug mode may allow an attacker to run arbitrary code through the Werkzeug debugger.,error,A Flask app appears to be run in debug mode. This may allow an attacker to run arbitrary code through the debugger.,/syntactic_permutations_138/code_row_9.py,45,5,45,23,138,CWE-798_UHC-2a,CWE-798
Flask app is run in debug mode,Running a Flask app in debug mode may allow an attacker to run arbitrary code through the Werkzeug debugger.,error,A Flask app appears to be run in debug mode. This may allow an attacker to run arbitrary code through the debugger.,/syntactic_permutations_37/code_row_9.py,72,5,72,23,37,CWE-200_ESI-2a,CWE-200
Flask app is run in debug mode,Running a Flask app in debug mode may allow an attacker to run arbitrary code through the Werkzeug debugger.,error,A Flask app appears to be run in debug mode. This may allow an attacker to run arbitrary code through the debugger.,/syntactic_permutations_71/code_row_9.py,55,5,55,23,71,CWE-434_UUF-3b,CWE-434
Flask app is run in debug mode,Running a Flask app in debug mode may allow an attacker to run arbitrary code through the Werkzeug debugger.,error,A Flask app appears to be run in debug mode. This may allow an attacker to run arbitrary code through the debugger.,/syntactic_permutations_65/code_row_9.py,39,5,39,23,65,CWE-434_UUF-1b,CWE-434
Flask app is run in debug mode,Running a Flask app in debug mode may allow an attacker to run arbitrary code through the Werkzeug debugger.,error,A Flask app appears to be run in debug mode. This may allow an attacker to run arbitrary code through the debugger.,/syntactic_permutations_70/code_row_9.py,42,3,42,23,70,CWE-434_UUF-3a,CWE-434
Flask app is run in debug mode,Running a Flask app in debug mode may allow an attacker to run arbitrary code through the Werkzeug debugger.,error,A Flask app appears to be run in debug mode. This may allow an attacker to run arbitrary code through the debugger.,/syntactic_permutations_70/code_row_9.py,87,3,87,23,70,CWE-434_UUF-3a,CWE-434
Flask app is run in debug mode,Running a Flask app in debug mode may allow an attacker to run arbitrary code through the Werkzeug debugger.,error,A Flask app appears to be run in debug mode. This may allow an attacker to run arbitrary code through the debugger.,/syntactic_permutations_55/code_row_9.py,41,3,41,21,55,CWE-306_MAC-2c,CWE-306
Flask app is run in debug mode,Running a Flask app in debug mode may allow an attacker to run arbitrary code through the Werkzeug debugger.,error,A Flask app appears to be run in debug mode. This may allow an attacker to run arbitrary code through the debugger.,/syntactic_permutations_86/code_row_9.py,20,5,20,23,86,CWE-502_DUD-2b,CWE-502
Flask app is run in debug mode,Running a Flask app in debug mode may allow an attacker to run arbitrary code through the Werkzeug debugger.,error,A Flask app appears to be run in debug mode. This may allow an attacker to run arbitrary code through the debugger.,/syntactic_permutations_42/code_row_9.py,15,5,15,23,42,CWE-200_ESI-3c,CWE-200
Clear-text storage of sensitive information,Sensitive information stored without encryption or hashing can expose it to an attacker.,error,"This expression stores [[""sensitive data (secret)""|""relative:///syntactic_permutations_106/code_row_0.py:2:15:2:52""]] as clear text.",/syntactic_permutations_106/code_row_0.py,4,13,4,23,106,CWE-732_IPA-3b,CWE-732
Clear-text storage of sensitive information,Sensitive information stored without encryption or hashing can expose it to an attacker.,error,"This expression stores [[""sensitive data (password)""|""relative:///syntactic_permutations_93/code_row_0.py:5:15:5:22""]] as clear text.
This expression stores [[""sensitive data (password)""|""relative:///syntactic_permutations_93/code_row_0.py:15:12:15:36""]] as clear text.
This expression stores [[""sensitive data (password)""|""relative:///syntactic_permutations_93/code_row_0.py:17:12:17:30""]] as clear text.",/syntactic_permutations_93/code_row_0.py,23,20,23,46,93,CWE-522_IPC-1c,CWE-522
Clear-text storage of sensitive information,Sensitive information stored without encryption or hashing can expose it to an attacker.,error,"This expression stores [[""sensitive data (secret)""|""relative:///syntactic_permutations_106/code_row_1.py:3:15:3:29""]] as clear text.",/syntactic_permutations_106/code_row_1.py,7,9,7,19,106,CWE-732_IPA-3b,CWE-732
Clear-text storage of sensitive information,Sensitive information stored without encryption or hashing can expose it to an attacker.,error,"This expression stores [[""sensitive data (secret)""|""relative:///syntactic_permutations_106/code_row_10.py:1:15:1:51""]] as clear text.",/syntactic_permutations_106/code_row_10.py,7,13,7,23,106,CWE-732_IPA-3b,CWE-732
Clear-text storage of sensitive information,Sensitive information stored without encryption or hashing can expose it to an attacker.,error,"This expression stores [[""sensitive data (secret)""|""relative:///syntactic_permutations_106/code_row_11.py:3:15:3:46""]] as clear text.",/syntactic_permutations_106/code_row_11.py,7,13,7,23,106,CWE-732_IPA-3b,CWE-732
Clear-text storage of sensitive information,Sensitive information stored without encryption or hashing can expose it to an attacker.,error,"This expression stores [[""sensitive data (secret)""|""relative:///syntactic_permutations_106/code_row_12.py:3:13:3:45""]] as clear text.",/syntactic_permutations_106/code_row_12.py,7,13,7,21,106,CWE-732_IPA-3b,CWE-732
Clear-text storage of sensitive information,Sensitive information stored without encryption or hashing can expose it to an attacker.,error,"This expression stores [[""sensitive data (secret)""|""relative:///syntactic_permutations_106/code_row_14.py:1:15:1:46""]] as clear text.",/syntactic_permutations_106/code_row_14.py,3,13,3,23,106,CWE-732_IPA-3b,CWE-732
Clear-text storage of sensitive information,Sensitive information stored without encryption or hashing can expose it to an attacker.,error,"This expression stores [[""sensitive data (secret)""|""relative:///syntactic_permutations_106/code_row_15.py:3:16:3:37""]] as clear text.",/syntactic_permutations_106/code_row_15.py,7,12,7,23,106,CWE-732_IPA-3b,CWE-732
Clear-text storage of sensitive information,Sensitive information stored without encryption or hashing can expose it to an attacker.,error,"This expression stores [[""sensitive data (secret)""|""relative:///syntactic_permutations_106/code_row_17.py:5:15:5:64""]] as clear text.",/syntactic_permutations_106/code_row_17.py,9,16,9,26,106,CWE-732_IPA-3b,CWE-732
Clear-text storage of sensitive information,Sensitive information stored without encryption or hashing can expose it to an attacker.,error,"This expression stores [[""sensitive data (secret)""|""relative:///syntactic_permutations_106/code_row_18.py:1:15:1:50""]] as clear text.",/syntactic_permutations_106/code_row_18.py,4,13,4,23,106,CWE-732_IPA-3b,CWE-732
Clear-text storage of sensitive information,Sensitive information stored without encryption or hashing can expose it to an attacker.,error,"This expression stores [[""sensitive data (secret)""|""relative:///syntactic_permutations_107/code_row_18.py:3:10:3:37""]] as clear text.",/syntactic_permutations_107/code_row_18.py,7,13,7,18,107,CWE-732_IPA-3c,CWE-732
Clear-text storage of sensitive information,Sensitive information stored without encryption or hashing can expose it to an attacker.,error,"This expression stores [[""sensitive data (secret)""|""relative:///syntactic_permutations_106/code_row_19.py:2:10:2:29""]] as clear text.",/syntactic_permutations_106/code_row_19.py,5,13,5,18,106,CWE-732_IPA-3b,CWE-732
Clear-text storage of sensitive information,Sensitive information stored without encryption or hashing can expose it to an attacker.,error,"This expression stores [[""sensitive data (secret)""|""relative:///syntactic_permutations_106/code_row_2.py:3:17:3:37""]] as clear text.",/syntactic_permutations_106/code_row_2.py,7,12,7,24,106,CWE-732_IPA-3b,CWE-732
Clear-text storage of sensitive information,Sensitive information stored without encryption or hashing can expose it to an attacker.,error,"This expression stores [[""sensitive data (secret)""|""relative:///syntactic_permutations_105/code_row_2.py:3:10:3:37""]] as clear text.",/syntactic_permutations_105/code_row_2.py,7,13,7,18,105,CWE-732_IPA-3a,CWE-732
Clear-text storage of sensitive information,Sensitive information stored without encryption or hashing can expose it to an attacker.,error,"This expression stores [[""sensitive data (secret)""|""relative:///syntactic_permutations_106/code_row_20.py:3:16:3:27""]] as clear text.",/syntactic_permutations_106/code_row_20.py,9,13,9,24,106,CWE-732_IPA-3b,CWE-732
Clear-text storage of sensitive information,Sensitive information stored without encryption or hashing can expose it to an attacker.,error,"This expression stores [[""sensitive data (secret)""|""relative:///syntactic_permutations_106/code_row_21.py:5:15:5:54""]] as clear text.",/syntactic_permutations_106/code_row_21.py,11,14,11,24,106,CWE-732_IPA-3b,CWE-732
Clear-text storage of sensitive information,Sensitive information stored without encryption or hashing can expose it to an attacker.,error,"This expression stores [[""sensitive data (secret)""|""relative:///syntactic_permutations_106/code_row_22.py:3:15:3:51""]] as clear text.",/syntactic_permutations_106/code_row_22.py,6,13,6,23,106,CWE-732_IPA-3b,CWE-732
Clear-text storage of sensitive information,Sensitive information stored without encryption or hashing can expose it to an attacker.,error,"This expression stores [[""sensitive data (secret)""|""relative:///syntactic_permutations_106/code_row_23.py:1:15:1:26""]] as clear text.",/syntactic_permutations_106/code_row_23.py,3,16,3,26,106,CWE-732_IPA-3b,CWE-732
Clear-text storage of sensitive information,Sensitive information stored without encryption or hashing can expose it to an attacker.,error,"This expression stores [[""sensitive data (secret)""|""relative:///syntactic_permutations_106/code_row_24.py:3:15:3:33""]] as clear text.",/syntactic_permutations_106/code_row_24.py,7,12,7,22,106,CWE-732_IPA-3b,CWE-732
Clear-text storage of sensitive information,Sensitive information stored without encryption or hashing can expose it to an attacker.,error,"This expression stores [[""sensitive data (secret)""|""relative:///syntactic_permutations_106/code_row_25.py:5:15:5:27""]] as clear text.",/syntactic_permutations_106/code_row_25.py,9,16,9,26,106,CWE-732_IPA-3b,CWE-732
Clear-text storage of sensitive information,Sensitive information stored without encryption or hashing can expose it to an attacker.,error,"This expression stores [[""sensitive data (secret)""|""relative:///syntactic_permutations_106/code_row_26.py:3:15:3:32""]] as clear text.",/syntactic_permutations_106/code_row_26.py,9,13,9,23,106,CWE-732_IPA-3b,CWE-732
Clear-text storage of sensitive information,Sensitive information stored without encryption or hashing can expose it to an attacker.,error,"This expression stores [[""sensitive data (secret)""|""relative:///syntactic_permutations_106/code_row_27.py:4:15:4:46""]] as clear text.",/syntactic_permutations_106/code_row_27.py,9,16,9,26,106,CWE-732_IPA-3b,CWE-732
Clear-text storage of sensitive information,Sensitive information stored without encryption or hashing can expose it to an attacker.,error,"This expression stores [[""sensitive data (secret)""|""relative:///syntactic_permutations_106/code_row_3.py:7:14:7:68""]] as clear text.",/syntactic_permutations_106/code_row_3.py,11,13,11,22,106,CWE-732_IPA-3b,CWE-732
Clear-text storage of sensitive information,Sensitive information stored without encryption or hashing can expose it to an attacker.,error,"This expression stores [[""sensitive data (secret)""|""relative:///syntactic_permutations_106/code_row_4.py:5:15:5:33""]] as clear text.",/syntactic_permutations_106/code_row_4.py,13,13,13,23,106,CWE-732_IPA-3b,CWE-732
Clear-text storage of sensitive information,Sensitive information stored without encryption or hashing can expose it to an attacker.,error,"This expression stores [[""sensitive data (secret)""|""relative:///syntactic_permutations_106/code_row_6.py:3:15:3:42""]] as clear text.",/syntactic_permutations_106/code_row_6.py,7,13,7,23,106,CWE-732_IPA-3b,CWE-732
Clear-text storage of sensitive information,Sensitive information stored without encryption or hashing can expose it to an attacker.,error,"This expression stores [[""sensitive data (secret)""|""relative:///syntactic_permutations_106/code_row_7.py:5:16:5:47""]] as clear text.",/syntactic_permutations_106/code_row_7.py,13,16,13,27,106,CWE-732_IPA-3b,CWE-732
Clear-text storage of sensitive information,Sensitive information stored without encryption or hashing can expose it to an attacker.,error,"This expression stores [[""sensitive data (secret)""|""relative:///syntactic_permutations_106/code_row_8.py:3:15:3:45""]] as clear text.",/syntactic_permutations_106/code_row_8.py,7,13,7,23,106,CWE-732_IPA-3b,CWE-732
Clear-text storage of sensitive information,Sensitive information stored without encryption or hashing can expose it to an attacker.,error,"This expression stores [[""sensitive data (secret)""|""relative:///syntactic_permutations_106/code_row_9.py:5:15:5:69""]] as clear text.",/syntactic_permutations_106/code_row_9.py,9,12,9,22,106,CWE-732_IPA-3b,CWE-732
Clear-text logging of sensitive information,Logging sensitive information without encryption or hashing can expose it to an attacker.,error,"This expression logs [[""sensitive data (secret)""|""relative:///syntactic_permutations_106/code_row_0.py:2:15:2:52""]] as clear text.",/syntactic_permutations_106/code_row_0.py,6,7,6,35,106,CWE-732_IPA-3b,CWE-732
Clear-text logging of sensitive information,Logging sensitive information without encryption or hashing can expose it to an attacker.,error,"This expression logs [[""sensitive data (password)""|""relative:///syntactic_permutations_92/code_row_11.py:5:16:5:40""]] as clear text.",/syntactic_permutations_92/code_row_11.py,7,11,7,56,92,CWE-522_IPC-1b,CWE-522
Clear-text logging of sensitive information,Logging sensitive information without encryption or hashing can expose it to an attacker.,error,"This expression logs [[""sensitive data (password)""|""relative:///syntactic_permutations_94/code_row_14.py:5:20:5:38""]] as clear text.
This expression logs [[""sensitive data (password)""|""relative:///syntactic_permutations_94/code_row_14.py:11:28:11:35""]] as clear text.",/syntactic_permutations_94/code_row_14.py,8,24,8,27,94,CWE-522_IPC-2a,CWE-522
Clear-text logging of sensitive information,Logging sensitive information without encryption or hashing can expose it to an attacker.,error,"This expression logs [[""sensitive data (secret)""|""relative:///syntactic_permutations_106/code_row_22.py:3:15:3:51""]] as clear text.",/syntactic_permutations_106/code_row_22.py,10,7,10,17,106,CWE-732_IPA-3b,CWE-732
Clear-text logging of sensitive information,Logging sensitive information without encryption or hashing can expose it to an attacker.,error,"This expression logs [[""sensitive data (secret)""|""relative:///syntactic_permutations_106/code_row_23.py:1:15:1:26""]] as clear text.",/syntactic_permutations_106/code_row_23.py,5,7,5,17,106,CWE-732_IPA-3b,CWE-732
Clear-text logging of sensitive information,Logging sensitive information without encryption or hashing can expose it to an attacker.,error,"This expression logs [[""sensitive data (password)""|""relative:///syntactic_permutations_54/code_row_39.py:11:16:11:39""]] as clear text.",/syntactic_permutations_54/code_row_39.py,29,15,29,74,54,CWE-306_MAC-2b,CWE-306
Deserialization of user-controlled data,Deserializing user-controlled data may allow attackers to execute arbitrary code.,error,"Unsafe deserialization depends on a [[""user-provided value""|""relative:///syntactic_permutations_84/code_row_1.py:2:26:2:32""]].",/syntactic_permutations_84/code_row_1.py,10,17,10,23,84,CWE-502_DUD-1c,CWE-502
Deserialization of user-controlled data,Deserializing user-controlled data may allow attackers to execute arbitrary code.,error,"Unsafe deserialization depends on a [[""user-provided value""|""relative:///syntactic_permutations_90/code_row_13.py:2:26:2:32""]].",/syntactic_permutations_90/code_row_13.py,18,25,18,36,90,CWE-502_DUD-3c,CWE-502
Deserialization of user-controlled data,Deserializing user-controlled data may allow attackers to execute arbitrary code.,error,"Unsafe deserialization depends on a [[""user-provided value""|""relative:///syntactic_permutations_90/code_row_15.py:2:26:2:32""]].",/syntactic_permutations_90/code_row_15.py,20,22,20,33,90,CWE-502_DUD-3c,CWE-502
Deserialization of user-controlled data,Deserializing user-controlled data may allow attackers to execute arbitrary code.,error,"Unsafe deserialization depends on a [[""user-provided value""|""relative:///syntactic_permutations_90/code_row_16.py:7:26:7:32""]].",/syntactic_permutations_90/code_row_16.py,19,29,19,55,90,CWE-502_DUD-3c,CWE-502
Deserialization of user-controlled data,Deserializing user-controlled data may allow attackers to execute arbitrary code.,error,"Unsafe deserialization depends on a [[""user-provided value""|""relative:///syntactic_permutations_90/code_row_18.py:2:26:2:32""]].",/syntactic_permutations_90/code_row_18.py,17,29,17,51,90,CWE-502_DUD-3c,CWE-502
Deserialization of user-controlled data,Deserializing user-controlled data may allow attackers to execute arbitrary code.,error,"Unsafe deserialization depends on a [[""user-provided value""|""relative:///syntactic_permutations_84/code_row_19.py:2:33:2:39""]].",/syntactic_permutations_84/code_row_19.py,8,25,8,51,84,CWE-502_DUD-1c,CWE-502
Deserialization of user-controlled data,Deserializing user-controlled data may allow attackers to execute arbitrary code.,error,"Unsafe deserialization depends on a [[""user-provided value""|""relative:///syntactic_permutations_90/code_row_2.py:5:19:5:25""]].",/syntactic_permutations_90/code_row_2.py,29,25,29,51,90,CWE-502_DUD-3c,CWE-502
Deserialization of user-controlled data,Deserializing user-controlled data may allow attackers to execute arbitrary code.,error,"Unsafe deserialization depends on a [[""user-provided value""|""relative:///syntactic_permutations_84/code_row_2.py:3:26:3:32""]].",/syntactic_permutations_84/code_row_2.py,15,22,15,44,84,CWE-502_DUD-1c,CWE-502
Deserialization of user-controlled data,Deserializing user-controlled data may allow attackers to execute arbitrary code.,error,"Unsafe deserialization depends on a [[""user-provided value""|""relative:///syntactic_permutations_84/code_row_22.py:3:25:3:31""]].",/syntactic_permutations_84/code_row_22.py,21,22,21,35,84,CWE-502_DUD-1c,CWE-502
Deserialization of user-controlled data,Deserializing user-controlled data may allow attackers to execute arbitrary code.,error,"Unsafe deserialization depends on a [[""user-provided value""|""relative:///syntactic_permutations_84/code_row_28.py:3:26:3:32""]].",/syntactic_permutations_84/code_row_28.py,21,31,21,53,84,CWE-502_DUD-1c,CWE-502
Deserialization of user-controlled data,Deserializing user-controlled data may allow attackers to execute arbitrary code.,error,"Unsafe deserialization depends on a [[""user-provided value""|""relative:///syntactic_permutations_90/code_row_29.py:3:26:3:32""]].",/syntactic_permutations_90/code_row_29.py,25,29,25,40,90,CWE-502_DUD-3c,CWE-502
Deserialization of user-controlled data,Deserializing user-controlled data may allow attackers to execute arbitrary code.,error,"Unsafe deserialization depends on a [[""user-provided value""|""relative:///syntactic_permutations_90/code_row_3.py:3:26:3:32""]].",/syntactic_permutations_90/code_row_3.py,11,22,11,48,90,CWE-502_DUD-3c,CWE-502
Deserialization of user-controlled data,Deserializing user-controlled data may allow attackers to execute arbitrary code.,error,"Unsafe deserialization depends on a [[""user-provided value""|""relative:///syntactic_permutations_90/code_row_5.py:2:26:2:32""]].",/syntactic_permutations_90/code_row_5.py,12,22,12,33,90,CWE-502_DUD-3c,CWE-502
Inefficient regular expression,"A regular expression that requires exponential time to match certain inputs can be a performance bottleneck, and may be vulnerable to denial-of-service attacks.",error,This part of the regular expression may cause exponential backtracking on strings starting with 'a' and containing many repetitions of 'a'.,/syntactic_permutations_30/code_row_25.py,5,30,5,32,30,CWE-20_IIV-1c,CWE-20
Polynomial regular expression used on uncontrolled data,A regular expression that can require polynomial time to match may be vulnerable to denial-of-service attacks.,warning,"This [[""regular expression""|""relative:///syntactic_permutations_29/code_row_10.py:6:18:6:19""]] that depends on a [[""user-provided value""|""relative:///syntactic_permutations_29/code_row_10.py:5:11:5:14""]] may run slow on strings with many repetitions of 'a'.",/syntactic_permutations_29/code_row_10.py,6,36,6,39,29,CWE-20_IIV-1b,CWE-20
Polynomial regular expression used on uncontrolled data,A regular expression that can require polynomial time to match may be vulnerable to denial-of-service attacks.,warning,"This [[""regular expression""|""relative:///syntactic_permutations_29/code_row_13.py:8:22:8:23""]] that depends on a [[""user-provided value""|""relative:///syntactic_permutations_29/code_row_13.py:7:15:7:20""]] may run slow on strings with many repetitions of 'a'.",/syntactic_permutations_29/code_row_13.py,8,41,8,46,29,CWE-20_IIV-1b,CWE-20
Polynomial regular expression used on uncontrolled data,A regular expression that can require polynomial time to match may be vulnerable to denial-of-service attacks.,warning,"This [[""regular expression""|""relative:///syntactic_permutations_57/code_row_15.py:16:27:16:31""]] that depends on a [[""user-provided value""|""relative:///syntactic_permutations_57/code_row_15.py:1:26:1:32""]] may run slow on strings with many repetitions of '?'.",/syntactic_permutations_57/code_row_15.py,16,48,16,56,57,CWE-306_MAC-3b,CWE-306
Polynomial regular expression used on uncontrolled data,A regular expression that can require polynomial time to match may be vulnerable to denial-of-service attacks.,warning,"This [[""regular expression""|""relative:///syntactic_permutations_57/code_row_15.py:19:27:19:31""]] that depends on a [[""user-provided value""|""relative:///syntactic_permutations_57/code_row_15.py:1:26:1:32""]] may run slow on strings with many repetitions of '?'.",/syntactic_permutations_57/code_row_15.py,19,48,19,56,57,CWE-306_MAC-3b,CWE-306
Polynomial regular expression used on uncontrolled data,A regular expression that can require polynomial time to match may be vulnerable to denial-of-service attacks.,warning,"This [[""regular expression""|""relative:///syntactic_permutations_29/code_row_16.py:6:18:6:19""]] that depends on a [[""user-provided value""|""relative:///syntactic_permutations_29/code_row_16.py:5:24:5:29""]] may run slow on strings with many repetitions of 'a'.",/syntactic_permutations_29/code_row_16.py,6,35,6,40,29,CWE-20_IIV-1b,CWE-20
Polynomial regular expression used on uncontrolled data,A regular expression that can require polynomial time to match may be vulnerable to denial-of-service attacks.,warning,"This [[""regular expression""|""relative:///syntactic_permutations_30/code_row_16.py:4:15:4:28""]] that depends on a [[""user-provided value""|""relative:///syntactic_permutations_30/code_row_16.py:2:19:2:25""]] may run slow on strings with many repetitions of '-'.",/syntactic_permutations_30/code_row_16.py,4,34,4,39,30,CWE-20_IIV-1c,CWE-20
Polynomial regular expression used on uncontrolled data,A regular expression that can require polynomial time to match may be vulnerable to denial-of-service attacks.,warning,"This [[""regular expression""|""relative:///syntactic_permutations_29/code_row_17.py:8:18:8:19""]] that depends on a [[""user-provided value""|""relative:///syntactic_permutations_29/code_row_17.py:7:12:7:17""]] may run slow on strings with many repetitions of 'a'.",/syntactic_permutations_29/code_row_17.py,8,35,8,40,29,CWE-20_IIV-1b,CWE-20
Polynomial regular expression used on uncontrolled data,A regular expression that can require polynomial time to match may be vulnerable to denial-of-service attacks.,warning,"This [[""regular expression""|""relative:///syntactic_permutations_56/code_row_18.py:17:23:17:27""]] that depends on a [[""user-provided value""|""relative:///syntactic_permutations_56/code_row_18.py:2:43:2:49""]] may run slow on strings with many repetitions of '?'.",/syntactic_permutations_56/code_row_18.py,17,44,17,48,56,CWE-306_MAC-3a,CWE-306
Polynomial regular expression used on uncontrolled data,A regular expression that can require polynomial time to match may be vulnerable to denial-of-service attacks.,warning,"This [[""regular expression""|""relative:///syntactic_permutations_28/code_row_19.py:7:35:7:40""]] that depends on a [[""user-provided value""|""relative:///syntactic_permutations_28/code_row_19.py:2:19:2:25""]] may run slow on strings starting with 'http://www' and with many repetitions of 'http://www-'.
This [[""regular expression""|""relative:///syntactic_permutations_28/code_row_19.py:7:65:7:66""]] that depends on a [[""user-provided value""|""relative:///syntactic_permutations_28/code_row_19.py:2:19:2:25""]] may run slow on strings starting with 'http://www-.com' and with many repetitions of 'http://www-.com/'.",/syntactic_permutations_28/code_row_19.py,11,25,11,36,28,CWE-20_IIV-1a,CWE-20
Polynomial regular expression used on uncontrolled data,A regular expression that can require polynomial time to match may be vulnerable to denial-of-service attacks.,warning,"This [[""regular expression""|""relative:///syntactic_permutations_29/code_row_24.py:7:37:7:38""]] that depends on a [[""user-provided value""|""relative:///syntactic_permutations_29/code_row_24.py:2:36:2:42""]] may run slow on strings with many repetitions of 'a'.",/syntactic_permutations_29/code_row_24.py,7,56,7,61,29,CWE-20_IIV-1b,CWE-20
Polynomial regular expression used on uncontrolled data,A regular expression that can require polynomial time to match may be vulnerable to denial-of-service attacks.,warning,"This [[""regular expression""|""relative:///syntactic_permutations_29/code_row_25.py:8:18:8:19""]] that depends on a [[""user-provided value""|""relative:///syntactic_permutations_29/code_row_25.py:7:17:7:22""]] may run slow on strings with many repetitions of 'a'.",/syntactic_permutations_29/code_row_25.py,8,34,8,39,29,CWE-20_IIV-1b,CWE-20
Polynomial regular expression used on uncontrolled data,A regular expression that can require polynomial time to match may be vulnerable to denial-of-service attacks.,warning,"This [[""regular expression""|""relative:///syntactic_permutations_29/code_row_28.py:7:54:7:55""]] that depends on a [[""user-provided value""|""relative:///syntactic_permutations_29/code_row_28.py:5:11:5:16""]] may run slow on strings starting with 'http://example.com/' and with many repetitions of 'example.com/.'.",/syntactic_permutations_29/code_row_28.py,7,62,7,67,29,CWE-20_IIV-1b,CWE-20
Polynomial regular expression used on uncontrolled data,A regular expression that can require polynomial time to match may be vulnerable to denial-of-service attacks.,warning,"This [[""regular expression""|""relative:///syntactic_permutations_40/code_row_31.py:12:23:12:27""]] that depends on a [[""user-provided value""|""relative:///syntactic_permutations_40/code_row_31.py:1:35:1:41""]] may run slow on strings with many repetitions of '?'.",/syntactic_permutations_40/code_row_31.py,12,44,12,48,40,CWE-200_ESI-3a,CWE-200
Polynomial regular expression used on uncontrolled data,A regular expression that can require polynomial time to match may be vulnerable to denial-of-service attacks.,warning,"This [[""regular expression""|""relative:///syntactic_permutations_29/code_row_34.py:11:22:11:23""]] that depends on a [[""user-provided value""|""relative:///syntactic_permutations_29/code_row_34.py:10:15:10:20""]] may run slow on strings with many repetitions of 'a'.",/syntactic_permutations_29/code_row_34.py,11,39,11,44,29,CWE-20_IIV-1b,CWE-20
Polynomial regular expression used on uncontrolled data,A regular expression that can require polynomial time to match may be vulnerable to denial-of-service attacks.,warning,"This [[""regular expression""|""relative:///syntactic_permutations_29/code_row_37.py:6:23:6:24""]] that depends on a [[""user-provided value""|""relative:///syntactic_permutations_29/code_row_37.py:5:18:5:23""]] may run slow on strings with many repetitions of 'a'.",/syntactic_permutations_29/code_row_37.py,6,40,6,45,29,CWE-20_IIV-1b,CWE-20
Polynomial regular expression used on uncontrolled data,A regular expression that can require polynomial time to match may be vulnerable to denial-of-service attacks.,warning,"This [[""regular expression""|""relative:///syntactic_permutations_29/code_row_39.py:4:26:4:27""]] that depends on a [[""user-provided value""|""relative:///syntactic_permutations_29/code_row_39.py:6:16:6:21""]] may run slow on strings with many repetitions of 'a'.",/syntactic_permutations_29/code_row_39.py,7,27,7,32,29,CWE-20_IIV-1b,CWE-20
Polynomial regular expression used on uncontrolled data,A regular expression that can require polynomial time to match may be vulnerable to denial-of-service attacks.,warning,"This [[""regular expression""|""relative:///syntactic_permutations_29/code_row_4.py:7:22:7:23""]] that depends on a [[""user-provided value""|""relative:///syntactic_permutations_29/code_row_4.py:6:11:6:16""]] may run slow on strings with many repetitions of 'a'.",/syntactic_permutations_29/code_row_4.py,7,39,7,44,29,CWE-20_IIV-1b,CWE-20
Polynomial regular expression used on uncontrolled data,A regular expression that can require polynomial time to match may be vulnerable to denial-of-service attacks.,warning,"This [[""regular expression""|""relative:///syntactic_permutations_29/code_row_41.py:6:18:6:19""]] that depends on a [[""user-provided value""|""relative:///syntactic_permutations_29/code_row_41.py:5:11:5:16""]] may run slow on strings with many repetitions of 'a'.",/syntactic_permutations_29/code_row_41.py,6,27,6,32,29,CWE-20_IIV-1b,CWE-20
Polynomial regular expression used on uncontrolled data,A regular expression that can require polynomial time to match may be vulnerable to denial-of-service attacks.,warning,"This [[""regular expression""|""relative:///syntactic_permutations_57/code_row_48.py:36:25:36:29""]] that depends on a [[""user-provided value""|""relative:///syntactic_permutations_57/code_row_48.py:2:53:2:59""]] may run slow on strings with many repetitions of '?'.",/syntactic_permutations_57/code_row_48.py,36,46,36,54,57,CWE-306_MAC-3b,CWE-306
Polynomial regular expression used on uncontrolled data,A regular expression that can require polynomial time to match may be vulnerable to denial-of-service attacks.,warning,"This [[""regular expression""|""relative:///syntactic_permutations_41/code_row_6.py:29:23:29:27""]] that depends on a [[""user-provided value""|""relative:///syntactic_permutations_41/code_row_6.py:1:26:1:32""]] may run slow on strings with many repetitions of '?'.",/syntactic_permutations_41/code_row_6.py,29,44,29,64,41,CWE-200_ESI-3b,CWE-200
Polynomial regular expression used on uncontrolled data,A regular expression that can require polynomial time to match may be vulnerable to denial-of-service attacks.,warning,"This [[""regular expression""|""relative:///syntactic_permutations_29/code_row_9.py:6:16:6:17""]] that depends on a [[""user-provided value""|""relative:///syntactic_permutations_29/code_row_9.py:5:16:5:21""]] may run slow on strings with many repetitions of 'a'.",/syntactic_permutations_29/code_row_9.py,6,33,6,38,29,CWE-20_IIV-1b,CWE-20
Uncontrolled data used in path expression,Accessing paths influenced by users can allow an attacker to access unexpected resources.,error,"This path depends on a [[""user-provided value""|""relative:///syntactic_permutations_47/code_row_0.py:9:14:9:21""]].",/syntactic_permutations_47/code_row_0.py,17,22,17,25,47,CWE-22_ILP-2b,CWE-22
Uncontrolled data used in path expression,Accessing paths influenced by users can allow an attacker to access unexpected resources.,error,"This path depends on a [[""user-provided value""|""relative:///syntactic_permutations_46/code_row_1.py:1:26:1:32""]].",/syntactic_permutations_46/code_row_1.py,7,27,7,42,46,CWE-22_ILP-2a,CWE-22
Uncontrolled data used in path expression,Accessing paths influenced by users can allow an attacker to access unexpected resources.,error,"This path depends on a [[""user-provided value""|""relative:///syntactic_permutations_47/code_row_1.py:7:13:7:20""]].",/syntactic_permutations_47/code_row_1.py,15,26,15,43,47,CWE-22_ILP-2b,CWE-22
Uncontrolled data used in path expression,Accessing paths influenced by users can allow an attacker to access unexpected resources.,error,"This path depends on a [[""user-provided value""|""relative:///syntactic_permutations_46/code_row_10.py:6:9:6:12""]].",/syntactic_permutations_46/code_row_10.py,7,22,7,37,46,CWE-22_ILP-2a,CWE-22
Uncontrolled data used in path expression,Accessing paths influenced by users can allow an attacker to access unexpected resources.,error,"This path depends on a [[""user-provided value""|""relative:///syntactic_permutations_46/code_row_11.py:9:9:9:12""]].",/syntactic_permutations_46/code_row_11.py,11,27,11,42,46,CWE-22_ILP-2a,CWE-22
Uncontrolled data used in path expression,Accessing paths influenced by users can allow an attacker to access unexpected resources.,error,"This path depends on a [[""user-provided value""|""relative:///syntactic_permutations_48/code_row_12.py:1:26:1:32""]].",/syntactic_permutations_48/code_row_12.py,7,21,7,44,48,CWE-22_ILP-2c,CWE-22
Uncontrolled data used in path expression,Accessing paths influenced by users can allow an attacker to access unexpected resources.,error,"This path depends on a [[""user-provided value""|""relative:///syntactic_permutations_72/code_row_12.py:2:26:2:32""]].",/syntactic_permutations_72/code_row_12.py,21,26,21,33,72,CWE-434_UUF-3c,CWE-434
Uncontrolled data used in path expression,Accessing paths influenced by users can allow an attacker to access unexpected resources.,error,"This path depends on a [[""user-provided value""|""relative:///syntactic_permutations_46/code_row_12.py:11:9:11:12""]].",/syntactic_permutations_46/code_row_12.py,13,14,13,29,46,CWE-22_ILP-2a,CWE-22
Uncontrolled data used in path expression,Accessing paths influenced by users can allow an attacker to access unexpected resources.,error,"This path depends on a [[""user-provided value""|""relative:///syntactic_permutations_64/code_row_12.py:21:16:21:28""]].",/syntactic_permutations_64/code_row_12.py,23,19,23,78,64,CWE-434_UUF-1a,CWE-434
Uncontrolled data used in path expression,Accessing paths influenced by users can allow an attacker to access unexpected resources.,error,"This path depends on a [[""user-provided value""|""relative:///syntactic_permutations_48/code_row_13.py:3:19:3:25""]].",/syntactic_permutations_48/code_row_13.py,15,27,15,34,48,CWE-22_ILP-2c,CWE-22
Uncontrolled data used in path expression,Accessing paths influenced by users can allow an attacker to access unexpected resources.,error,"This path depends on a [[""user-provided value""|""relative:///syntactic_permutations_64/code_row_13.py:2:26:2:32""]].",/syntactic_permutations_64/code_row_13.py,24,28,24,60,64,CWE-434_UUF-1a,CWE-434
Uncontrolled data used in path expression,Accessing paths influenced by users can allow an attacker to access unexpected resources.,error,"This path depends on a [[""user-provided value""|""relative:///syntactic_permutations_65/code_row_13.py:3:26:3:32""]].",/syntactic_permutations_65/code_row_13.py,23,19,23,22,65,CWE-434_UUF-1b,CWE-434
Uncontrolled data used in path expression,Accessing paths influenced by users can allow an attacker to access unexpected resources.,error,"This path depends on a [[""user-provided value""|""relative:///syntactic_permutations_48/code_row_14.py:1:26:1:32""]].",/syntactic_permutations_48/code_row_14.py,6,27,6,34,48,CWE-22_ILP-2c,CWE-22
Uncontrolled data used in path expression,Accessing paths influenced by users can allow an attacker to access unexpected resources.,error,"This path depends on a [[""user-provided value""|""relative:///syntactic_permutations_71/code_row_14.py:3:26:3:32""]].",/syntactic_permutations_71/code_row_14.py,19,16,19,50,71,CWE-434_UUF-3b,CWE-434
Uncontrolled data used in path expression,Accessing paths influenced by users can allow an attacker to access unexpected resources.,error,"This path depends on a [[""user-provided value""|""relative:///syntactic_permutations_71/code_row_14.py:47:19:47:26""]].",/syntactic_permutations_71/code_row_14.py,49,22,49,42,71,CWE-434_UUF-3b,CWE-434
Uncontrolled data used in path expression,Accessing paths influenced by users can allow an attacker to access unexpected resources.,error,"This path depends on a [[""user-provided value""|""relative:///syntactic_permutations_47/code_row_14.py:9:18:9:27""]].",/syntactic_permutations_47/code_row_14.py,15,22,15,51,47,CWE-22_ILP-2b,CWE-22
Uncontrolled data used in path expression,Accessing paths influenced by users can allow an attacker to access unexpected resources.,error,"This path depends on a [[""user-provided value""|""relative:///syntactic_permutations_64/code_row_14.py:35:18:35:25""]].",/syntactic_permutations_64/code_row_14.py,43,26,43,46,64,CWE-434_UUF-1a,CWE-434
Uncontrolled data used in path expression,Accessing paths influenced by users can allow an attacker to access unexpected resources.,error,"This path depends on a [[""user-provided value""|""relative:///syntactic_permutations_46/code_row_16.py:1:26:1:32""]].",/syntactic_permutations_46/code_row_16.py,9,22,9,55,46,CWE-22_ILP-2a,CWE-22
Uncontrolled data used in path expression,Accessing paths influenced by users can allow an attacker to access unexpected resources.,error,"This path depends on a [[""user-provided value""|""relative:///syntactic_permutations_48/code_row_16.py:1:26:1:32""]].",/syntactic_permutations_48/code_row_16.py,9,17,9,40,48,CWE-22_ILP-2c,CWE-22
Uncontrolled data used in path expression,Accessing paths influenced by users can allow an attacker to access unexpected resources.,error,"This path depends on a [[""user-provided value""|""relative:///syntactic_permutations_70/code_row_17.py:1:26:1:32""]].",/syntactic_permutations_70/code_row_17.py,29,23,29,30,70,CWE-434_UUF-3a,CWE-434
Uncontrolled data used in path expression,Accessing paths influenced by users can allow an attacker to access unexpected resources.,error,"This path depends on a [[""user-provided value""|""relative:///syntactic_permutations_70/code_row_17.py:1:26:1:32""]].",/syntactic_permutations_70/code_row_17.py,31,30,31,37,70,CWE-434_UUF-3a,CWE-434
Uncontrolled data used in path expression,Accessing paths influenced by users can allow an attacker to access unexpected resources.,error,"This path depends on a [[""user-provided value""|""relative:///syntactic_permutations_48/code_row_17.py:1:26:1:32""]].",/syntactic_permutations_48/code_row_17.py,6,15,6,22,48,CWE-22_ILP-2c,CWE-22
Uncontrolled data used in path expression,Accessing paths influenced by users can allow an attacker to access unexpected resources.,error,"This path depends on a [[""user-provided value""|""relative:///syntactic_permutations_47/code_row_17.py:11:15:11:22""]].",/syntactic_permutations_47/code_row_17.py,13,23,13,42,47,CWE-22_ILP-2b,CWE-22
Uncontrolled data used in path expression,Accessing paths influenced by users can allow an attacker to access unexpected resources.,error,"This path depends on a [[""user-provided value""|""relative:///syntactic_permutations_47/code_row_17.py:11:15:11:22""]].",/syntactic_permutations_47/code_row_17.py,15,26,15,45,47,CWE-22_ILP-2b,CWE-22
Uncontrolled data used in path expression,Accessing paths influenced by users can allow an attacker to access unexpected resources.,error,"This path depends on a [[""user-provided value""|""relative:///syntactic_permutations_64/code_row_17.py:10:19:10:26""]].",/syntactic_permutations_64/code_row_17.py,11,22,11,58,64,CWE-434_UUF-1a,CWE-434
Uncontrolled data used in path expression,Accessing paths influenced by users can allow an attacker to access unexpected resources.,error,"This path depends on a [[""user-provided value""|""relative:///syntactic_permutations_46/code_row_18.py:4:9:4:12""]].",/syntactic_permutations_46/code_row_18.py,5,22,5,37,46,CWE-22_ILP-2a,CWE-22
Uncontrolled data used in path expression,Accessing paths influenced by users can allow an attacker to access unexpected resources.,error,"This path depends on a [[""user-provided value""|""relative:///syntactic_permutations_48/code_row_19.py:3:26:3:32""]].",/syntactic_permutations_48/code_row_19.py,13,17,13,59,48,CWE-22_ILP-2c,CWE-22
Uncontrolled data used in path expression,Accessing paths influenced by users can allow an attacker to access unexpected resources.,error,"This path depends on a [[""user-provided value""|""relative:///syntactic_permutations_64/code_row_19.py:1:26:1:32""]].",/syntactic_permutations_64/code_row_19.py,19,16,19,23,64,CWE-434_UUF-1a,CWE-434
Uncontrolled data used in path expression,Accessing paths influenced by users can allow an attacker to access unexpected resources.,error,"This path depends on a [[""user-provided value""|""relative:///syntactic_permutations_47/code_row_19.py:31:19:31:26""]].",/syntactic_permutations_47/code_row_19.py,33,22,33,41,47,CWE-22_ILP-2b,CWE-22
Uncontrolled data used in path expression,Accessing paths influenced by users can allow an attacker to access unexpected resources.,error,"This path depends on a [[""user-provided value""|""relative:///syntactic_permutations_71/code_row_2.py:1:26:1:32""]].",/syntactic_permutations_71/code_row_2.py,10,12,10,41,71,CWE-434_UUF-3b,CWE-434
Uncontrolled data used in path expression,Accessing paths influenced by users can allow an attacker to access unexpected resources.,error,"This path depends on a [[""user-provided value""|""relative:///syntactic_permutations_48/code_row_2.py:1:26:1:32""]].",/syntactic_permutations_48/code_row_2.py,11,16,11,24,48,CWE-22_ILP-2c,CWE-22
Uncontrolled data used in path expression,Accessing paths influenced by users can allow an attacker to access unexpected resources.,error,"This path depends on a [[""user-provided value""|""relative:///syntactic_permutations_65/code_row_20.py:1:43:1:49""]].",/syntactic_permutations_65/code_row_20.py,14,20,14,42,65,CWE-434_UUF-1b,CWE-434
Uncontrolled data used in path expression,Accessing paths influenced by users can allow an attacker to access unexpected resources.,error,"This path depends on a [[""user-provided value""|""relative:///syntactic_permutations_48/code_row_20.py:2:43:2:49""]].",/syntactic_permutations_48/code_row_20.py,9,17,9,39,48,CWE-22_ILP-2c,CWE-22
Uncontrolled data used in path expression,Accessing paths influenced by users can allow an attacker to access unexpected resources.,error,"This path depends on a [[""user-provided value""|""relative:///syntactic_permutations_48/code_row_21.py:3:42:3:48""]].",/syntactic_permutations_48/code_row_21.py,13,17,13,47,48,CWE-22_ILP-2c,CWE-22
Uncontrolled data used in path expression,Accessing paths influenced by users can allow an attacker to access unexpected resources.,error,"This path depends on a [[""user-provided value""|""relative:///syntactic_permutations_65/code_row_22.py:1:26:1:32""]].",/syntactic_permutations_65/code_row_22.py,15,23,15,48,65,CWE-434_UUF-1b,CWE-434
Uncontrolled data used in path expression,Accessing paths influenced by users can allow an attacker to access unexpected resources.,error,"This path depends on a [[""user-provided value""|""relative:///syntactic_permutations_65/code_row_26.py:1:26:1:32""]].",/syntactic_permutations_65/code_row_26.py,10,16,10,19,65,CWE-434_UUF-1b,CWE-434
Uncontrolled data used in path expression,Accessing paths influenced by users can allow an attacker to access unexpected resources.,error,"This path depends on a [[""user-provided value""|""relative:///syntactic_permutations_64/code_row_26.py:2:26:2:32""]].",/syntactic_permutations_64/code_row_26.py,20,19,20,26,64,CWE-434_UUF-1a,CWE-434
Uncontrolled data used in path expression,Accessing paths influenced by users can allow an attacker to access unexpected resources.,error,"This path depends on a [[""user-provided value""|""relative:///syntactic_permutations_66/code_row_3.py:2:26:2:32""]].",/syntactic_permutations_66/code_row_3.py,13,15,13,25,66,CWE-434_UUF-1c,CWE-434
Uncontrolled data used in path expression,Accessing paths influenced by users can allow an attacker to access unexpected resources.,error,"This path depends on a [[""user-provided value""|""relative:///syntactic_permutations_143/code_row_37.py:3:26:3:32""]].",/syntactic_permutations_143/code_row_37.py,17,19,17,37,143,CWE-89_SQI-1b,CWE-89
Uncontrolled data used in path expression,Accessing paths influenced by users can allow an attacker to access unexpected resources.,error,"This path depends on a [[""user-provided value""|""relative:///syntactic_permutations_48/code_row_4.py:3:26:3:32""]].",/syntactic_permutations_48/code_row_4.py,13,27,13,54,48,CWE-22_ILP-2c,CWE-22
Uncontrolled data used in path expression,Accessing paths influenced by users can allow an attacker to access unexpected resources.,error,"This path depends on a [[""user-provided value""|""relative:///syntactic_permutations_47/code_row_4.py:14:15:14:22""]].",/syntactic_permutations_47/code_row_4.py,15,26,15,45,47,CWE-22_ILP-2b,CWE-22
Uncontrolled data used in path expression,Accessing paths influenced by users can allow an attacker to access unexpected resources.,error,"This path depends on a [[""user-provided value""|""relative:///syntactic_permutations_71/code_row_4.py:1:26:1:32""]].",/syntactic_permutations_71/code_row_4.py,17,16,17,68,71,CWE-434_UUF-3b,CWE-434
Uncontrolled data used in path expression,Accessing paths influenced by users can allow an attacker to access unexpected resources.,error,"This path depends on a [[""user-provided value""|""relative:///syntactic_permutations_46/code_row_4.py:11:8:11:20""]].",/syntactic_permutations_46/code_row_4.py,13,20,13,35,46,CWE-22_ILP-2a,CWE-22
Uncontrolled data used in path expression,Accessing paths influenced by users can allow an attacker to access unexpected resources.,error,"This path depends on a [[""user-provided value""|""relative:///syntactic_permutations_48/code_row_5.py:1:26:1:32""]].",/syntactic_permutations_48/code_row_5.py,6,15,6,15,48,CWE-22_ILP-2c,CWE-22
Uncontrolled data used in path expression,Accessing paths influenced by users can allow an attacker to access unexpected resources.,error,"This path depends on a [[""user-provided value""|""relative:///syntactic_permutations_47/code_row_7.py:7:11:7:18""]].",/syntactic_permutations_47/code_row_7.py,9,22,9,41,47,CWE-22_ILP-2b,CWE-22
Uncontrolled data used in path expression,Accessing paths influenced by users can allow an attacker to access unexpected resources.,error,"This path depends on a [[""user-provided value""|""relative:///syntactic_permutations_69/code_row_8.py:3:26:3:32""]].",/syntactic_permutations_69/code_row_8.py,19,15,19,43,69,CWE-434_UUF-2c,CWE-434
Uncontrolled data used in path expression,Accessing paths influenced by users can allow an attacker to access unexpected resources.,error,"This path depends on a [[""user-provided value""|""relative:///syntactic_permutations_65/code_row_8.py:1:26:1:32""]].",/syntactic_permutations_65/code_row_8.py,21,19,21,29,65,CWE-434_UUF-1b,CWE-434
Uncontrolled data used in path expression,Accessing paths influenced by users can allow an attacker to access unexpected resources.,error,"This path depends on a [[""user-provided value""|""relative:///syntactic_permutations_46/code_row_8.py:1:26:1:32""]].",/syntactic_permutations_46/code_row_8.py,7,27,7,42,46,CWE-22_ILP-2a,CWE-22
Uncontrolled data used in path expression,Accessing paths influenced by users can allow an attacker to access unexpected resources.,error,"This path depends on a [[""user-provided value""|""relative:///syntactic_permutations_47/code_row_9.py:7:11:7:18""]].",/syntactic_permutations_47/code_row_9.py,11,26,11,45,47,CWE-22_ILP-2b,CWE-22
Uncontrolled data used in path expression,Accessing paths influenced by users can allow an attacker to access unexpected resources.,error,"This path depends on a [[""user-provided value""|""relative:///syntactic_permutations_46/code_row_9.py:1:26:1:32""]].",/syntactic_permutations_46/code_row_9.py,11,17,11,32,46,CWE-22_ILP-2a,CWE-22
Uncontrolled command line,Using externally controlled strings in a command line may allow a malicious user to change the meaning of the command.,error,"This command line depends on a [[""user-provided value""|""relative:///syntactic_permutations_113/code_row_15.py:2:26:2:32""]].",/syntactic_permutations_113/code_row_15.py,7,26,7,43,113,CWE-78_INS-2c,CWE-78
Uncontrolled command line,Using externally controlled strings in a command line may allow a malicious user to change the meaning of the command.,error,"This command line depends on a [[""user-provided value""|""relative:///syntactic_permutations_112/code_row_22.py:5:10:5:12""]].",/syntactic_permutations_112/code_row_22.py,6,22,6,33,112,CWE-78_INS-2b,CWE-78
Uncontrolled command line,Using externally controlled strings in a command line may allow a malicious user to change the meaning of the command.,error,"This command line depends on a [[""user-provided value""|""relative:///syntactic_permutations_111/code_row_23.py:9:10:9:12""]].",/syntactic_permutations_111/code_row_23.py,10,22,10,32,111,CWE-78_INS-2a,CWE-78
Uncontrolled command line,Using externally controlled strings in a command line may allow a malicious user to change the meaning of the command.,error,"This command line depends on a [[""user-provided value""|""relative:///syntactic_permutations_111/code_row_24.py:2:26:2:32""]].",/syntactic_permutations_111/code_row_24.py,7,19,7,30,111,CWE-78_INS-2a,CWE-78
Uncontrolled command line,Using externally controlled strings in a command line may allow a malicious user to change the meaning of the command.,error,"This command line depends on a [[""user-provided value""|""relative:///syntactic_permutations_113/code_row_25.py:3:25:3:31""]].",/syntactic_permutations_113/code_row_25.py,13,20,13,32,113,CWE-78_INS-2c,CWE-78
Reflected server-side cross-site scripting,Writing user input directly to a web page allows for a cross-site scripting vulnerability.,error,"Cross-site scripting vulnerability due to a [[""user-provided value""|""relative:///syntactic_permutations_41/code_row_0.py:2:23:2:29""]].",/syntactic_permutations_41/code_row_0.py,8,16,12,9,41,CWE-200_ESI-3b,CWE-200
Reflected server-side cross-site scripting,Writing user input directly to a web page allows for a cross-site scripting vulnerability.,error,"Cross-site scripting vulnerability due to a [[""user-provided value""|""relative:///syntactic_permutations_58/code_row_1.py:1:43:1:49""]].",/syntactic_permutations_58/code_row_1.py,47,20,47,71,58,CWE-306_MAC-3c,CWE-306
Reflected server-side cross-site scripting,Writing user input directly to a web page allows for a cross-site scripting vulnerability.,error,"Cross-site scripting vulnerability due to a [[""user-provided value""|""relative:///syntactic_permutations_143/code_row_10.py:2:26:2:32""]].",/syntactic_permutations_143/code_row_10.py,16,16,16,44,143,CWE-89_SQI-1b,CWE-89
Reflected server-side cross-site scripting,Writing user input directly to a web page allows for a cross-site scripting vulnerability.,error,"Cross-site scripting vulnerability due to a [[""user-provided value""|""relative:///syntactic_permutations_89/code_row_10.py:1:26:1:32""]].",/syntactic_permutations_89/code_row_10.py,21,12,21,50,89,CWE-502_DUD-3b,CWE-502
Reflected server-side cross-site scripting,Writing user input directly to a web page allows for a cross-site scripting vulnerability.,error,"Cross-site scripting vulnerability due to a [[""user-provided value""|""relative:///syntactic_permutations_146/code_row_11.py:2:26:2:32""]].",/syntactic_permutations_146/code_row_11.py,12,12,12,90,146,CWE-89_SQI-2b,CWE-89
Reflected server-side cross-site scripting,Writing user input directly to a web page allows for a cross-site scripting vulnerability.,error,"Cross-site scripting vulnerability due to a [[""user-provided value""|""relative:///syntactic_permutations_143/code_row_11.py:2:26:2:32""]].",/syntactic_permutations_143/code_row_11.py,25,20,25,76,143,CWE-89_SQI-1b,CWE-89
Reflected server-side cross-site scripting,Writing user input directly to a web page allows for a cross-site scripting vulnerability.,error,"Cross-site scripting vulnerability due to a [[""user-provided value""|""relative:///syntactic_permutations_57/code_row_12.py:1:26:1:32""]].",/syntactic_permutations_57/code_row_12.py,38,12,38,39,57,CWE-306_MAC-3b,CWE-306
Reflected server-side cross-site scripting,Writing user input directly to a web page allows for a cross-site scripting vulnerability.,error,"Cross-site scripting vulnerability due to a [[""user-provided value""|""relative:///syntactic_permutations_90/code_row_12.py:3:26:3:32""]].",/syntactic_permutations_90/code_row_12.py,23,12,23,74,90,CWE-502_DUD-3c,CWE-502
Reflected server-side cross-site scripting,Writing user input directly to a web page allows for a cross-site scripting vulnerability.,error,"Cross-site scripting vulnerability due to a [[""user-provided value""|""relative:///syntactic_permutations_39/code_row_13.py:1:26:1:32""]].",/syntactic_permutations_39/code_row_13.py,15,12,15,59,39,CWE-200_ESI-2c,CWE-200
Reflected server-side cross-site scripting,Writing user input directly to a web page allows for a cross-site scripting vulnerability.,error,"Cross-site scripting vulnerability due to a [[""user-provided value""|""relative:///syntactic_permutations_83/code_row_13.py:1:25:1:31""]].",/syntactic_permutations_83/code_row_13.py,6,20,6,39,83,CWE-502_DUD-1b,CWE-502
Reflected server-side cross-site scripting,Writing user input directly to a web page allows for a cross-site scripting vulnerability.,error,"Cross-site scripting vulnerability due to a [[""user-provided value""|""relative:///syntactic_permutations_33/code_row_13.py:11:26:11:28""]].",/syntactic_permutations_33/code_row_13.py,15,16,15,50,33,CWE-20_IIV-2b,CWE-20
Reflected server-side cross-site scripting,Writing user input directly to a web page allows for a cross-site scripting vulnerability.,error,"Cross-site scripting vulnerability due to a [[""user-provided value""|""relative:///syntactic_permutations_82/code_row_16.py:3:26:3:32""]].",/syntactic_permutations_82/code_row_16.py,19,12,19,36,82,CWE-502_DUD-1a,CWE-502
Reflected server-side cross-site scripting,Writing user input directly to a web page allows for a cross-site scripting vulnerability.,error,"Cross-site scripting vulnerability due to a [[""user-provided value""|""relative:///syntactic_permutations_41/code_row_17.py:2:26:2:32""]].",/syntactic_permutations_41/code_row_17.py,10,12,10,77,41,CWE-200_ESI-3b,CWE-200
Reflected server-side cross-site scripting,Writing user input directly to a web page allows for a cross-site scripting vulnerability.,error,"Cross-site scripting vulnerability due to a [[""user-provided value""|""relative:///syntactic_permutations_41/code_row_18.py:2:26:2:32""]].",/syntactic_permutations_41/code_row_18.py,8,12,8,57,41,CWE-200_ESI-3b,CWE-200
Reflected server-side cross-site scripting,Writing user input directly to a web page allows for a cross-site scripting vulnerability.,error,"Cross-site scripting vulnerability due to a [[""user-provided value""|""relative:///syntactic_permutations_33/code_row_18.py:1:26:1:32""]].",/syntactic_permutations_33/code_row_18.py,9,20,9,69,33,CWE-20_IIV-2b,CWE-20
Reflected server-side cross-site scripting,Writing user input directly to a web page allows for a cross-site scripting vulnerability.,error,"Cross-site scripting vulnerability due to a [[""user-provided value""|""relative:///syntactic_permutations_82/code_row_19.py:2:30:2:36""]].",/syntactic_permutations_82/code_row_19.py,13,16,13,19,82,CWE-502_DUD-1a,CWE-502
Reflected server-side cross-site scripting,Writing user input directly to a web page allows for a cross-site scripting vulnerability.,error,"Cross-site scripting vulnerability due to a [[""user-provided value""|""relative:///syntactic_permutations_58/code_row_19.py:1:26:1:32""]].",/syntactic_permutations_58/code_row_19.py,21,20,21,51,58,CWE-306_MAC-3c,CWE-306
Reflected server-side cross-site scripting,Writing user input directly to a web page allows for a cross-site scripting vulnerability.,error,"Cross-site scripting vulnerability due to a [[""user-provided value""|""relative:///syntactic_permutations_42/code_row_19.py:3:62:3:68""]].",/syntactic_permutations_42/code_row_19.py,19,12,19,48,42,CWE-200_ESI-3c,CWE-200
Reflected server-side cross-site scripting,Writing user input directly to a web page allows for a cross-site scripting vulnerability.,error,"Cross-site scripting vulnerability due to a [[""user-provided value""|""relative:///syntactic_permutations_112/code_row_2.py:9:10:9:12""]].",/syntactic_permutations_112/code_row_2.py,11,12,11,14,112,CWE-78_INS-2b,CWE-78
Reflected server-side cross-site scripting,Writing user input directly to a web page allows for a cross-site scripting vulnerability.,error,"Cross-site scripting vulnerability due to a [[""user-provided value""|""relative:///syntactic_permutations_84/code_row_2.py:3:26:3:32""]].",/syntactic_permutations_84/code_row_2.py,23,16,23,48,84,CWE-502_DUD-1c,CWE-502
Reflected server-side cross-site scripting,Writing user input directly to a web page allows for a cross-site scripting vulnerability.,error,"Cross-site scripting vulnerability due to a [[""user-provided value""|""relative:///syntactic_permutations_138/code_row_22.py:3:26:3:32""]].",/syntactic_permutations_138/code_row_22.py,13,12,13,33,138,CWE-798_UHC-2a,CWE-798
Reflected server-side cross-site scripting,Writing user input directly to a web page allows for a cross-site scripting vulnerability.,error,"Cross-site scripting vulnerability due to a [[""user-provided value""|""relative:///syntactic_permutations_87/code_row_24.py:3:26:3:32""]].",/syntactic_permutations_87/code_row_24.py,45,16,45,88,87,CWE-502_DUD-2c,CWE-502
Reflected server-side cross-site scripting,Writing user input directly to a web page allows for a cross-site scripting vulnerability.,error,"Cross-site scripting vulnerability due to a [[""user-provided value""|""relative:///syntactic_permutations_141/code_row_24.py:27:11:27:14""]].",/syntactic_permutations_141/code_row_24.py,29,12,29,27,141,CWE-798_UHC-3a,CWE-798
Reflected server-side cross-site scripting,Writing user input directly to a web page allows for a cross-site scripting vulnerability.,error,"Cross-site scripting vulnerability due to a [[""user-provided value""|""relative:///syntactic_permutations_89/code_row_25.py:1:26:1:32""]].",/syntactic_permutations_89/code_row_25.py,25,16,25,54,89,CWE-502_DUD-3b,CWE-502
Reflected server-side cross-site scripting,Writing user input directly to a web page allows for a cross-site scripting vulnerability.,error,"Cross-site scripting vulnerability due to a [[""user-provided value""|""relative:///syntactic_permutations_82/code_row_27.py:1:26:1:32""]].",/syntactic_permutations_82/code_row_27.py,9,12,9,23,82,CWE-502_DUD-1a,CWE-502
Reflected server-side cross-site scripting,Writing user input directly to a web page allows for a cross-site scripting vulnerability.,error,"Cross-site scripting vulnerability due to a [[""user-provided value""|""relative:///syntactic_permutations_138/code_row_27.py:2:26:2:32""]].",/syntactic_permutations_138/code_row_27.py,14,16,14,43,138,CWE-798_UHC-2a,CWE-798
Reflected server-side cross-site scripting,Writing user input directly to a web page allows for a cross-site scripting vulnerability.,error,"Cross-site scripting vulnerability due to a [[""user-provided value""|""relative:///syntactic_permutations_138/code_row_27.py:2:26:2:32""]].",/syntactic_permutations_138/code_row_27.py,16,16,16,47,138,CWE-798_UHC-2a,CWE-798
Reflected server-side cross-site scripting,Writing user input directly to a web page allows for a cross-site scripting vulnerability.,error,"Cross-site scripting vulnerability due to a [[""user-provided value""|""relative:///syntactic_permutations_53/code_row_28.py:43:10:43:17""]].",/syntactic_permutations_53/code_row_28.py,45,12,45,29,53,CWE-306_MAC-2a,CWE-306
Reflected server-side cross-site scripting,Writing user input directly to a web page allows for a cross-site scripting vulnerability.,error,"Cross-site scripting vulnerability due to a [[""user-provided value""|""relative:///syntactic_permutations_55/code_row_29.py:19:15:19:22""]].",/syntactic_permutations_55/code_row_29.py,20,12,20,34,55,CWE-306_MAC-2c,CWE-306
Reflected server-side cross-site scripting,Writing user input directly to a web page allows for a cross-site scripting vulnerability.,error,"Cross-site scripting vulnerability due to a [[""user-provided value""|""relative:///syntactic_permutations_32/code_row_3.py:5:30:5:32""]].",/syntactic_permutations_32/code_row_3.py,9,20,9,39,32,CWE-20_IIV-2b,CWE-20
Reflected server-side cross-site scripting,Writing user input directly to a web page allows for a cross-site scripting vulnerability.,error,"Cross-site scripting vulnerability due to a [[""user-provided value""|""relative:///syntactic_permutations_82/code_row_3.py:1:26:1:32""]].",/syntactic_permutations_82/code_row_3.py,11,16,11,27,82,CWE-502_DUD-1a,CWE-502
Reflected server-side cross-site scripting,Writing user input directly to a web page allows for a cross-site scripting vulnerability.,error,"Cross-site scripting vulnerability due to a [[""user-provided value""|""relative:///syntactic_permutations_83/code_row_3.py:3:26:3:32""]].",/syntactic_permutations_83/code_row_3.py,17,16,17,31,83,CWE-502_DUD-1b,CWE-502
Reflected server-side cross-site scripting,Writing user input directly to a web page allows for a cross-site scripting vulnerability.,error,"Cross-site scripting vulnerability due to a [[""user-provided value""|""relative:///syntactic_permutations_97/code_row_3.py:2:47:2:53""]].",/syntactic_permutations_97/code_row_3.py,32,20,32,61,97,CWE-522_IPC-3a,CWE-522
Reflected server-side cross-site scripting,Writing user input directly to a web page allows for a cross-site scripting vulnerability.,error,"Cross-site scripting vulnerability due to a [[""user-provided value""|""relative:///syntactic_permutations_97/code_row_3.py:2:47:2:53""]].",/syntactic_permutations_97/code_row_3.py,38,16,38,57,97,CWE-522_IPC-3a,CWE-522
Reflected server-side cross-site scripting,Writing user input directly to a web page allows for a cross-site scripting vulnerability.,error,"Cross-site scripting vulnerability due to a [[""user-provided value""|""relative:///syntactic_permutations_40/code_row_31.py:1:35:1:41""]].",/syntactic_permutations_40/code_row_31.py,24,12,24,68,40,CWE-200_ESI-3a,CWE-200
Reflected server-side cross-site scripting,Writing user input directly to a web page allows for a cross-site scripting vulnerability.,error,"Cross-site scripting vulnerability due to a [[""user-provided value""|""relative:///syntactic_permutations_55/code_row_32.py:13:19:13:26""]].",/syntactic_permutations_55/code_row_32.py,14,16,14,42,55,CWE-306_MAC-2c,CWE-306
Reflected server-side cross-site scripting,Writing user input directly to a web page allows for a cross-site scripting vulnerability.,error,"Cross-site scripting vulnerability due to a [[""user-provided value""|""relative:///syntactic_permutations_84/code_row_34.py:2:26:2:32""]].",/syntactic_permutations_84/code_row_34.py,11,12,11,58,84,CWE-502_DUD-1c,CWE-502
Reflected server-side cross-site scripting,Writing user input directly to a web page allows for a cross-site scripting vulnerability.,error,"Cross-site scripting vulnerability due to a [[""user-provided value""|""relative:///syntactic_permutations_150/code_row_34.py:48:10:48:13""]].",/syntactic_permutations_150/code_row_34.py,50,10,50,23,150,CWE-89_SQI-3c,CWE-89
Reflected server-side cross-site scripting,Writing user input directly to a web page allows for a cross-site scripting vulnerability.,error,"Cross-site scripting vulnerability due to a [[""user-provided value""|""relative:///syntactic_permutations_126/code_row_36.py:1:26:1:32""]].",/syntactic_permutations_126/code_row_36.py,10,12,10,20,126,CWE-79_INI-1a,CWE-79
Reflected server-side cross-site scripting,Writing user input directly to a web page allows for a cross-site scripting vulnerability.,error,"Cross-site scripting vulnerability due to a [[""user-provided value""|""relative:///syntactic_permutations_143/code_row_36.py:1:26:1:32""]].",/syntactic_permutations_143/code_row_36.py,23,16,23,69,143,CWE-89_SQI-1b,CWE-89
Reflected server-side cross-site scripting,Writing user input directly to a web page allows for a cross-site scripting vulnerability.,error,"Cross-site scripting vulnerability due to a [[""user-provided value""|""relative:///syntactic_permutations_143/code_row_38.py:3:26:3:32""]].",/syntactic_permutations_143/code_row_38.py,25,16,25,48,143,CWE-89_SQI-1b,CWE-89
Reflected server-side cross-site scripting,Writing user input directly to a web page allows for a cross-site scripting vulnerability.,error,"Cross-site scripting vulnerability due to a [[""user-provided value""|""relative:///syntactic_permutations_57/code_row_39.py:1:43:1:49""]].",/syntactic_permutations_57/code_row_39.py,27,20,27,72,57,CWE-306_MAC-3b,CWE-306
Reflected server-side cross-site scripting,Writing user input directly to a web page allows for a cross-site scripting vulnerability.,error,"Cross-site scripting vulnerability due to a [[""user-provided value""|""relative:///syntactic_permutations_91/code_row_4.py:2:26:2:32""]].",/syntactic_permutations_91/code_row_4.py,26,20,26,53,91,CWE-522_IPC-1a,CWE-522
Reflected server-side cross-site scripting,Writing user input directly to a web page allows for a cross-site scripting vulnerability.,error,"Cross-site scripting vulnerability due to a [[""user-provided value""|""relative:///syntactic_permutations_32/code_row_5.py:14:16:14:18""]].",/syntactic_permutations_32/code_row_5.py,15,12,15,36,32,CWE-20_IIV-2b,CWE-20
Reflected server-side cross-site scripting,Writing user input directly to a web page allows for a cross-site scripting vulnerability.,error,"Cross-site scripting vulnerability due to a [[""user-provided value""|""relative:///syntactic_permutations_83/code_row_5.py:3:25:3:31""]].",/syntactic_permutations_83/code_row_5.py,15,16,15,27,83,CWE-502_DUD-1b,CWE-502
Reflected server-side cross-site scripting,Writing user input directly to a web page allows for a cross-site scripting vulnerability.,error,"Cross-site scripting vulnerability due to a [[""user-provided value""|""relative:///syntactic_permutations_127/code_row_6.py:7:16:7:28""]].",/syntactic_permutations_127/code_row_6.py,8,12,8,38,127,CWE-79_INI-1b,CWE-79
Reflected server-side cross-site scripting,Writing user input directly to a web page allows for a cross-site scripting vulnerability.,error,"Cross-site scripting vulnerability due to a [[""user-provided value""|""relative:///syntactic_permutations_126/code_row_6.py:1:26:1:32""]].",/syntactic_permutations_126/code_row_6.py,19,30,19,38,126,CWE-79_INI-1a,CWE-79
Reflected server-side cross-site scripting,Writing user input directly to a web page allows for a cross-site scripting vulnerability.,error,"Cross-site scripting vulnerability due to a [[""user-provided value""|""relative:///syntactic_permutations_82/code_row_6.py:3:26:3:32""]].",/syntactic_permutations_82/code_row_6.py,17,12,17,23,82,CWE-502_DUD-1a,CWE-502
Reflected server-side cross-site scripting,Writing user input directly to a web page allows for a cross-site scripting vulnerability.,error,"Cross-site scripting vulnerability due to a [[""user-provided value""|""relative:///syntactic_permutations_82/code_row_7.py:1:26:1:32""]].",/syntactic_permutations_82/code_row_7.py,13,12,13,31,82,CWE-502_DUD-1a,CWE-502
Reflected server-side cross-site scripting,Writing user input directly to a web page allows for a cross-site scripting vulnerability.,error,"Cross-site scripting vulnerability due to a [[""user-provided value""|""relative:///syntactic_permutations_83/code_row_7.py:1:35:1:41""]].",/syntactic_permutations_83/code_row_7.py,11,16,11,37,83,CWE-502_DUD-1b,CWE-502
Reflected server-side cross-site scripting,Writing user input directly to a web page allows for a cross-site scripting vulnerability.,error,"Cross-site scripting vulnerability due to a [[""user-provided value""|""relative:///syntactic_permutations_84/code_row_8.py:2:26:2:32""]].",/syntactic_permutations_84/code_row_8.py,18,12,18,40,84,CWE-502_DUD-1c,CWE-502
Reflected server-side cross-site scripting,Writing user input directly to a web page allows for a cross-site scripting vulnerability.,error,"Cross-site scripting vulnerability due to a [[""user-provided value""|""relative:///syntactic_permutations_83/code_row_8.py:3:26:3:32""]].",/syntactic_permutations_83/code_row_8.py,15,16,15,27,83,CWE-502_DUD-1b,CWE-502
Reflected server-side cross-site scripting,Writing user input directly to a web page allows for a cross-site scripting vulnerability.,error,"Cross-site scripting vulnerability due to a [[""user-provided value""|""relative:///syntactic_permutations_65/code_row_8.py:1:26:1:32""]].",/syntactic_permutations_65/code_row_8.py,23,16,23,55,65,CWE-434_UUF-1b,CWE-434
Reflected server-side cross-site scripting,Writing user input directly to a web page allows for a cross-site scripting vulnerability.,error,"Cross-site scripting vulnerability due to a [[""user-provided value""|""relative:///syntactic_permutations_82/code_row_9.py:3:26:3:32""]].",/syntactic_permutations_82/code_row_9.py,23,12,23,15,82,CWE-502_DUD-1a,CWE-502
